ASN,Organization
209,Lumen AS209
701,Verizon
803,Saskatchewan Telecommunications
852,TELUS Communications
996,JY Mobile Communications
1136,KPN NL
1221,Telstra Corporation Ltd
1257,TELE2
1267,WINDTRE
1299,Arelion (Twelve99)
1378,Interbel Telephone Cooperative Inc.
1640,Thacker-Grigsby Communications
1729,Telia Company AB
1759,Telia Finland
1764,next layer
1767,Indiana Higher Education Telecommunication System (IHETS)
1820,Wnet Telecom USA
2027,MilkyWan
2119,Telenor Norway
2585,Optic Telecom LLC
2606,Wifiber.es
2609,Tunisie Telecom
2615,Bechtel
2731,Horizon Telcom
2732,Valliant Telephone Co INC
2840,Stiftelsen Goteborgs Studentbostader
2856,BTnet (BT's UK IP Network - AS2856)
3131,Tele-Media Solutions
3165,Przedsiebiorstwo Telekomunikacyjne LANET sp. z o.o.
3188,Alastyr Telekomunikasyon
3209,Vodafone Germany
3212,Telemach Slovenia
3215,Orange France
3216,VimpelCom
3249,Telia Eesti
3269,Telecom Italia S.p.a.
3300,British Telecom GIIB
3301,Telia Sweden
3302,Retelit S.p.A.
3303,Swisscom
3308,Telia Denmark
3320,Deutsche Telekom
3327,CITIC Telecom CPC Netherlands
3329,VODAFONE-PANAFON HELLENIC TELECOMMUNICATIONS COMPANY SA
3330,eww ag / ITandTEL AS3330
3339,FIBRAWORLD TELECOM S.A.U. AS3339
3352,Telefonica de España
3356,Lumen AS3356
3462,HiNet
3695,SPM TELECOM
3737,PenTeleData
3748,Electronics and Telecommunications Research Institute
3816,COLOMBIA TELECOMUNICACIONES S.A. ESP
3848,WorldLinx Telecommunications Inc.
3853,Whidbey Telephone Company
4058,CITIC Telecom International CPC Limited
4134,China Telecom
4181,TDS Telecom
4230,Claro
4497,Upsala Co-operative Telephone Association
4540,Sogetel
4581,Socket Telecom LLC
4637,Telstra (International)
4638,Telecom Fiji AS4638
4651,NT(CAT) IIG
4725,Softbank Corp. (former Japan Telecom)
4760,HKT Limited
4761,Indosat Ooredoo
4766,KT Corporation (Korea Telecom)
4775,Globe Telecom
4780,New Century InfoComm Tech Co.Ltd.
4782,Chunghwa Telecom Co. AS4782
4788,Telekom Malaysia Berhad (TM)
4800,Lintasarta
4804,Optus Internet
4808,China Unicom Beijing Province Network
4809,China Telecom / CN2
4811,China Telecom (Group)
4812,China Telecom (Group)
4816,CHINANET-IDC-GD
4817,SIMBA Telecom
4821,Sinergi Semesta Telematika
4835,China Telecom (Group)
4837,China Unicom
4922,Shentel Service Company
4983,Intel Corporation
5391,Croatian Telecom
5400,BT
5410,Bouygues Telecom ISP
5416,Batelco
5425,Primetel PLC
5432,Proximus
5467,MIPT-Telecom
5483,Magyar Telekom plc.
5518,Telia Latvija SIA
5523,CREDO-TELECOM
5547,Orient-Telecom
5573,PJSC Rostelecom
5588,T-Mobile CZ AS5588
5602,Retelit S.p.A. (formerly KPNQwest Italia)
5603,Telekom Slovenije
5606,GTS Telecom
5607,Sky Broadband
5617,Orange Polska - TPNET
5639,Telecommunication Services of Trinidad and Tobago
5713,Telkom SA
6057,ANTEL
6058,Northwestel Inc.
6147,Telefonica Del Perú
6181,Cincinnati Bell Telephone
6306,Telefonica Venezolana C.A.
6327,Shaw Cablesystems
6368,Northwestern Indiana Telephone Co.
6400,Claro Dominicana
6407,Primus Telecommunications Canada Inc
6412,Zajil International Telecom Company K.S.C.C
6471,entel Chile Servicios Fijos
6503,Axtel S.A.B. de C.V.
6535,Telmex Servicios Empresariales AS6535
6559,State of NC - State Telecommunications Services
6568,Entel S.A. - EntelNet
6580,Golden West Telecommunications
6648,Bayan Telecommunications Inc.
6663,Türk Telekom International
6697,Beltelecom
6700,BeotelNet-ISP
6703,PRIVATE JOINT-STOCK COMPANY 'FARLEP-INVEST'
6713,MAROC TELECOM
6730,Sunrise GmbH
6752,ANDORRA TELECOM
6758,Monaco Telecom
6762,Telecom Italia Sparkle
6768,EUROTELE-PLUS
6769,Kertinis valstybes telekomunikaciju centras
6775,Fink Telecom Services GmbH
6794,HRT - Croatian Radio Television
6805,Telefónica Germany GmbH & Co. OHG
6810,Bezeq
6821,Makedonski Telekom
6823,3C1B Telekom
6828,
6848,Telenet
6849,Ukrtelecom
6855,Slovak Telekom/T-Mobile CZ
7004,CTC Transmisiones Regionales S.A.
7015,Comcast - New England
7057,MNSI Telecom
7063,LESTE FLU SERVIÇOS DE TELECOM
7303,TELECOM ARGENTINA
7418,Movistar ISP
7438,Telefonica Mexico (Movistar)
7474,SingTel Optus
7516,Tohoku Intelligent Telecommunication
7545,TPG Telecom
7552,Viettel
7602,Saigon Postel Corp.
7616,JasTel Network
7643,Vietnam Posts and Telecommunications (VNPT)
7713,Telekomunikasi Indonesia Int (TELIN)
7727,HONDUTEL (Honduras)
7794,Execulink Telecom
7849,Crocker Communications Inc
7922,Comcast
7925,West Virginia Network for Educational Telecomputing
8014,Bahamas Telecommunications Company LTD.
8103,Florida Department of Management Services - Division of Telecommunications
8134,up.net
8151,Uninet S.A. de C.V.
8163,Metrotel SA ESP
8193,'Uzbektelekom' Joint Stock Company
8194,LVRTC Network
8234,RAI-AS
8242,Apex Telecom Ltd.
8244,TELECOM ITALIA SPARKLE S.p.A.
8251,NFX z.s.p.o. (FreeTel s.r.o.)
8280,Synapsecom Telecoms S.A.
8301,Gibraltar Telecom
8304,Ecritel
8334,LLC SETEL
8345,JSC 'ER-Telecom Holding'
8346,SONATEL DAKAR
8359,Mobile TeleSystems PJSC
8368,DSTNY
8374,Polkomtel
8375,Telehouse Deutschland GmbH
8393,ASTEL JSC
8395,East Telecom Ltd.
8400,TSSRB - Telekom Srbija
8402,Corbina Telecom
8410,NIR-AS
8412,Magenta Telekom
8414,International Telecommunication Union
8422,NetCologne
8427,Joint Stock Company TransTeleCom
8443,PJSC Rostelecom
8447,A1 Telekom Austria AG
8452,Telecom Egypt
8487,Phibee Telecom
8529,Zain Omantel International
8544,PrimeTel Telecom
8562,A1 Telekom Austria AG
8570,PJSC Rostelecom
8580,MTS PJSC
8585,Crnogorski Telekom a.d.Podgorica
8601,Telnet Ltd
8615,Central Telegraph
8661,Posta dhe telekomi i Kosoves
8675,PJSC Rostelecom
8697,Jordan Telecommunications
8711,JSC Avantel
8717,A1 BG EAD
8720,Aspan telecom
8732,COMCOR
8753,Mediateleset Ltd.
8764,Telia Lietuva AB
8767,M-net
8781,Ooredoo Qatar
8814,Aztelekom LLC
8821,WWZ Telekom
8847,Telecomm Technology
8881,1&1 Versatel Deutschland
8887,TESATEL s.r.o.
8926,Moldtelecom
8966,Etisalat
9000,Eser Telekom Sanayi ve Ticaret A.S.
9038,Umniah Mobile Company
9049,ER-Telecom
9066,EWE TEL SO
9110,'AMT GROUP TELECOM' Limited Liability Company
9121,Turk Telekom
9125,Orion Telekom
9145,EWE TEL
9146,BHTelecom
9158,Telenor Denmark
9198,Kazakhtelecom
9205,'SATELIT SERVIS' Ltd
9231,China Mobile Hong Kong
9246,GTA/Teleguam Holdings LLC
9249,Telecom Vanuatu
9299,Philippine Long Distance Company
9318,SK Broadband
9329,Sri Lanka Telecom
9336,Spirit Telecom Limited Backbone
9341,Indonesia Comnets Plus AS9341
9444,PCCW Mobile
9498,Bharti Airtel Limited
9506,Singtel Fibre Broadband
9519,Vertical Telecoms Pty Ltd
9614,OCT
9644,SKTELECOM-NET-AS-KR
9658,Eastern Telecommunications Philippines Inc.
9664,AUK Telecom(SG)
9674,Far EastTone Telecommunication Co. Ltd.
9694,Seokyung Cable Television Company
9751,AMERICAN SAMOA TELECOMMUNICATIONS AUTHORITY
9781,GCS-AS-KR-KR
9808,China Mobile Communications Group Co. Ltd.
9829,National Internet Backbone India
9848,Sejong Telecom
9873,LAOTELECOM
9889,Two Degrees Mobile Limited
9908,Hong Kong Cable Television Limited
9924,Taiwan Fixed Network
9931,NT(CAT) Corporate Internet
9934,Mongolia Telecom
9988,Myanma Posts and Telecommunications (MPT)
10002,Igaueno Cable Television Co.Ltd.
10003,Ogaki Cable Television
10024,LGA Telecom Pte Ltd
10031,WEBSATMEDIA PTE LTD Satellite Over IP Singapore
10094,Unified National Networks
10118,Hutchison Telecommunications Hong Kong Holdings Limited
10131,Telecom Cook Islands
10132,Towngas Telecommunications Fixed Network Limited
10143,Exetel Pty Ltd
10225,Nettlinx
10269,Belize Telemedia
10279,West Carolina Communications
10423,STELLAR Broadband
10429,TELEFÔNICA BRASIL AS10429
10430,Washington State K-20 Telecommunications Network
10620,Telmex Colombia S.A.
10704,Microlink Telecom
10750,Mark Twain Rural Telephone
10821,PIONEERINTERNET
10834,Telefonica Empresas
11014,CPS
11061,Antelecom Inc.
11067,PTSINET
11081,United Telecommunication Services UTS
11084,Huron Telecommunications Cooperative
11090,Matanuska Telecom Association
11172,Alestra
11183,Mount Horeb Telephone Co
11259,Angola Telecom
11272,C Spire Fiber
11367,WORLDNETPR
11432,Telium Telecomunicações Ltda
11722,Westelcom Networks
11727,Bruce Telecom
11749,Smart City Telecom AS11749
11814,Distributel Communications Limited
11815,Cooperativa Telefónica de Villa Gobernador Gálvez
11830,ICE (Costa Rica)
11844,EMPRESA CATARINENSE DE TECNOLOGIA EM TEL
11845,Vox Telecom
11888,Televisión Internacional SA de CV AS11888
11915,TelePacific Communications AS11915
11918,Diallog Telecommunications
11949,COZAD TELEPHONE COMPANY
11961,Mid-Rivers Telephone Cooperative
11992,Liberty Mobile Puerto Rico Inc.
12033,Adams TelSystems Inc.
12056,Yucca Telecom
12127,Telefonica Moviles El Salvador S.A. de C.V.
12150,COTELCAM
12297,TELECOM ARMENIA
12302,Vodafone Romania
12312,ecotel communication ag
12332,PJSC Rostelecom
12334,R Cable y Telecable Telecomunicaciones S.A.U.
12338,EUSKALTEL S.A.
12355,HeLi NET Telekommunikation
12357,COMUNITEL
12360,KEVAG Telekom GmbH
12361,
12365,Sarkor Telecom
12372,Cubic Telecom Limited
12380,PJSC Rostelecom
12389,Rostelecom
12392,Brutele SC / Voo
12444,TELNET TELEKOM HIZMETLERI ANONIM SIRKETI
12455,Telkom Kenya
12479,Orange Spain
12486,TeleYemen
12491,Gilat Telecom
12494,OOO 'Post ltd'
12616,Citytelecom LLC
12668,MiraLogic Telecommunication Systems
12683,PJSC Rostelecom
12688,Joint Stock Company TransTeleCom
12693,e.discom Telekommunikation GmbH
12730,PJSC Rostelecom
12762,VTG
12768,JSC 'ER-Telecom Holding'
12777,Eser Telekom Sanayi ve Ticaret A.S.
12796,Telecommunication Company Varna
12843,TelemaxX
12844,Bouygues Telecom
12846,PJSC Rostelecom
12847,Latvijas Mobilais Telefons AS12847
12850,Retelit S.p.A. (formerly Enter)
12861,Vestel Elektronik Sanayi ve Ticaret A.S.
12874,Fastweb
12880,TIC AS12880
12886,LEW TelNet
12912,T-Mobile Polska
12926,Ar Telecom PT
12929,Telia Norge (mobile)
12946,R Cable y Telecable Telecomunicaciones S.A.U.
12958,T2 Russia Network
12975,Palestinian Telecommunications
12997,Kyrgyztelecom
13022,Streams Telecommunicationsservices GmbH
13036,T-Mobile CZ AS13036
13046,ISKON INTERNET
13056,PJSC Rostelecom
13099,'AZ-EVRO TEL' LLC
13118,PJSC Rostelecom
13122,Manx Telecom
13126,Satellite Mediaport Services Ltd.
13147,NetInfo AD
13156,Cabovisao televisao por cabovisao sa
13208,Newtel
13259,Delta Telesystems Ltd.
13357,Irati Telecomunicações Ltda.
13370,LocalTel Communications
13388,Egyptian Telephone
13489,TigoUne
13585,PowerVT SA
13682,TELECOMUNICACIONES DE GUATEMALA SOCIEDAD ANONIMA
13765,Nedelco
14080,Telmex Colombia
14090,North Dakota Telephone Co.
14117,Telefonica del Sur
14155,Rural Telephone Service Co
14178,Megacable Comunicaciones de Mexico
14232,Telpin - Cooperativa Telefonica Pinamar Ltda.
14265,TelePacific Communications
14282,PERSIS TELECOM
14288,Smart City Telecom AS14288
14457,ACESSOLINE TELECOMUNICAÇÕES LTDA
14559,Ballard Rural Telephone Cooperative Corporation Inc.
14569,Intellipop LLC
14703,MARQUETTE-ADAMS TELEPHONE COOPERATIVE INC.
14750,Sierra Tel Internet
14754,Telgua
14813,BB-COLUMBUS
14860,Smartcom Telephone
14868,Ligga Telecomunicações S.A.
14988,Botswana Telecommunications Corporation
15129,Geneseo Communications Services
15165,Mutual Telephone Company
15195,Alhambra-Grantfork Telephone Company
15204,INTERSTATE TELECOMMUNICATIONS COOPERATIVE INC.
15311,Telefonica Empresas Network
15321,Groupe Maskatel
15335,KAPLAN TELEPHONE COMPANY INC.
15378,T2 North-West
15389,Telefonverkid
15397,TelenorMontenegro
15433,Telecom Italia San Marino
15466,Defensie Telematica Organisatie
15468,PJSC Rostelecom
15557,SFR Group
15595,Skyline Telecom
15599,Avantel Neftejugansk
15617,Nova Telecommunications & Media Single Member S.A
15659,NextGenTel
15672,OOO Telecom TZ
15673,Teleseti Plus
15706,Sudatel Telecom Group
15736,'Mobile Business Solutions' MBS LLP
15751,Meteor Mobile Communications Limited
15759,PJSC Rostelecom
15763,DOKOM21
15796,SALT MOBILE
15802,du
15808,AccessKenya Group
15824,A1 Telekom Austria AG
15868,Nalchik-Telecom Ltd
15897,Vodafone Telekomunikasyon A.S.
15934,PJSC Rostelecom
15943,wilhelm.tel
15964,CAMTEL
15974,Volgatranstelecom
15997,Intelligent Technologies
16058,Gabon Telecom
16097,HLkomm
16154,Telecoms Ltd.
16202,PŸUR - Mitte
16223,Columbus AS16223
16227,Vip Line Telecom Ltd.
16229,Primetel PLC
16232,Telecom Italia S.p.A.
16236,Stellantis Auto SAS
16281,Utelisys Communications B.V.
16285,Joint Stock Company TransTeleCom
16345,BEE
16381,Osterreichischer Automobil Motorrad und Touringclub (OAMTC) Verband
16413,Telebermuda International Limited
16504,Granite Telecommunications
16524,MetTel
16527,Guadalupe Valley Telephone Cooperative
16531,Protel i-Next
16589,
16591,Google Fiber Inc.
16604,HUNTEL.NET
16629,CTCCORP
16696,iTel Networks Inc
16708,Telcom Systems LLC
16717,CRAWKANINTERNET
16728,Mattel Inc.
16814,IPLAN Telecomunicaciones - NSS S.A.
16863,Home Telecom
16934,Leaco Rural Telephone
16942,Citizens Telephone Cooperative
16954,Three River Telco
17069,Cotel Argentina
17072,TOTAL PLAY TELECOMUNICACIONES AS17072
17079,Telemovil El Salvador S.A.
17133,T-Mobile USA Inc.
17143,Winn Telecom
17203,Beresford Municipal Telephone Company
17356,Vermont Telephone
17380,Project Mutual Telephone Cooperative Association Inc.
17385,Orbitel Communications LLC
17400,MSTELCOM SARL
17408,Chief
17421,Mobile Business Group
17465,Asianet Satellite Communications Ltd
17469,Access Telecom
17470,Etisalat Lanka
17477,Macquarie Telecom
17483,City Online services Limited
17494,Bangladesh Telecommunications
17501,Worldlink Communications
17554,CITIC-HK-AP
17557,PTCL
17621,China Unicom Shanghai Network
17623,China Unicom Shenzen network
17660,Bhutan Telecom Ltd
17709,FarEasTone Telecom
17726,Telecom Cambodia
17771,Southern Online Bio Technologies Limited
17806,Mango Teleservices Limited
17813,Mahanagar Telephone Nigam Limited
17853,LGTELECOM
17885,XLSmart AS17885
17911,Brain Telecommunication
17917,Quadrant Televentures
17924,SmarTone Mobile Communications
17936,Cable  Television  Kani Co.Inc.
17968,Daqing zhongji petroleum telecommunication construction limited cpmpany
18004,SMARTFREN TELECOM Tbk
18024,BT ACCESS
18025,BT DC
18042,Koos Broadband Telecom
18092,Q-shu Tele Communications
18126,Chubu Telecommunications Co.Inc. (ctc)
18187,Source Telecoms
18199,Link Telecom (NZ) Limited
18209,Atria Convergence Technologies
18214,Telus International
18233,PT&T
18302,SK Telecom
18390,Spin Internet Services
18399,Yatanarpon Teleport ASN 18399
18403,FPT Telecom
18490,VIRTELA-NET-VTXDAL1
18491,VIRTELA-NET-VILCHI1
18734,Bestel
18780,Reservation Telephone Coop.
18785,Santel Communications Cooperative Inc.
18881,TELEFÔNICA BRASIL AS18881
18914,ETS TELECOM
18943,YELCOT TELEPHONE COMPANY
18988,City West Cable & Telephone
19058,Illinois Rural Telecommunication Co.
19112,New Lisbon Telephone Co.
19114,Otecel
19180,Americatel Perú
19182,TELEFÔNICA BRASIL AS19182
19201,Eastex Telephone Cooperative
19212,Piedmont Rural Telephone Cooperative Incorporated
19218,Midvale Telephone Exchange
19331,Twin Lakes
19332,Marcatel COM
19420,West Wisconsin Telcom Cooperative Inc
19422,Telefonica Moviles del Uruguay
19465,Gosfield North Communications Co-operative
19471,Central Arkansas Telephone Cooperative Inc.
19523,BH TELECOM
19605,3 Rivers Telephone Cooperative Inc.
19627,South Canaan Telephone Company of PA
19635,Sandhill Telephone Cooperative
19752,Hydro One Telecom
19830,RTC-RINGGOLD-GA
19863,Guyana Telephone & Telegraph Co.
19881,Valley Telecom
19889,Telviso Argentina
19939,Beaver Creek Telephone Company
19955,Pineland Telephone Cooperative Inc.
19970,R&R Managed Telecom Services
19990,ZetaNET Telecom
20002,Telstar S.A.
20018,Moapa Valley Telephone
20030,Artelco
20058,Totelcom Communications LLC
20115,Charter Communications
20135,Millennium Telcom LLC
20222,Plant Telephone Company
20257,Farmers Telephone Cooperative
20260,Sawtel Inc
20283,CONSOLIDATED TELEPHONE AS 20283
20295,Filer Mutual Telephone Company
20300,Woodstock Telephone Company
20436,Prairie Grove Telephone Co.
20477,Randolph Telephone Company
20485,TransTelecom
20634,Telecom Liechtenstein AG
20661,State Company of Electro Communications Turkmentelecom
20686,Bisping & Bisping GmbH & Co. KG
20714,Merlin-Telekom
20746,Telecom Italia S.p.A.
20776,Outremer Telecom SAS
20804,EXATEL SA
20807,JSC 'ER-Telecom Holding'
20845,DIGI Ltd
20870,Joint Stock Company TransTeleCom
20880,PŸUR - Nord
20886,bn:t Blatzheim Networks Telecom
20895,'Yuzhniy TELECOM' ltd.
20932,SIG Telecom
20960,TKTelekom
20978,TT Mobil Iletisim Hizmetleri A.S
21001,NETKA TELEKOM
21003,General Post and Telecommunication Company (GPTC)
21013,eww ag / ITandTEL
21017,PJSC Rostelecom
21032,TELTA Citynetz GmbH
21050,Fast Telecommunications Company
21127,Joint Stock Company TransTeleCom
21191,Joint Stock Company TransTeleCom
21193,CTTI-XTEC
21243,Polkomtel Sp. z o.o.
21246,Ipko Telecommunication
21263,TeleData GmbH
21271,SOTELMA
21277,Newroz Telecom
21283,A1 Slovenija
21299,Beeline Kazakhstan
21305,IP TelCom LLC
21310,Satellite Ltd
21351,Canal+ Telecom
21353,JSC 'ER-Telecom Holding'
21360,Empirion Telekommunikations Services GmbH
21378,PJSC Rostelecom
21391,Algerian Broadcasting (Tele Diffusion d'Algerie TDA)
21413,envia TEL
21438,Joint Stock Company TransTeleCom
21446,SOTEL
21450,HOT Mobile Ltd.
21479,PJSC Rostelecom
21487,PJSC Rostelecom
21491,Uganda Telecom
21555,LAUREL HIGHLAND TELEPHONE COMPANY
21565,Horry Telephone Cooperative Inc.
21574,CENTURY TELECOM
21575,ENTEL PERU S.A.
21713,BULLOCH
21730,Halstad Telephone Company
21766,Ben Lomand Connect
21779,Harlan Community Television Inc.
21782,Plateau Telecommunications
21826,Corporación Telemic Network
21921,New Hope Telephone Cooperative
21928,T-Mobile USA
22056,Sitel
22110,Ligtel Communications Inc.
22324,XTEL
22346,Newroads Telecom
22351,INTELSAT
22353,Taylor Telephone Cooperative Inc.
22363,Powerhouse Management Inc.
22368,TELEBUCARAMANGA S.A. E.S.P.
22381,Megatelecom Telecomunicacoes
22423,Altima Telecom
22431,ABASE Telecom
22464,Northeast Louisiana Telephone Company Inc.
22501,Cooperativa Telefonica Carlos Tejedor
22561,LightCore a CenturyTel Co.
22573,Northwestel
22639,Cooptel Coop de Telecommunication
22689,Internet by Sercomtel
22706,MAZA Global Carrier
22746,Lincoln County Telephone System Inc.
22800,IRVINE COMMUNITY TELEVISION
22884,TOTAL PLAY TELECOMUNICACIONES AS22884
22925,Allied Telecom Group
22927,Telefonica de Argentina
23031,TELECU AS23031
23155,HARRISONVILLE TELEPHONE
23242,LLC 'City-Telekom'
23308,Utility Telephone Inc.
23418,The Darien Telephone Co. Inc.
23481,Hill Country Telephone Cooperative Inc.
23539,Tel-Star Communications Of Florida Inc.
23611,
23624,Chukai Cable Television System Operator
23666,SISTELINDO MITRALINTAS
23673,Cogetel Ltd Online ISP Cambodia
23674,Nayatel
23688,Link3 Technologies Limited
23693,Telekomunikasi Selular
23724,IDC China Telecommunications Corporation
23752,Nepal Telecom
23764,CTGNet
23805,Watarase Television
23856,SPTEL AS23856
23888,National Telecommunication Corporation HQ
23889,Mauritius Telecom Ltd
23953,ARTHA TELEKOMINDO
23966,LINKdotNET Telecom
23969,NT Broadband ISP
24086,Viettel Corporation
24122,BDCOM Online
24138,China Tietong
24157,
24158,Taiwan Mobile Co. Ltd.
24186,Railtel Corporation Of India
24202,PT. PASIFIKTEL INDOTAMA
24203,XLSmart AS24203
24212,JASNITA TELEKOMINDO
24259,kanuma cable television Corporation
24337,Best Telecom
24400,Shanghai Mobile Communications Co.Ltd.
24444,Shandong Mobile Communication Company Limited
24445,Henan Mobile Communications Co.Ltd
24479,Yurika Ergon Energy Telecommunications
24499,Telenor Pakistan
24516,Virtutel
24530,PT. Power Telecom
24535,Insan Sarana Telematika
24545,HKTEL
24547,Hebei Mobile Communication Company Limited
24559,G-Mobile
24560,Bharti Airtel Ltd. Telemedia Services
24589,Telenet SIA
24626,Joint Stock Company TransTeleCom
24645,CSC Telecom
24651,Balticom
24663,COMPLAT-TELECOM
24689,Rosintel
24691,Togocom
24699,PJSC Rostelecom
24739,Severen-Telecom
24744,SiNET Telecom s.r.o.
24757,Ethio Telecom
24810,TELESET KAZAN
24872,MAGNUS NG LLC
24921,Latvijas Mobilais Telefons AS24921
24945,Telecommunication Company Vinteleport Ltd.
24978,Telenec Telekommunikation Neustadt GmbH
25019,Saudi Telecom Company (STC SAUDINET)
25082,Viner Telecom LLC
25093,Ceska Sporitelna a.s.
25106,Mobile TeleSystems
25117,Bouygues Telecom Business-Distribution
25135,Vodafone UK Packet Backbone
25141,Teleradiocompany Soniko-Svyaz Ltd
25144,'Telekomunikacije Republike Srpske' akcionarsko drustvo Banja Luka
25145,Teknotel Telekom
25159,SONICDUO
25227,Avantel Moscow
25229,Volia
25250,Gamtel Co.
25299,Kompeatelecom Ltd.
25328,HEP-TELEKOMUNIKACIJE
25355,Intelecom
25369,Hydra Communications Ltd (EU)
25386,Inter-Telecom LLC
25400,Telia Norge
25446,JSC 'ER-Telecom Holding'
25447,JM-DATA Telekom GmbH
25472,WIND HELLAS TELECOMMUNICATIONS
25474,OKB-TELECOM JSC
25490,PJSC Rostelecom
25512,CD-Telematika a.s.
25513,MGTS
25515,PJSC Rostelecom
25520,JSC 'Futures Telecom'
25531,PJSC Rostelecom
25543,ONATEL (Office National des Telecommunications PTT)
25548,SCS-Telecom
25549,JSC Avantel
25592,NETIS Telecom LLC
25637,The Park Region Mutual Telephone Co
25671,Wholesale Air-time
25769,Garden Valley Telephone Company
25830,Blue Valley Tele-communications Inc.
25853,Ellijay Telephone Company
25880,Public joint-stock company 'RUTELEKOM'
25892,VTX Telecom
25933,Vogel Telecom
25943,Intelliwave
25950,Beggs Telephone Company Inc.
26088,Inland Telephone Company
26104,Telespazio Brasil S.A.
26123,Independence Telecommunications Utility
26400,IAMO Telephone Company
26472,Mosaic Telecom
26599,TELEFÔNICA BRASIL AS26599
26609,Universal Telecom Ltda.
26703,Kalona Cooperative Telephone Company
26724,The North-Eastern Pennsylvania Telephone Company
26727,Brandenburg Telephone Company
26744,Planters Rural Telephone Cooperative
26747,Phillips County Telephone Company
26760,Southern Kansas Telephone Co. Inc.
26860,SWIFTEL COMMUNICATIONS
26932,BRAVO TELECOM
27221,Ardmore Telephone Company Inc
27284,FOURPLEX-ASN
27294,RTC Reserve Telecommunications
27419,Big River Telephone Company LLC
27425,IdeaTek Telcom
27539,West River Telecommunications Cooperative
27648,TELECOMUNICACIONES BANTEL C.A.
27650,EMTEL S.A. E.S.P.
27651,entel MPLS
27660,Curacao Telecom
27672,SERVICIO Y EQUIPO EN TELEFONÍA INTERNET Y TV S.A. DE C.V.
27680,TELEFONICA MOVIL DE CHILE S.A.
27695,UNE EPM TELECOMUNICACIONES S.A.
27699,TELEFÔNICA BRASIL AS27699
27708,GCA Telecom
27717,Corporacion Digitel AS27717
27720,Citta Telecom
27725,Empresa de Telecomunicaciones de Cuba S.A
27738,Ecuadortelecom
27742,Amnet Telecomunicaciones
27745,Telefonia Bonairiano N.V.
27747,Telecentro
27757,CORPORACION NACIONAL DE TELECOMUNICACIONES CNT EP
27763,ANDITEL S.A.S.
27775,TeleSur Suriname
27792,Wiltel Comunicaciones
27813,Teledifusora
27864,Telmex Colombia S.A.
27877,Cooperativa Telefónica de Capitán Bermúdez
27879,Informática y Telecomunicaciones S.A.
27882,Telefónica Celular de Bolivia
27887,WIND Telecom S.A.
27889,Telecomunicaciones MOVILNET
27895,Núcleo S.A. PY
27923,COMPAÑIA DE TELEVISION VIA SATELITE
27925,entel PCS
27932,Reytel
27935,Cooperativa de provicion de servicios telefonicos La Lonja Ltda
27947,Telconet Ecuador
27948,27948
27950,Cooperativa Telefonica Benavidez Ltda
27960,Coop. de Obras y Serv. Púb. Ltda. de Río Tercero
27976,Coop. de Servicios Públicos de Morteros
27979,Stel Chile
27984,TeleRed
27986,entel IP Internacional
27988,Servicios y Telecomunicaciones
28006,CNT EP
28009,Da.Vi.Tel. S.A.
28024,Nuevatel PCS de Bolivia
28036,Telefonia Celular de Nicaragua SA.
28048,Internet Para Todos
28051,Villa Flandria
28066,Cooperativa Telefonica Mariano Acosta
28126,Brisanet Servicos de Telecomunicacoes
28130,Certto Telecomunicações
28131,NET.COM PROVEDOR DE INTERNET
28132,Tri Telecom
28138,SCW Telecom
28140,Maxiweb Internet Provider
28142,DIGITAL DESIGN SERVIÇOS DE TELECOMUNICAÇÕES
28144,G3 Telecom
28145,RLINE Telecom
28146,Mhnet Telecom
28151,Datora Telecomunicações Ltda.
28154,AR TELECOM PROVEDOR DE INTERNET
28158,Ampernet Telecom
28166,Telecom South America
28171,S.O. DO BRASIL
28173,Dinâmica Telecom
28178,NWI Telecom
28181,MASTER TELECOM LTDA ME
28184,Interjato Serviços de Telecomunicações
28186,ITS Telecomunicações
28187,Stratus Telecomunicacoes
28191,Jupiter Telecom
28198,Sempre Internet
28201,VALENET
28207,Teleon Telecomunicacoes Ltda
28212,Coprel Telecom - 28212
28213,LCI Telecom
28219,NetRosas Telecom
28223,Linca Telecomunicações
28224,CPNET Com. e Serv. Telecomunicações Ltda
28225,Provedornet Telecom. e Serviços de Internet Ltda
28226,Avvio Telecom
28227,NOVACIA TECNOLOGIA E TELECOMUNICACOES
28234,Wireless Telecom
28240,VIP - SERVIÇOS DE TELECOMUNICAÇÕES LTDA.
28250,Telbrax
28252,WorldNet Telecom
28264,ADLLink Telecom
28267,IMAXXTELECOM
28270,Multiplay Telecom
28272,CEW SERVIÇOS E TELECOMUNICAÇOES LTDA
28277,VMAX
28279,Telgo Telecom
28283,Adyl Telecom - AS28283
28285,Beltrãonet Telecomunicações
28292,Engeplus Telecom
28296,Acessa Telecomunicações Ltda
28305,LGTEL61 INTERNET
28306,Voluy Telecom
28308,ORION TELECOMUNICAÇÕES COM E SERV
28309,WGO TELECOM
28310,
28323,VIPRede Telecomunicações
28326,Total Telecom
28330,IFTNET-TELECOM
28334,PROCESS TELECOM
28335,MAXCOMM
28343,Unifique Telecomunicações
28359,ZAAZ PROVEDOR DE INTERNET E TELECOMUNICACOES S.A
28360,WKVE Telecom
28366,Marinter Telecom
28368,SOBRAL TELECOMUNICACOES LTDA
28370,3AX Telecom
28378,TV Rey de Occidente
28394,Bicentel SA de CV (C3ntro Telecom)
28398,INTERNET TELEFONIA Y TV DE MICHOACAN SA DE CV
28414,TOTAL PLAY TELECOMUNICACIONES SA DE CV
28428,INTERPHONET TELECOM SA DE CV
28432,Telecable del Mineral
28439,Mediared Telecomunicaciones S.A de C.V.
28445,TECNOLOGIA EN TELECOMUNICACIONES DEL CENTRO S.A. DE C.V
28453,GK TELECOMUNICACIONES
28458,IENTC Telecom Mexico
28481,SERVICIO Y EQUIPO EN TELEFONÍA INTERNET Y TV S.A. DE C.V.
28509,izzi telecom (AS28509)
28512,Cablemas Telecomunicaciones SA de CV
28516,Cablemas Telecomunicaciones SA de CV
28523,Television Internacional S.A. de C.V.
28525,Television Internacional S.A. de C.V.
28530,Mexico Red de Telecomunicaciones S. de R.L. de C.V.
28531,Mexico Red de Telecomunicaciones S. de R.L. de C.V.
28532,Mexico Red de Telecomunicaciones S. de R.L. de C.V.
28533,Mexico Red de Telecomunicaciones S. de R.L. de C.V.
28534,Mexico Red de Telecomunicaciones S. de R.L. de C.V.
28535,Mexico Red de Telecomunicaciones S. de R.L. de C.V.
28536,Mexico Red de Telecomunicaciones S. de R.L. de C.V.
28537,Mexico Red de Telecomunicaciones S. de R.L. de C.V.
28538,Cablemas Telecomunicaciones SA de CV
28544,Mexico Red de Telecomunicaciones S. de R.L. de C.V.
28545,izzi telecom (AS28545)
28548,izzi telecom (AS28548)
28554,izzi telecom (AS28554)
28555,Cablemas Telecomunicaciones SA de CV
28556,Cablemas Telecomunicaciones SA de CV
28557,Cablemas Telecomunicaciones SA de CV
28573,Claro S.A. (NET)
28577,AZEVEDO E FLORIANI TELECOMUNICAÇÕES
28587,RadNet Telecom
28591,MCM TELECOM
28599,Italnet Telecomunicações Ltda
28613,HUGHES TELECOMUNICACOES DO BRASIL LTDA.
28615,Televisao Cidade S/A (SIMTV)
28618,Linktel Telecomunicacoes
28620,WI - Provedor de Telecomunicações Ltda.
28621,NetOeste Telecomunicações Ltda
28624,Oops Telecom
28636,CDI Telecom
28640,VIPWAY Telecom
28644,Brasilsite Telecomunicações
28652,Telecomunicações Nordeste Ltda.
28654,Axtelecom Telecomunicações LTDA
28676,WITCOM
28685,RoutIT B.V.
28716,Retelit Spa
28745,Joint Stock Company TransTeleCom
28746,TELCOROUTE TELEKOMUNIKASYON A.S.
28769,Joint Stock Company TransTeleCom
28775,OOO TRANSTELECOM
28787,Baku Telephone Communication LLC
28840,PJSC 'TATTELECOM'
28852,Telefonaktiebolaget L M Ericsson
28885,OmanTel NAP
28890,INSYS LLC
28891,City Telecom
28910,Uzbektelekom
28964,Orion Telekom Tim d.o.o.Beograd
28968,EUT
28994,Sitel Ltd
29003,IP TELECOM Portugal
29013,Link Telecom Ukraine AS29013
29030,Telekabel AD
29031,Lugansk Telephone Company
29036,NOTARTEL S.p.A. - SOCIETA' INFORMATICA DEL NOTARIATO - SOCIETA' BENEFIT
29049,Delta Telecom
29056,Citycom Telekommunikation
29061,Saimanet Telecomunications
29069,PJSC Rostelecom
29072,Regional Digital Telecommunication Company LLC
29124,Seven Sky
29137,Eutelsat S.A.
29186,LLC Rivne Telecom
29196,LLC 'INZHENERNYE SETI - TELEKOM'
29208,Quantcom
29226,Mastertel
29238,Nisatel
29247,Cosmote Mobile Telecommunications S.A.
29256,INT-PDN-STE-AS
29259,IABG TELEPORT GmbH
29276,MOBITEL GPRS
29286,Eutelsat - Skylogic
29287,Wien Energie GmbH
29357,Ooredoo Kuwait (Wataniya Telecom)
29388,ASN-BESTCOM
29399,Ramtek
29420,PJSC Promtelecom
29422,Nebula Oy
29449,ip telecom
29456,PJSC Rostelecom
29485,AMIS Telekom d.o.o.
29544,Mauritanian Telecommunication Company
29555,JSC Altel
29614,Telecel Ghana
29644,Airspeed Telecom
29664,FLAG TELECOM UK LIMITED
29695,Lyse Tele AS
29744,United Telephone Mutual Aid Corporation
29866,OpticalTel
29894,SCRTC
29900,GLENWOOD TELEPHONE
29968,Dunkirk & Fredonia Telephone Company
29974,Wightman Telecom
30029,Dobson Technologies
30041,Race Telecommunications LLC
30072,Wes-Tex Telecommunications LTD
30119,Plumas Sierra Telecommunications
30174,United Telephone Association
30263,Cal-Ore Telephone
30325,SSTC NET
30341,South Central Telephone Association
30530,Farmers Mutual Telephone Company
30619,Telecomunicacoes de Mocambique
30666,Xchange Telecom Corp.
30722,Vodafone Italy
30733,JSC 'Globus-Telecom'
30742,Bremen Briteline GmbH
30767,JSC Tagil Telecom
30784,Iskratelecom
30838,Jerzy Krempa 'Telpol' PPMUE
30844,Liquid Intelligent Technologies
30855,Tele-plus LLC
30902,Moasese Gostaresh Etelaat Va Ertebatat Farhangi Neda Rayaneh
30916,Primetel PLC
30975,Telewizja Kablowa Koszalin
30982,CAFE Informatique et telecommunications
30987,Eritrea Telecommunication Service corporation (EriTel)
30990,Djibouti Telecom
30999,Emtel
31028,Novoe Kabelnoe Television Ltd.
31083,Telepoint
31117,Energotel
31122,Viatel Ireland
31126,SODETEL S.A.L.
31143,COSMOS TV
31200,Novotelecom (NTK)
31203,Sharq Telekom
31213,PJSC MegaFon
31257,Orion Telecom
31261,GARS Telecom
31275,Telecom-Service
31277,New Line Telecom
31313,STS
31336,MITU TELECOM LLC
31363,JSC 'ER-Telecom Holding'
31364,Joint Stock Company TransTeleCom
31376,Smart Telecom
31404,LYCATEL DISTRIBUTION UK LIMITED
31409,SelTelecom-Net
31412,STOWARZYSZENIE MILOSNIKOW TELEWIZJI SATELITARNEJ ASTRAL
31430,TC TEL CENTER AS31430
31499,MOTIV
31512,OJSC 'Telecommunications FEZ Nakhodka'
31514,
31525,Satti Telecom LLC
31549,RASANA
31615,Odido AS31615
31626,OOO 'ZVI Telecom'
31685,TOV Teleradiocompany 'TIM'
31705,Europaischen Organisation fuer die Nutzung Meteorologischen Satelliten (Eumetsat)
31721,Azercell Telecom
31726,Telefiber
31841,NEW KNOXVILLE TELEPHONE COMPANY
31996,Zoom Telcom LLC
32012,HD Telecom Inc.
32040,Trenton Telephone Company
32204,KPU Telecom
32264,KMTELECOM
32277,TBayTel
32473,EHTEL
32513,BATTELLE MEMORIAL INSTITUTE
32624,TELSTAR1 INTERNET SERVICES
32703,Intelligent Fiber Network
32758,TotelCSI
32800,Moundridge Telephone Co.
32845,Tel-Star Communications Inc
32890,Beehive Telephone Company
33003,The Tri-County Telephone Association Inc.
33038,XIT Rural Telephone Cooperative Inc.
33059,Momentum Telecom AS33059
33130,Internet Access Solutions Ltd.
33247,Coastal Telco Services
33339,Nemont
33362,Wikstrom Telephone Company
33392,Dauphin Telecom
33556,Home Telephone Co.
33567,Econet Telecom Lesotho (PTY) LTD
33604,Burlington Telecom
33647,Yadkin Valley Telephone
33728,Unitel Inc
33749,ATMC
33765,TTCL Corporation
33779,Wataniya Telecom Algerie
33788,Canar Telecommunications Corporation Limited (Canartel)
33823,Gemenii Network
33835,Infosat Telecom
33842,Cross Tel
33871,Norilsk-Telecom JSC
33904,Limited Liability Company 'Telcomnet'
33911,TENNET TELECOM SRL
33915,Vodafone Libertel B.V.
33922,Nacionalinis Telekomunikaciju Tinklas
33977,Banat Telecom Satelit
33986,Redder Telco
34042,MT-Telecom LLC
34060,SC TELECOMUNICATII CFR SA
34066,Telappliant
34087,NTE Bredbånd AS
34137,PJSC Rostelecom
34150,JSC 'ER-Telecom Holding'
34156,DB Systel GmbH
34168,PJSC Rostelecom
34170,Aztelekom
34205,PJSC Rostelecom
34223,N-REGION
34232,
34244,Teleservice Bredband Skåne AB
34263,MPY Telecom Oy
34265,SilverTelecom
34267,PJSC Rostelecom
34279,Teletrans SA
34285,Sociedad Andaluza para el Desarrollo de las Telecomunicaciones S.A. Medio Propio
34290,Union Europeenne de Radio-Television
34304,TeenTelecom
34306,SOCIETE REUNIONNAISE DU RADIOTELEPHONE SCS
34352,MSN Telecom LLC
34359,Link Telecom Ukraine AS34359
34376,Telecom Group Ltd
34383,Teloise
34391,PARITEL OPERATEUR SAS
34393,Systel Systemy Teleinformatyczne Sp. z o.o.
34421,Telecom Media Systems LLC
34467,JSC Telephone Company 'Sotcom'
34470,PortTelekom LLC
34533,JSC 'ER-Telecom Holding'
34547,Telesmart Telekom
34557,Tacom
34584,PJSC Rostelecom
34590,JSC 'ER-Telecom Holding'
34594,Optima telekom
34619,CIZGI TELEKOMUNIKASYON ANONIM SIRKETI
34659,Bouygues Telecom Pro KEYYO
34683,TELKEA-TELECOM
34703,LTD Pokrovsky radiotelefon
34704,VOIP Telecom SAS
34709,JSC RACE TELECOM
34718,TEXNOPROSISTEM
34723,RNT
34743,NASHNET
34772,Neotel
34779,T-2 d.o.o.
34858,Telezon-Seti LLC
34892,PJSC Rostelecom
34896,Vostoktelecom Telephone Company Limited Liability Company
34937,Stowarzyszenie Olawska Telewizja Kablowa
34974,PJSC Rostelecom. Kamchatka branch
34977,PROCONO
34984,Superonline
35000,JSC SEVEREN-TELECOM
35005,VilTel LTD
35025,AO Teleconnect
35063,Chopin Telewizja Kablowa
35087,NTSI Telecom Ltd
35091,Teledata Ghana
35125,PJSC Rostelecom. Smolensk branch
35140,JSC RACE TELECOM
35154,PJSC Rostelecom
35177,PJSC Rostelecom
35184,IC Telecom
35199,ENFORMATEL
35200,iTalk Affliate Telecommunications Ltd
35239,LLC Balttelecom
35244,PŸUR - Sued
35261,Core Telecom S.R.L.
35283,NETWORTH TELECOM
35311,PR-TELECOM Zrt.
35352,UKRTELEBUD
35359,ADR TEL s.p.a.
35370,Ainet Telekommunikations-Netzwerk
35401,AO 'Tele-Service Tula'
35516,PJSC Rostelecom
35527,AlfaTEL OOO
35549,Metronet telekomunikacije d.d.
35566,Kar-Tel LLC
35567,DASTO semtel d.o.o.
35568,Nuetel Communications
35588,Telecompany LiS LTD
35699,Adamo Telecom Iberia S.A
35723,Transport Telecommunication Company LLC
35725,TELEKOM ROMANIA MOBILE COMMUNICATIONS S.A.
35753,Integrated Telecom (ITC) - Saudi Arabia
35765,Gemeindewerke Telfs GmbH
35768,Iris-tel ltd
35807,SkyNet SPB
35810,BIG TELECOM
35819,Etihad Etisalat Company (Mobily)
35871,Reynolds Communications
35894,Northern Arkansas Telephone Company
35911,Telebec
36103,CentraCom
36105,Big Bend Telephone Company Inc.
36149,Hawaiian Telcom
36165,ITM TELECOM
36305,The Albany Mutual Telephone Association
36374,Stellar Association
36468,Intelligent Technical Solutions
36487,Consolidated Telephone Company
36545,Bledsoe Telephone Cooperative Corporation
36549,WestTel Ltd.
36599,SoftEther Telecommunication Research Institute LLC
36728,Emery Telcom
36827,PINE BELT TELEPHONE
36865,Teledata Mozambique
36866,Jamii Telecommunications
36873,Airtel Networks Nigeria
36881,Multitel Servicos de Telecomunicacoes
36884,Wana Corporate (AS36884)
36902,Intelvision
36903,Office National des Postes et Telecommunications ONPT (Maroc Telecom) / IAM
36913,TELEKOM NETWORKS MALAWI LTD
36915,Echotel International Kenya
36925,Meditelecom
36926,Airtel Networks Kenya
36930,Zanzibar Telecom
36937,Liquid Telecom SA
36939,Comores Telecom
36947,Algeria Telecom
36955,Matrix Telecoms
36969,Malawi Telecommunications
36996,Telecom Namibia
36998,Zain
36999,Telecom Namibia
37006,Liquid Telecommunication Rwanda Limited
37009,Mobile Telecommunications Ltd
37020,Airtel DRC AS37020
37032,Alink Telecom Ghana
37054,TELMA
37069,The Egyptian Company for Mobile Services (Mobinil)
37075,Airtel Uganda
37076,EMTS NIGERIA
37090,ISOCEL SA
37110,Moztel LDA
37119,Unitel SA
37123,Telecontract Pvt Ltd
37133,Airtel Tanzania
37154,ZAMTEL
37184,Powertel Communications
37190,ATLANTIQUE TELECOM (MOOV CI)
37196,Sudatel Senegal
37203,Liberia Telecommunications Corporation (libtelco)
37204,Telone Zimbabwe
37205,Atlantique Telecom Niger
37229,Atlantique Telecom Togo
37233,ORG-ON2-AFRINIC
37248,Phase3 Telecom
37292,Omnium des Telecom et de l'Internet (OTI Telecom)
37294,TELEKOM NETWORKS MALAWI
37303,Airtel Madagascar
37333,Comtel Communications
37342,Movitel
37343,Telecom Seychelles Limited
37356,OTEL Telecoms
37371,Hormuud Telecom Somalia
37385,SONITEL
37430,VDC Telecom
37440,Airtel Malawi
37451,Congo Telecom
37455,Bharat Telecom Ltd
37457,Telkom Internet
37472,Nigerian Communications Satellite
37473,Telesom
37475,
37508,MATTEL
37517,CV Telecom
37526,TELECEL FASO
37529,Gestor de Infraestructuras de Telecomunicaciones de Guinea Ecuatorial
37531,Airtel Niger
37550,airtelcg
37563,SOMTEL INTERNATIONAL
37566,ICONA for IT and Telecom
37571,ITM DR Congo
37575,UNITEL T Telecomunicacoes Sociedade Unipessoal S.A.
37586,ONATEL
37605,I-WORLD NETWORKS
37616,Airtel Gabon
37622,Mahanagar Telephone (Mauritius)
37673,Telemasters
37677,Societe Congolaise des Postes et Telecommunications (SCPT)
37908,KIBI Cable Television
38009,Telikom PNG
38019,tianjin Mobile Communication Company Limited
38040,NT(TOT) IIG
38067,Radiant telecommunications
38077,Timor Telecom
38156,Union Routelink Communication
38186,Forewin Telecom Group Limited
38203,ADN Telecom Ltd.
38209,Camintel
38210,Ranks Telecom Limited
38235,MekongNet
38247,Vietnamobile Telecommunications Joint Stock Company
38253,Hanoi Telecom JSC
38264,Wateen Telecom
38278,ORIENT TELECOMS
38315,GAZI COMMUNICATIONS A TELEPORT OPERATOR
38466,U Mobile
38526,Pemerintah Kota Yogyakarta
38611,Bendigo Telco
38623,Viettel (Cambodia) Pte. Ltd.
38628,HIMEJI CABLE TELEVISION CORPORATION
38712,Telnet Communication Limited
38731,Vietel - CHT Compamy Ltd
38732,CMC Telecom Infrastructure Company
38733,CMC Telecom Infrastructure Company
38750,TELEMEDIA DINAMIKA SARANA [AS38750]
38914,Deutsche Telekom MMS GmbH
38917,INTERCOMTEL Limited Company
38949,Trestel SK
38951,TKT-AS
38958,Alfa Telecom Ltd.
38987,Spoldzielnia Telekomunikacyjna OST
38999,Mobile Interim Company no.2 sal
39010,TerraNet
39028,JSC 'ER-Telecom Holding'
39032,East Telecom
39042,LLC Global Telecom Co
39045,Gazprom telecom LLC
39065,SOHONET
39068,Main Telecom LLC
39089,Ugletelecom - AS39089
39097,Maintel Europe Limited
39101,Piter-telecom Ltd.
39102,SatTel Corporation Ltd
39128,IT LUX TELECOM Ltd.
39153,Setel
39156,First Telecom Ltd
39180,LASOTEL
39190,Ahmad Mahmoud Hassan trading as Nour El Houda Trading & Telecommunications
39273,Kalaam Telecom Bahrain
39279,Serviciul Tehnologia Informației și Securitate Cibernetică
39280,UltelNET-AS
39375,Telekomunikacja Podlasie
39407,PJSC Rostelecom
39434,Optika Telecom
39435,JSC 'ER-Telecom Holding'
39477,
39505,Vestitel
39543,TENNET TELECOM
39586,NPP Saturn Telecom Ltd.
39699,Lounea Palvelut
39735,'Permtelecom' Ltd
39737,Prime Telecom
39791,Telco Pro Services a. s.
39808,Fontel
39812,KAMENSKTEL
39824,JSC Alma Telecommunications
39835,goetel
39869,Sitel sp. z o.o.
39886,STELOGY
39891,Saudi Telecom Company JSC
39908,Daughter Company Television Systems 'KVANT' of PrJSC 'Atomservice'
39927,E-Light-Telecom
39944,3U Telecom Inc
40020,Farmers Telecommunications Cooperative Inc.
40076,DOVETEL COMMUNICATIONS LLC.
40230,Columbus Telephone Company
40237,United Telephone Company
40285,NORTHLAND-CABLE
40564,Vocom International Telecommunication INC
40837,Goldfield Telephone Company LLC
40983,PE First Telecommunication Company
41102,ZR-Telecom plus Ltd.
41106,My Telecom Ltd.
41110,DSLmobil GmbH
41123,Gorodskie Telekommunikatsionnye Sistemy LLC
41134,PJSC Rostelecom
41164,GET Norway
41165,UNTC
41177,PE Viktor Tele-Video Servis
41190,CJSC IDEATELECOM
41202,Unitel Uzbekistan
41206,United Telecom Zrt.
41272,MOSELLE TELECOM
41275,Lovitel LLC
41307,Telepark Passau GmbH
41313,Novatel
41327,Fiber Telecom (FT)
41329,Sky Mobile
41330,T2 Novosibirsk
41334,MANCHE TELECOM
41338,ROCKTEL LLC
41341,Joint Stock Company TransTeleCom
41397,Redes Digitales de Telecomunicacion en Internet SL
41403,JSC 'ER-Telecom Holding'
41421,Starnet Telecom Sp. z o.o.
41465,Limited Liability Company VolgoGazTelecom
41513,PP SkyTeleNet
41557,Drustvo za telekomunikaciski uslugi TELEKABEL DOOEL Stip
41560,UGMK-Telecom LLC
41601,NEO Print Ltd
41616,Teleservis-plus LLC
41625,Express Teleservice Corp
41661,JSC 'ER-Telecom Holding'
41668,JSC 'ER-Telecom Holding'
41682,JSC 'ER-Telecom Holding'
41691,National Telecom
41727,JSC 'ER-Telecom Holding'
41738,Cellfie Mobile LLC
41754,JSC 'ER-Telecom Holding'
41777,Telewizja Polsat Sp. z o.o.
41786,JSC 'ER-Telecom Holding'
41789,LLC Teledyne Systems Limited
41790,Teleaudio
41798,Transtelecom Kazakhstan
41802,Kvidex-Telecom
41813,LLC ONLINETELECOM
41843,JSC 'ER-Telecom Holding'
41844,'Urban Mobility Center' EAD
41877,Railway Telecom Ltd
41901,TELELINK BUSINESS SERVICES EAD
41925,IZET-Chelyabinsk
41953,TELEPLUS
41959,PLJ TELECOM
41967,Sumski Telecom Systems Ltd
42003,OGERONET
42020,LibanTelecom
42039,Stowarzyszenie 'Telewizja Teofilow B'
42057,GIPTEL LLC
42060,feratel media technologies AG
42061,LINZ STROM GAS WAERME GmbH fuer Energiedienstleistungen und Telekommunikation
42065,ZAO ElectronTelecom
42083,Guneydogu Telekom
42085,Telconet Switzerland
42116,JSC 'ER-Telecom Holding'
42147,correos
42148,Beirel Telecom LLC
42149,Servis Telecom Ltd.
42238,Bospor-Telecom LLC
42269,LLC ACME TELECOM
42277,Limited liability company Kursktelecom
42343,Karjaan Puhelin Oy
42362,PJSC Rostelecom
42396,Telesystems of Ukraine
42397,Bunea TELECOM SRL
42437,T2 Rostov-on-Don
42517,Schiphol Telematics B.V.
42521,ARCTIC TELECOM Limited Liability Company
42530,TOV 'Telecommunication company 'Plazma'
42548,PJSC Rostelecom
42560,Telemach BH d.o.o. Sarajevo
42581,Inform Communications Ltd.
42610,Rostelecom MRB Moscow
42644,VIRTUAL TELECOM SP. Z O.O.
42682,JSC 'ER-Telecom Holding'
42683,JSC 'ER-Telecom Holding'
42739,HAWE TELEKOM
42764,Arpitel
42770,Kar-Tel LLC
42781,Zajil International Telecom Company KSCC
42786,SC Dynamic Telecom SRL
42807,CIZGI TELEKOMUNIKASYON ANONIM SIRKETI
42808,VIRTELA-NET-VNLAMS1
42811,Herault Telecom SAS
42841,ANTIK Telecom
42845,Bretagne Telecom
42846,GNET Internet Telekomunikasyon A.S.
42897,Telnet LLC
42908,Nordic Telecom
42914,IMPERIUM-AS
42947,SkynetLink Informatica y Redes
42961,Zain KW
43020,OPTIC-TELECOM LTD
43034,Cimos d.d. Avtomobilska Industrija
43061,Stelkom d.o.o.
43103,ONE TELECOM ltd
43123,SIA Lexico Telecom LTD
43132,PJSC Rostelecom
43149,Rocket Telecom Center LLC
43197,TT mobile
43201,Telematika LLC
43228,SimpleTelecom LLC
43237,CONVEX TELEPHONY
43244,TELNET Sp. z o.o.
43274,Teleradiocompany Teleos-1 Ltd
43284,IWB
43297,VDS-Telecom
43306,Music Television LLC
43314,JSC 'ER-Telecom Holding'
43320,VKTelekom
43321,Satelcom-Service Ltd.
43328,LLC 'INZHENERNYE SETI - TELEKOM'
43355,UPL TELECOM
43370,OBIT-KZ-AS
43372,TELNAP TELECOM
43376,DOTRO Telecom
43400,NEO-TELEKOM Ltd
43409,SKP 'Kyivteleservis'
43413,NEW TELEKOM spol. s r.o.
43452,TELENET KOM DOO
43478,JSC 'ER-Telecom Holding'
43529,Vidanet Cabletelevision Provider
43530,Limited Liability Company Irtelcom
43533,Gals Telecom
43550,JSC Avantel
43567,ug-tele.com
43574,PJSC Rostelecom
43576,KuMIR TELECOM
43598,Export Telecom LLC
43605,Severo-Eniseysk-Telecom LLC
43655,SENER Mobility S.A.
43656,ПКП Телерадиокомпания Интертелеком
43670,New Telecommunication Company Ltd.
43698,Ariege Telecom
43727,KVANT-TELECOM
43728,TELESET+ Ltd
43747,TELEVALENTIN S.L
43811,Telia Lietuva AB
43833,Open Cable Telecomunicaciones S.L.
43843,BrianTel
43885,INSTAL MATEL
43886,UTEL Ltd
43940,Drustvo za telekomunikacije 'MTEL' DOO
43957,WNT Telecommunication
43991,Voronezh Telecom LLC
44021,Drustvo za telekomunikaciski uslugi TELEKABEL DOOEL Stip
44030,OtradnoeNet
44118,BalkanTel DOO
44123,Telavox
44244,Iran Cell Service and Communication Company
44265,OOO Smoltelecom
44309,ET 'Satelit TM - Anton Simeonov'
44356,Epsilon
44397,OJSC 'Minsk Television Information Networks'
44405,Sistemy Telekommunikatsiy i Svyazi Ltd.
44416,Satellite Net Service
44417,JSC Neotelecom
44429,MXTel Ltd.
44442,The Borough of Telford and Wrekin Council
44443,LLC Inovatsiyni Telekomunikatsii
44507,Kostroma Municipal Telephone Network
44540,Kartel Ltd.
44546,ALFA TELECOM s.r.o.
44547,NETUNDWEB TELEKOMUNIKASYON
44565,VITAL TEKNOLOJI TELEKOMUNIKASYON BILGISAYAR HIZMETLERI VE SANAYI TICARET LTD SIRKETI
44572,LTD ParmaTel
44604,JSC KVANT-TELEKOM
44622,Telecom Plus Mosinter
44664,M-TEL
44692,Domtel Telecom
44746,Satellithuset i Limmared
44776,Reist Telecom AG
44811,JSC Avantel
44814,Bulgartel
44832,AlphaPhone Telekommunikations GmbH
44834,Pozitiv Telecom Ltd.
44837,ELS Telecom
44851,BG Retel AS
44927,Telecom MPK
44941,ZAO Astrakhan Digital Television
44943,Ramtel
44963,Stavtelecom LLC
44988,KovrovTelecom Ltd.
45046,OOO Isatel
45143,SINGTEL MOBILE INTERNET SERVICE PROVIDER Singapore
45250,Vocom AP
45313,Dinas Perhubungankomunikasi informasi dan Telematika -NAD
45325,PT PC24 Telekomunikasi Indonesia
45326,Broad Band Telecom Services Ltd (BBTS)
45355,Digicel Fiji
45356,Mobitel Sri Lanka
45461,TeleNet
45543,Saigontourist Cable Television Company Limited
45557,VNTT
45558,Myanma Posts and Telecommunications
45588,Bangladesh Telecommunication Company Limited(BTCL)
45595,Pakistan Telecom Company Limited
45607,Bangladesh Telecommunications Company Limited (BTCL) Nationwide PSTN Operator and Data and Internet Service Provider.
45609,Bharti Airtel Ltd. AS for GPRS Service
45629,Jastel Network Co.LTD (Thailand)
45648,Bell Teleservices India Pvt Ltd
45669,Mobilink
45687,MCT Japan
45706,Tele Globe Global PT
45758,TripleT Broadband(AIS|3BB)
45820,Tata Teleservices
45884,RVR Digital Infrastructures
45891,Solomon Telekom Co Ltd
45899,VNPT
45916,Gujarat Telelink
45925,Teletalk Bangladesh
46026,BATAM BINTAN TELEKOMUNIKASI PT
46063,GTNET-AS-ID
46154,Farmers Mutual Telephone Company
46217,Apogee Telecom Inc.
46375,Sonic Telecom (Sonic.net Inc.)
46445,TELPAGE
46455,NetworkLubbock
46576,Loews Hotels at Universal Orlando
46632,Southwest Arkansas Telephone Coop
46690,Southern New England Telephone Company and SNET America Inc.
46694,South Plains Telephone Cooperative Inc.
46760,DRURYHOTELS
46892,Winnebago Cooperative Telecom Association
46957,Medicine Park Telephone Company
47116,Intellihome
47119,VL-Telecom Ltd
47123,MEDNAUTILUS
47141,Lit-Tel LLC
47159,Celldomolki Kabeltelevizio Kft.
47202,LAZER TELECOMUNICACOES S.A.
47206,Societe Francaise Du Radiotelephone - SFR SA
47216,Ettelaat Fanavarn-E Tookan Co Ltd
47217,Planetel
47237,NUR Telecom Bishkek
47241,Joint Stock Company TransTeleCom
47253,BCI Telecommunication & Advanced Technology Company
47256,Olimp-Telecom26 LLC
47258,Premier Group Companies Telecom
47266,Telecompany Energy LLC
47282,
47288,FIXNET TELEKOM LTD. STI.
47297,Telekommunikation Lindau GmbH
47332,
47349,Teleradiocompany Bytradiotehnika Ltd.
47394,Albanian Satellite Communications
47418,LLS Regional TeleSystems
47440,Business System Telecom
47441,TRUNK MOBILE
47530,Novokuznetsk Telecom Ltd
47531,OskolTelecom
47588,TEL COMMUNICATIONS L.L.C.
47655,LINKINTEL
47688,Fastic
47702,Discovery
47719,Switch Telecom Lebanon
47726,INFOBOX
47747,TeleTower
47755,Tempus Telecom
47794,Etihad Atheeb Telecom
47806,TeleCondado S.L.
47826,BENTELER Business Services GmbH
47845,Tiger-Telecom
47873,Telecom V1 Ltd.
47883,KIBRIS MOBILE TELEKOMUNIKASYON LTD.
47887,Neu Telecom and Technologies (Damamax)
47898,PAN-Telecom
47909,Baikal-Telecom Ltd.
47914,IP-Home
47939,TDV 'Teleradio company 'Yalta' LLC
47954,Alpha Net Telecom Ltd
47955,OOO KTS-Telecom
47959,Telinea d.o.o.
47996,Kommunikatsyi Stels Ltd.
48019,Terra-Telecom LLC
48043,Ozyorsk Telecom CJSC.
48044,Rostelecom Information Technologies LTd
48045,TOV 'Flagman Telecom'
48065,Syriatel Mobile Telecom
48078,Dagomys Telecom
48081,TeleRadioCompany GOK LTD
48092,T2 Nizhny Novgorod
48120,Flash Telecom LLC
48129,IRBIS-TELECOMMUNICATIONS-AS
48147,Amin IDC
48149,Ivanteevskie telecommunicacii Ltd
48159,TIC AS48159
48166,Fortex-Telecom
48190,T2 Ekaterinburg
48225,JSC Telsi
48243,
48249,Capital Telecom
48260,TELEWEB bvba
48271,CJSC 'TELECOMMUNICATIONS COMPANY 'DUN'
48284,SWU TeleNet GmbH
48293,Uniontel
48302,OOO 'Telecom GKhK'
48364,Radim Pytela trading as AC Vyskov
48369,M-Telecom Ltd.
48408,Localitel
48424,GLOBITEL
48438,Corbina Telecom AS48438
48478,Vostok Telecom
48479,KUBAN-TELECOM Ltd.
48503,Tele2 Kazakhstan
48514,Stiftelsen Chalmers Studenthem
48524,INTERRA telecommunications
48542,StartTelecomLLC
48544,Tecnotel Servizi Tecnologici
48573,NFS Telecom
48574,T-Mobile Czech Republic a.s.
48642,K Telecom Ldt.
48675,Deltatelecom
48695,Etihad Atheeb Telecom /GO Telecom
48712,'Info-Net' Uslugi Teleinformatyczne S.C.
48720,VIP-TELECOM-SERVICE Ltd.
48732,PEERES-TELECOM
48737,DoraTelekom
48738,Teleset ltd
48748,Modern Telecommunications Network LTD.
48780,
48817,PRIZZ TELECOM
48863,NEAS ENERGI TELEKOM ROROSREGIONEN AS
48870,Telenet SIA
48907,Norttel s.r.o.
48944,Khalij Fars Ettela Resan LTD
48951,Telekom Deutschland GmbH
48952,BREAK FREE TELECOM SL
48957,Telecommunications Resource Center
48966,Ooredoo Palestine (Wataniya Mobile)
48969,Parus-Telecom Ltd.
48978,Orbitel LLC
49038,EUROLINE TELECOM
49048,JSC 'ER-Telecom Holding'
49070,Telecompany Viza-2
49088,TELMEKOM
49091,Telecom-garant Limited
49101,KABELOVA TELEVIZE CZ
49107,'Telko' CJSC
49112,Societe Francaise Du Radiotelephone - SFR SA
49113,Petignat Jean-Charles trading as Cablotel Telereseaux
49136,OJSC Telecommunication networks
49173,Telecable Almonte S.L.
49178,Nadunet Telecom
49183,Galichina Telekommunication
49255,TeleGlobal Ltd.
49301,Joint Stock Company TransTeleCom
49311,Regional TeleSystems Ltd.
49318,TELEFONICA TECH UK MANAGED SERVICES LTD
49320,Golitsyno Telecom
49327,TOV 'Telza'
49371,Shark Telecom LLC
49376,Belka-Telecom Ltd.
49377,JSC'Yamaltelekom'
49389,Privately owned enterprise Alexsandrov Yuriy Viktorovich
49455,Telia Norge AS49455
49461,PP 'Podilsky Intelectualni sistemy'
49508,
49529,Duplex tel LLC
49551,Teleseti Ltd
49561,VECHIR TELECOM
49601,UNITEL-MEDIA Sp. z o.o.
49605,IVO by D.t.s. S.r.l.
49628,SKYTEL
49632,Datatelekom Bilgisayar Internet Bilisim Yazilim ve Telekomunikasyon Hizmetleri San ve Dis Tic Ltd Sti
49666,TIC AS49666
49702,Svyaz Telecom OOO
49718,Nizhnevolzhskie Telecommunication Networks Real
49724,Vainah Telecom
49755,LLC SvyazTelecom
49759,SerDi TeleCom LTD
49761,TELESIM
49814,TOMGATE-AS
49851,Aragonesa de Servicios Telematicos
49863,Lite-Telecom Limited
49889,Crystal Telecom Ltd
49893,Bitrace telecom Ltd.
49897,Alians Telecom Ltd.
49902,SRR
49954,Zextel
49963,Regional TeleSystem Ltd
49984,Telcom
50009,QUARTZ TELECOM
50019,TURKLOKASYON TELEKOM VE BILISIM TEKNOLOJILERI
50022,Kristelecom
50025,Net Television
50083,Hermes Telecom
50105,OOO 'Sestroretskoe Cable Television'
50115,Lekol
50126,OOO 'Teleservis'
50186,Pronet Telekom Ltd
50223,Alfa Telecom
50228,ANEXTEL LLC
50239,SOFTNET TELEKOM BIELINSKA sp.j.
50241,UnitTelecom
50251,NUR Telecom Osh
50257,A-Mobile
50261,ACE Telecom Kft
50265,Invest Mobile LLC
50266,Odido
50309,ARCADIZ TELECOM
50313,TESLATEL
50322,Softelligence SRL
50362,LLC CABLE TELEVISION COMPANY CABLE TELEVISION NETWORKS PLUS
50418,
50427,Orion Telecom Abakan
50436,PŸUR - CIN
50439,City Telephone Network Ltd.
50473,Altagen
50480,'Company 'Urban telecommunications transport networks' LLC
50482,JSC Kazakhtelecom
50488,LLC Utelcom
50498,JSC 'ER-Telecom Holding'
50512,JSC 'ER-Telecom Holding'
50539,Telematica Ltd.
50542,JSC 'ER-Telecom Holding'
50543,JSC 'ER-Telecom Holding'
50544,JSC 'ER-Telecom Holding'
50550,K3 Telecom Sp. z o.o.
50564,CARTAGO TELECOM S. L.
50577,INTELSC Ltd
50581,UTG
50604,SC MEDIA SUD
50616,ONE Telecommunications
50628,Leonix Telecom
50657,WestNet Telekommunikations- und Informationsdienstleistungs GesmbH
50661,Telkab sp. z o.o.
50666,LigaT Telecom
50670,VTEL JORDAN
50676,TelCom LLC
50705,Telgam
50710,EarthLink Ltd Communications & Internet Services
50716,Telecom.ru Ltd
50719,XINON
50772,Ukrtranstelecom tc ltd
50776,SYSTEMTELECOM
50815,TELPROM Informacijske tehnologije d.o.o.
50833,Fiber Telecom Czechia
50835,EANCENTER TELECOM LLC
50864,IT TeleNet
50875,Ness Telekom Hizmetleri Sanayi ve Ticaret Anonim Sirketi
50911,LLC 'Electron-Telecom'
50946,MOTEL Limited Liability Company
50947,Global Networks Telecom LLC
51004,Sakhalin Cable Telesystems Ltd
51035,JSC 'ER-Telecom Holding'
51071,SibTeleCom Ltd.
51121,Foboss-Telecom LLC
51155,Citylink Telecom
51158,Mobile Trend Ltd
51162,JSC Kazteleport - subsidiary of Halyk Bank of Kazakhstan
51171,MINHOCOM Gestao de Infraestuturas de Telecomunicacoes EIM
51178,Avantel Saint-Petersburg
51184,fonira Telekom
51188,Telia Cygate Oy
51192,TOO Platinum Telecom
51207,Free Mobile SAS
51234,Telecompany Fialka Ltd.
51300,Telecomunicazioni Digitali Fastalp Srl
51315,PE teleradiokompaniya Lebedin
51317,Yug Telecom LLC
51333,Arcolink Telecomunicazioni S.r.l.
51346,Tojiktelecom
51373,TELKONEKT Autonomous System
51402,COM-IN Telekommunikation
51426,Teleport sp. z o.o.
51449,Kabelova televize Usti nad Orlici spol. s r. o.
51477,Teleradiokompaniya Kandalaksha
51488,Garant-Teleseti LLC
51495,Telephone Network of Ashgabat CJSC
51503,Daniel Group Telecom
51504,AS Telset
51511,LLC 'Teleradio Company Traide-Express'
51521,Resident Control Telco s.r.o.
51547,LLC 'Telekonika'
51548,DOLPHNET
51570,JSC 'ER-Telecom Holding'
51592,OOO Svift Telecom
51597,FASTTELECOM LTD
51604,JSC 'ER-Telecom Holding'
51612,Alfatel plus Ltd
51615,Zavod Kabelska televizija Nova gorica
51624,21 Century Telecom Ltd
51645,JSC 'ER-Telecom Holding'
51655,Ilim Telecom Ltd.
51757,Infratel
51764,JSC AMTEL-SVYAZ
51801,INTERNET KUTUSU TELEKOMUNIKASYON BILISIM HIZMETLERI SANAYI VE TICARET LIMITED SIRKETI
51813,Joint Stock Company TransTeleCom
51819,ER-Telecom Holding
51825,Telzar
51880,Teletext-Plus Ltd.
51904,Utex-Telecom LLC
51935,BLC Telecom Oy
51959,Teleradiocompaniya Eliton LLC
51972,SIM-TELECOM
51978,Wemacom Telekommunikation
51991,Tele-Mag Ltd.
51993,Telekompaniya Region TV
52008,NesterTelecom LLC
52078,MARTEL MARTA BIENIA
52116,Orion Telekom Tim d.o.o.Beograd
52157,NEAS ENERGI TELEKOM AS
52175,Magellan Telecom Kuzbass Ltd.
52207,JSC 'ER-Telecom Holding'
52232,Telefonía Pública y Privada
52260,National Telecom S.A (NATCOM S.A)
52262,Telefónica Celular S.A
52263,Telecable Economico S.A.
52278,Fravatel
52322,TELCOCOM
52328,Cabletel SA
52339,Lima Video Cable
52356,R&H International Telecom Services
52361,ARSAT - Empresa Argentina de Soluciones Satelitales S.A.
52364,COOP DE TELECOM.DE SERVICIOS MULTIPLESVIVIENDAPROVISION Y CONSUMO DE FUNES
52412,BW TELECOM
52432,Cooperativa de Usuarios de Electricidad y de Consumo de Castelli
52433,U Mobile (Cellular)
52436,Cable Televisora Color
52447,Cooperativa Cootelser Ltda. - Santa Clara del Mar B.A. Argentina
52473,Cooperativa Telefónica de Abasto
52495,Cotel Ltda.
52524,Terabyte Servicos de Telecom B Larga
52532,Speednet Telecomunicações
52539,SBS-NET TELECOMUNICACOES
52541,New Speed Telecom
52542,3Net Telecomunicações Ltda.ME
52544,Ivatel Redes e Internet
52548,tc conecta serviços de telecomunicações e provedor
52557,FLYNET TELECOM
52558,Econnect Telecom
52559,Novatec Telecom
52560,Atualtek Telecom
52561,GFOUR TELECOM
52562,INTELNET SERVICO DE MULTIMIDIA
52564,Biazi Telecom
52571,G2G Telecom
52573,UNE TELECOM LTDA
52577,Vianna Mehl Serviços de Telecomunicações Voip
52579,Noroestecom
52583,Asstelecom telecomunicação
52587,IFIBRA TELECOM
52589,MULTLINK TELECOM
52596,TROPICALNET TELECOM
52599,A Rede Telecom
52600,Digitotal Networks
52601,FAXT Telecomunicações Ltda
52602,SKORPION SISTEMA DE TELECOMUNICAÇÕES
52605,PGI SERVICOS DE TELECOMUNICACOES LTDA ME
52610,Adyl Telecom - AS52610
52611,EdiMelo Telecom
52616,SUDONET Soluções em Telecomunicações Ltda
52617,DIGITAL.COM TELECOMUNICACOES LTDA
52624,WEB TELECOMUNICAÇÕES LTDA
52625,X-PC Telecom
52630,MT-TELECOM SUL
52633,MariluzNet Telecomunicações
52634,BRNET
52651,DeltaAtiva Telecomunicacoes
52654,Bi-Link Telecom
52657,Norte Telecomunicações
52662,Telecall AS52662
52685,ConectNet Telecomunicações LTDA
52686,F.J.FANTINI AMPARO ME
52696,JSX TELECOM
52698,OPENTEL Comércio e Serviços Ltda
52699,ITANET CONECTA
52700,ITLINE TELECOM
52704,SPEEDING TELECOM
52705,FRANET TELECOM
52706,DANIELLI TELECOMUNICAÇÕES LTDA - 3D TELECOM
52711,FASTNET TELECOM
52712,Connetiva Internet
52715,SCORPION TELECOMUNICAÇÃO RIBEIRÃO PRETO LTDA - ME
52717,Teleuno Provedor Ltda
52720,Webfoco Telecom
52721,TOLEDO FIBRA TELECOMUNICAÇAO LTDA
52724,Adriano Telecomunicacoes Ltda Me
52727,IMNET Telecomunicacoes Ltda
52737,Floriani Serviços de Telecomunicação Ltda ME
52741,MC TELECOM
52747,Wsp Servios de Telecomunicaes
52748,Seitel - Seixas Telecomunicações
52751,BrasRede Telecom
52752,Hi7 Telecom
52758,Global Network Telecomunicações do Brasil
52759,DB3 SERVICOS DE TELECOMUNICACOES S.A
52764,Delta Broadband Telecom Provedores de Internet
52765,MAXXNET TELECOM
52766,M3GANET TELECOMUNICACOES
52770,ACEM TELECOMUNICAÇÕES LTDA
52772,Sjnet Telecom
52778,SANER TELECOM INFORMATICA LTDA ME
52780,MAP Telecom
52781,Pertec Servicos de Telecomunicacoes
52783,ALCANS TELECOM LTDA
52787,MAX TELECOM PROVEDOR DE ACESSO A INTERNET
52788,Meganet Telecomunicaçoes e Internet LTDA
52790,CONECTA NET TELECOMUNICAÇÕES LTDA ME
52793,Kelvyn Sat Comércio e telecomunicações Ltda
52795,One Telecom
52812,WRLINK TELECOM
52814,NETPLAY TELECOM
52815,DF LINK TELECOM COMERCIO E SERVIÇOS DE COMUNICAÇÃO
52817,NEWCENTER TELECOM
52820,Brasilfone Telecomunicao Ltda
52828,Netpal Telecom
52829,NEWLINE TELECOM
52833,GLOBOTECH TELECOM
52838,WN TELECOM
52840,AVA TELECOM - AS52840
52846,Innovanet Telecom LTDA
52852,Last Mile Telecom
52854,DIGITALSMART TELECOMUNICACOES LTDA
52855,Omegasul
52862,Redenilf Serviços de Telecomunicações
52870,Disk Sistema Tele-Informatica
52872,VOANET Telecomunicações Ltda.
52873,Softdados Telecomunicações
52876,PW NETWORK INFORMATICA E TELECOMUNICACOES LTDA
52878,REDE DE TELECOMUNICAÇÕES CARAJAS
52879,ABM INFORMATICA E TELECOM
52890,Centro Integrado de Telemática do Exército
52892,Coprel Telecom LTDA
52894,Klisa Net Telecomunicações e Multimidia LTDA ME
52898,Multipla Serviços Inteligentes
52899,FLIX TELECOM
52901,Minas Telecom
52903,Sglinknet Telecomunicacoes
52904,Multpontos Telecomunicações
52906,VOXX TELECOM LTDA - ME
52907,EMPRESA MINEIRA DE TELECOMUNICAÇOES
52917,SPACE NET SERV. DE TELECOMUNICAÇÃO EM INF. LTDA-ME
52923,Netcar Internet Telec Info e Tecnologia LTDA
52927,IBI TELECOM  AS52927
52931,Netvip Telecomunicações Ltda
52932,Tecnowireless Telecom
52937,FHP TELECOMUNICAÇÃO
52944,MEGALINK TELECOMUNICACOES
52946,RADIUM NET INTERNET PROVEDOR LTDA ME
52962,Vipnet Baixada Telecomunicacoes e Informatica LTDA
52963,JATIMNET TELECOM
52964,FJR TELECOMUNICAÇÕES
52965,1 Telecom Servicos de Internet
52971,MICKS TELECOM
52972,Tech Cable do Brasil Sist. de Telec
52973,YIP Telecom
52974,Henet Telecomunicacoes Ltda
52976,Datacast Teleinformatica Ltda
52977,Sul Online Telecom EIRELI
52988,Plena Telecom
53004,Downup Telecomunicacoes e Servico
53005,CONNECT TELECOMUNICACOES LTDA
53006,ALGAR TELECOM S/A
53010,MINUTES4ALL TELECOMUNICAÇÕES LTDA
53024,
53040,ALTA CONEXAO TELECOMUNICACOES LTDA
53041,Uau Telecom Ltda ME
53047,Intercol Telecomunicações
53048,CTE Telecom
53049,IOLNET
53051,Com NT TELECOM LTDA - ME
53065,OpçãoTelecom
53072,INETVIP TELECOM LTDA
53077,ALOLTECH TELECOM LTDA
53081,Netjacarei Telecon
53087,TELY
53088,ForNet Telecom
53096,BNET Telecom
53097,SuperIP
53100,Criare Net Telecomunicacoes
53102,S.I. Teleinformatica (Sitel)
53115,ISPX Solucoes em Telecomunicacoes
53118,Netline Telecom
53120,MUNDIVOX TELECOMUNICAÇÕES LTDA
53123,Power Telecomunicações
53127,VB Telecom Com. e Serv. de Info
53132,Mega Grupo de Telecomunicações Ltda
53134,Wixx Telecom
53139,RDF Telecom
53146,R2 Telecom Com. Prod. Inform.
53153,CINTE Telecom
53155,Joaçaba Telecomunicações Ltda ME
53156,PortalSAT Telecom
53158,Net Turbo Telecom
53162,Voipglobe Serviços de Comunicação Multimida via Internet Ltda
53167,Sebratel Tecnologia
53172,Next Telecomunicações do Brasil LTDA
53178,SCNET TELECOMUNICAÇÕES LTDA
53180,Infortel Comunicacoes
53181,K2 Telecom e Multimidia
53185,Zago & Zago Telecom
53189,Toque Telecom
53194,VIA NOVA TELECOMUNICACOES LTDA
53201,VIRTUAL TELECOM
53202,Acesso10 Telecom
53205,IBSOL TELECOM LTDA
53214,JDNET TELECOM
53222,Seanet Telecom
53223,Master Net Telecom
53230,Clean Net Telecom
53232,
53237,Telebras - Telecomunicações Brasileiras S.A.
53238,Chapecó tecnologia em telecomunicação ltda
53256,Mulberry Telecommunications
53460,Mon-Cre Telephone Cooperative Inc.
53586,Wittenberg Telephone Company
53823,Scio Mutual Telephone Association
53828,Nitel
53829,CTV Television Network Limited
53848,Mountain Telephone
54097,CCT Telecommunications Inc.
54239,BLOOMINGDALE HOME TELEPHONE COMPANY INC
54373,MEI Telecom
54374,WMTA
54392,Decatur Telephone Company
54512,Chickamauga Telephone Corporation
54523,Warm Springs Telecom
54579,Chariton Valley
54614,CIK Telecom
54646,Hardy Telecommunications
55230,Pulaski White Rural Telephone Cooperative Inc.
55254,WaveDirect Telecommunications
55309,Minh Tu Telecom Limited Company
55329,Telcotech Cambodia
55330,AFGHANTELECOM GOVERNMENT COMMUNICATION NETWORK
55340,Telecard Limited
55353,Rajesh Patel Net Services Private Limited
55423,JasTel Network
55424,Instatelecom
55441,Tata Tele Business Services (Voice)
55453,Skytelecom Pakistan
55577,Atria Convergence Technologies Ltd.
55592,Korea Data Telecommunication Co. Ltd.
55769,SEATEL(CAMBODIA)
55799,IPTELECOM ASIA
55811,Countrytell
55821,Radius Telecoms Inc.
55836,Reliance Jio Infocomm NLD Network
55853,Megatel
55888,Nintatsu Global Telecommunications Corporation
56040,China Mobile communications corporation
56041,China Mobile communications corporation
56042,China Mobile communications corporation
56044,China Mobile communications corporation
56045,China Mobile communications corporation
56046,China Mobile communications corporation
56047,China Mobile communications corporation
56048,China Mobile Communicaitons Corporation
56089,Offratel L@goon
56167,Ufone Pakistan
56209,R K Infratel Pvt Ltd
56234,PT Naraya Telematika
56241,Telkom Satelit Indonesia
56258,PGAS TELEKOMUNIKASI NUSANTARA AS56258
56262,Dagupan Urban Satellite Vision Inc.
56272,Pulse Telesystems
56308,Telekomunikasi Indonesia International Singapore
56330,JSC 'ER-Telecom Holding'
56345,TVB TELEDISTRIBUCION S.L.
56377,JSC 'ER-Telecom Holding'
56391,VTELECOM
56392,Adygei Telephone Company JSC
56401,PE 'MIRTELEKOM'
56404,Little Enterprise Independent Television Company 'Norma-4' LTD
56420,JSC 'ER-Telecom Holding'
56441,Zaklad Teleradiotechniki Telefon Serwis Antoni Kois
56451,Telekey-S Ltd
56530,PROTEL SAL OFFSHORE
56534,Comfortel
56542,Park Telecom Ltd
56543,Universal-Telecom LLC
56550,STEL
56571,HISPANICA DE TELECOMUNICACIONES Y SERVICIOS INTEGRALES S.L.
56582,NETFACTOR-ASN
56592,Telewest Inet
56632,Aryan Satellite Co. (Private Joint Stock)
56654,Infinity Telecom SRL
56665,Proximus Luxembourg
56677,Tele-Club Ltd.
56689,Elitel Telecom Group Ltd
56696,ASLIQUID-MPLS
56697,SUIS BOGA TELECOM SL
56701,AVANTA TELECOM
56709,WIST
56724,Teleskan-Intercom Ltd
56754,Foxtel s.r.l.
56803,Datasource AG
56834,MATRIXNET
56835,UTELS
56846,JSC National satellite company
56882,LEAST COST ROUTING TELECOM SL
56893,108 TELECOM LLC
56981,JSC 'ER-Telecom Holding'
57003,PortalTeleNet LLC
57018,In-line Telekom LLC
57019,Export Telecom LLC
57026,JSC 'ER-Telecom Holding'
57038,LLC 'Amurtelekom'
57044,JSC 'ER-Telecom Holding'
57113,TVIPTEL LLC
57136,VIVA Telecom
57141,TELWAN
57153,TeleSystem LLC.
57164,ViacheslavFitiunin
57197,Shaporenko Yuri Nikolaevich
57218,'Rightel Communication Service Company PJS'
57246,WellTelecom
57251,LLC Intelcom
57255,Platkom Tele-Informatyka
57269,Digi Spain Telecom
57293,ag-telecom-katv1
57325,123Telcom BV trading as Partell
57333,ASKASPIYTELEKOM
57344,Telehouse
57378,JSC 'ER-Telecom Holding'
57388,I.B.C-TELECOM
57389,ZNET Telekom Zrt.
57446,Telemont Service S.R.L.
57468,AZA TELECOM
57486,Optel Telekom Tim d.o.o.
57489,LLC 'Telecom-Uslugi'
57513,Mobile interim company 1 S.A.L.
57524,WEBTEAM TELEKOMUNIKACJA SP. Z O. O. SPOLKA KOMANDYTOWA
57532,Kabelska televizija Ravne d.o.o.
57571,Telekonika ruza
57583,IP Shefer Vitaliy Vyacheslavovich
57615,Rusinvesttelecom Ltd
57627,Ilbit Telecom Ltd.
57652,OOO 'Zeltelecom'
57701,Myszkowska Telewizja Kablowa Sp. z o.o.
57716,Skynet Telecom s.r.o.
57723,Media Telekom Sp. z o.o.
57768,SKYTEL-AS57768
57781,LLC Yarteleservice
57794,HCN
57803,TeleServis Ltd
57826,Svyaz-INKOM-Servis i telekommunikatsii Ltd.
57871,TeleCentr Ltd.
57888,TELESAT-AS
57890,POTel
57958,ASAS Telecom & IT Solutions LTD.
57962,LLC ' Ug telekom grup '
57966,INTRATEL
58055,Extratel Ltd
58127,CDN Telekom
58158,KTV TELECOM
58172,Freedom Telecom AS58172
58193,Telecom26 AG
58224,TCI
58228,LLC 'IT Telecom'
58230,INTELCOM LTD
58238,MKS Telecom LLC
58243,TELE AG
58254,Nano Telecom LLC
58272,LeaderTelecom
58284,OOO RTS Telecom
58310,TELEPORT LLC
58378,Balai Telekomunikasi dan Informatika Perdesaan
58396,DETELNET
58405,United Telecoms
58424,Xinwei Telecom Cambodia
58453,China Mobile International
58460,Digicel (PNG)
58466,CHINANET Guangdong province network
58470,Mobilink Peering
58524,FSMTC - AS58524
58610,Telnet Telecommunication Limited
58625,GMOBILENET-MN
58640,NEXTRA COMMUNICATIONS PVT. LTD.
58655,SkyTel Communications Limited
58715,Earth Telecommunication
58725,ZYE TELECOM
58765,B-Tel Internet pvt Ltd
58912,Chittagong Telecom Services
58963,Infonet online solutions
59165,Auspice Infratel
59173,Iqtera Communication
59185,NETRUN TECHNOLOGIES
59191,PEERCAST TELECOM INDIA
59424,OOO HAS-TELEKOM
59521,Stichting Kabeltelevisie Pijnacker
59574,Stupino NET
59595,Teneta Telekom Ltd.
59600,Atlas Telecom Ltd.
59607,Telewizja Kablowa Hajnowka Kiedys Kiryluk SJ
59616,Baikal Teleport CJSC
59625,Korek Telecom Company for Communications LLC
59631,
59665,Ultra-Telecom LLC
59668,Turon Media
59681,Satellit PE
59710,1N
59713,JSC 'ER-Telecom Holding'
59723,Vaecom Telecomunicaciones
59762,PE InstalTelecom
59815,Kompeatelecom Ltd.
59831,MegaTelekom. Ltd
59833,JSC Sevastopol Telekom
59877,VA telecom
59885,TELECUATRO C.B.
59909,Tele-Tec GmbH
59975,Play-Telecom
60006,Raduga-Telecom LLC
60042,OnTelecom
60067,N-Telecom Ltd
60072,LLC EGS-Telecom
60095,Ufanet Nizhniy Novgorod Branch
60119,Novosibirsk Telecommunication Company
60138,Naroon Intelligent Communications LTD.
60139,Sever-Telecom
60171,AFR-IX Telecom
60191,Nowatel
60267,FIBRAWORLD TELECOM S.A.U.
60277,Telcom Limited
60325,Serresnet-AS
60388,Transneft Telecom
60468,Zaklad Uslug Telewizji Kablowej Leslaw Dorobek
60471,Mobitel-BGP
60533,SateliX
60563,Transmitel Sp. z o.o.
60599,KOMPAS TELECOM Ltd
60603,'Utel' Ltd.
60607,ICENET TELEKOM HIZMETLERI ANONIM SIRKETI
60609,APFUTURA TELECOM
60619,TelcoNet Kft.
60641,HEXATEL SAS
60720,Telenet Solution
60738,OOO PKF 'Delta Telekom'
60740,Joint-Stock company 'Arctictelecom'
60764,Telecom Samara
60815,Data Net Telecom Co. Ltd
60840,OJSC Telecom-Service
60849,NaiTel “Aqaba Digital Hub”
60880,HorizonTelecom
60886,Amit Net Telecom LTD
60904,ATC Telecom LTD.
60930,Signal Telecom LLP
60986,ZagorodTelecom LLC
60989,Sinergia Telecomunication
60994,SOCIETE COMMERCIALE DE TELECOMMUNICATION SCT SAS
61021,MAVOTEL LLC
61031,Escomtel Backbone Network
61064,Tele-Necik.PL
61068,NECSTEL
61121,Odintsovo
61124,Marston's Telecoms Ltd
61143,Jersey Airtel Limited
61208,SCORTEL SRL
61230,Internet Protocol Transit Telecom
61233,TERRA TELEKOM SP. Z O.O.
61276,Vichislitelniy Centr Ltd.
61315,SEDMULTITEL
61324,D-TELEKOM LLC
61349,MaxiTEL Telecom B.V.
61367,TOO B-TEL
61372,AZIMUT TELECOM Ltd.
61403,Sever Telecom JSC
61408,AGO TELECOM
61431,TELECOMMUNICATION COMPANY KAMA - LINK LLC.
61452,Restel S.A.
61481,Coopetel El Bolson Ltda
61483,Convergia Telecom S.A.
61503,SERVICIOS DE TELECOMUNICACIONES INTERCABLE
61510,Cooperativa Telefonica de Calafate
61573,IP Telecom (BR)
61577,AMAZONTEL TELECOMUNICACOES
61578,ALIANÇA SISTEMAS DE TELECOMUNICAÇÕES
61581,INFOMAISNET TELECOM
61582,ATRIX ENGENHARIA
61583,WDS TELECOM Brasil
61603,Goias Telecomunicações SA. - GOIAS TELECOM
61614,67 Telecom
61618,Viva Tecnologia Telecom
61621,Norte.Net Telecomunicações
61636,logicLINK Telecom
61637,RADIOBRAS TELECOM
61638,Impactnet Telecomunicacoes LTDA
61642,NEXNETT Brasil Telecom
61648,PLAYIP
61649,CONECT TELECOMUNICACOES COMUNICACOES E MULTIMIDIA
61659,godnet telecom
61660,CRAPAC SERVICOS DE TELECOMUNICACOES LTDA - ME
61662,G2 XAXIM TELECOMUNICACOES
61664,Rondotech Telecom
61670,New Net Informatica e Telecomunicações
61671,LIGMAIS TELECOMUNICACAO EIRELI
61672,Entelvias provedor de internet
61673,BR7 TELECOM
61675,GRANDE REDE TELECOM EIRELLE
61688,REDESUL TELECOM
61689,ALLREDE
61691,NEPOMUCENO E TOCHETTO TELECOMUNICACOES LTDA - ME
61696,DOMUS TELECOM
61699,Fernando Oliveira Cambuhy Informatica - ME
61700,Uai Telecom Comunicacao Multimidia Ltda
61702,DELTA TELECOM PA
61703,VELOO TELECOM
61704,Conectiva Telecom
61707,ASN61707
61709,Dms Telecomunicações Ltda
61712,YUPNET TELECOMUNICACOES
61716,Central Telecom
61717,NetTri Telecom
61719,SP TELECOMUNICAÇÕES
61722,
61724,VIÇOSANET TELECOM
61726,Orixinet Telecom
61727,SPN Telecom
61728,Infonavi Telecomunicações Ltda - Me
61729,CB NET TELECOM
61734,M DE S CARVALHO ASSUNÇÃO - PRISMA TELECOM
61740,Telecab Telecomunicações
61744,power net telecom eireli-me
61745,NBS TELECOM
61746,MF TELECOMUNICAÇÕES
61751,SINTNET-TELECOMUNICACOES E INFORMATICA LTDA
61754,I3 TELECOMUNICACOES - EIRELI
61761,AGATANGELO TELECOM
61765,Forza Telecom
61768,Net Infinito Telecom
61773,G+ NETWORK TELECOM EIRELI - ME
61782,WNNet Telecom
61784,AltaNET Telecom
61785,Via Radio Dourados Informatica Ltda
61790,CETEL
61792,IPNET TELECOM
61795,Arion Servicos de Telecomunicacoes LTDA
61797,CHECK-UP NET TELECOM
61798,TELECOM PONTONET
61800,VIGORA TELECOM
61802,E2Network Telecom Brasil
61806,LIG TECH TELECOMUNICACOES EIRELI
61810,Webfibra Telecomunicações
61817,Halley
61819,K L M SERVICOS DE TELECOMUNICACOES LTDA
61820,Ipunet Telecomunicações
61824,Top Serviços de Telecomunicações Ltda
61825,GITEL TELECOMUNICACOES
61829,SOLAR TELECOM
61830,ASN61830
61834,JACOMELI TELECOM
61836,CYBERLAN SERVIÇOS DE TELECOMUNICAÇÕES
61845,GRD Telecomunicações Ltda
61851,Garra Telecom
61854,CLICKNET TELECOM PROVEDOR DE INTERNET
61855,NovaNet Telecom
61856,Viamar Telecom
61858,PRIME SYSTEM TELECOM
61859,Luup Telecomunicações
61871,Siqueira Link Serviços de Telecomunicações LTDA.
61872,INUV TELECOM
61874,S.R. da Silva Telecomunicaçoes
61877,MGX Telecom
61884,OLLA COMUNICACAO LTDA
61888,GFT COMERCIO DE TELEFONIA E COMUNICACAO
61893,RMS Telecom
61897,HP COMERCIO E SERVICOS DE TECNOLOGIA E TELECOM LTD
61901,RMR Fibra
61904,POLLYNET TELECOM EIRELI
61906,Unimax Telecom
61908,Nova Net Telecomunicações Ltda
61916,Stargateway Informatica e Telecomunicacoes Ltda
61917,LUCARONI TELECOM
61922,CNX TELECOMUNICAÇOES
61923,SUNWAY TELECOM
61924,3E TELECOM
61930,Telecomunicações Riograndense Ltda
61934,Puma Internet
61936,VIATEC TELECOMUNICAÇÕES LTDA
61937,Oquei Telecom Ltda
61938,Meg@Net Telecom
61942,TurboNet Telecom
61947,Supernet Telecomunicaçoes e Informatica LTDA
61948,INFOMAC TELECOMUNICAÇÕES
61949,FACILITI TELECOM
61951,Brasil-IP
61976,JSC Selectel
61995,AIRNET d.o.o. za telekomunikacije
62006,Unecha Television Network Ltd.
62040,Innovative Telecommunications
62041,Telegram Messenger EUR
62058,ETSPUBLI RADIO-TELEVISION BELGE DE LA COMMUNAUTE FRANCAISE
62069,Telecommunication Union Ltd.
62123,Rapid Telecommunications W.L.L.
62147,Marinex Ampol 2 Telewizja Kablowa Sp zoo
62201,KTM Telekom
62205,Unitel LLC
62211,VODAFONE MOBILE OPERATIONS LTD.
62259,Intelesi LLC
62336,PURtel.com
62337,S.C. TELE-LUCI S.R.L.
62340,Infotelecom SP Ltd.
62386,BTG
62423,Telecom Center
62446,NIKA-TELECOM LLC
62592,HOPI TELECOMMUNICATIONS
62886,OMNITEL
63107,Bijou Telephone Co-op Association Inc.
63133,Lennon Telephone Company
63134,IHR-TELECOM
63178,Mid-Plains Rural Telephone Cooperative Inc.
63330,Emily Cooperative Telephone Company
63414,Dakota Central
63440,Telnyx LLC
63527,China Telecom Global IPX
63741,DCNET TELECOM
63747,CPT Network
63838,Hengyang
63869,PT MERAH PUTIH TELEMATIKA
63897,vocom international telecom
63902,SHINE TELECOM CO. LTD.
64043,EUROTELBD-ONLINE-LTD-BD
64079,China Telecom Global Limited
64126,DOMINICAN TELECOM PRIME DTP
64139,GRUPO METROWAN TELECOM
64227,CONSOLIDATED TELEPHONE AS 64227
64411,CORREOS-TELECOM
64419,Ecotel
64466,UNIVERSAL MOBILE SYSTEMS LCC
131090,NT(CAT) Broadband
131111,PT Mora Telematika Indonesia Tbk - Domestic
131127,GLOBAL TECHNOLOGY - TELECOMMUNICATIONS CORPORATION
131207,SINET-KH
131210,Yashash Cable Network Pvt Ltd
131215,Sanchar Telenetwork
131267,Star Telecom
131274,Cypress Telecom
131285,Blueberry Telecom Global Pte Ltd
131293,National Telecom Public Company Limited (NT)
131322,Yatanarpon Teleport
131325,CHINATELECOM JIANGSU province NANTONG MAN network
131349,Digital telecomminication service joint stock
131465,Marbel Telephone System Inc
131584,Taiwan Intelligent Fiber Optic Network  Co.Ltd.
131600,Chief Telecom Inc.
131627,Peicity Digital Cable Television. LTD
131702,PT Mora Telematika Indonesia Tbk - Mora-IXP
131735,PT Telemedia Network Cakrawala
131915,Hamamatsu Cable Television
131933,TAMA Television
131952,POTATO-NET
131954,Kawaguchiko Cable Television
132004,Touch Net India
132021,Kalibo Cable Television Network
132148,HORIZON TELECOM INTERNATIONAL COMPANY
132199,Globe Telecom Inc.
132204,CORETEL NETWORKS (INTERNATIONAL) PTE LTD
132215,Powergrid Teleservices Limited
132225,China Telecom
132447,Hutchison Telecommunications Lanka
132497,DNA Infotel Private Limited
132510,IDC ShanXi China Mobile communications corporation
132518,Sheen Telecom Consultants AS132518
132525,HeiLongJiang Mobile Communication Company Limited
132599,Ministry of Posts and Telecommunication
132608,Mango Teleservices Limited-ISP
132615,Pipol Broadband and Telecommunications
132754,REALTEL NETWORK SERVICES
132833,China Telecom
132923,VIHAAN TELECOMMUNICATION
132933,Charotar Broadband
132960,M-Net Fiber Fast
132971,Sikka Star Satellite
133000,ARJUN TELECOM PRIVATE LIMITED
133075,Telesmart
133076,Unique Atlantic Telecommunication
133118,China Unicom IP network
133131,NEW VISION SATELLITE NETWORK INC.
133155,SATELLITE-BD
133192,Ultimate Mobile
133227,AATTIZEN TELECOM
133275,Gigantic Infotel Pvt Ltd
133285,CNSINFOTEL-AS
133457,ScopeTel Sdn Bhd
133495,Vision Telecom
133606,Viettel Timor
133613,MTel telecommunication company
133647,
133667,NETXNETWORK
133685,SDN TELECOM
133691,m-ix.in
133707,La Pointe Telecom Solutions Pvt Ltd
133730,Advatel Wireless Pty Ltd
133791,Teledirect Telecommerce
133798,SMARTFREN TELECOM
133809,ARTORIUS
133817,Inti Data Telematika
133982,Excitel
133989,SBR Telecom
134004,Foxtel Telecommunications
134006,Sheng Li Telecom India
134033,Hi Reach Broadband
134040,Vayutel Technology Services Private Limited
134090,Leaptel
134134,NORTHTELECOM
134241,Mamuric7 Telecommunications Corporation
134293,Kutch Telelink
134294,R P World Telecom Pvt Ltd
134302,Oxynet Telecommunications
134305,Sampath Venkateswara Communications
134316,IAXN TELECOM
134334,LOTUS BROADBAND PRIVATE LIMITED
134420,Chongqing Telecom
134425,China Telecom
134497,Cine Cebu
134525,Solomon Telekom Co Ltd
134540,Tata Tele Business Services (Broadband)
134697,LAUNTEL
134714,ETPCL-AS-AP
134761,CHINANET NINGXIA province ZHONGWEI IDC network
134810,China Mobile Group JiLin communications corporation
134878,GLORIOSA INFOTEL IT SERVICES INDIA PRIVATE LIMITED
134885,Global (India) Tele-Infra
134887,ARISTO TELENET PRIVATE LIMITED
134912,Comtel Services Pvt Ltd
134976,MATL
135025,NexLogic Telecommunications Network Inc.
135046,TAIZTEL (PRIVATE) LIMITED
135054,China Mobile Group Hainan Co. Ltd.
135055,Rafin Satellite
135059,Lao Asia Pacific Satellite
135060,Telair
135076,INFOCOM
135089,China Telecom
135106,CareTel Pty Ltd
135191,HARKYAL TELE SERVICES PRIVATE LIMITED
135218,Gtel Communications
135224,EASY TELNET SERVICES PVT. LTD.
135236,
135254,Maitree Telecom Private Limited
135277,Freshtel Group
135300,Myanmar Broadband Telecom
135307,Golden TMH Telecom Co.
135308,M/S DIGITAL TELECOM
135345,NewMountainView Satellite
135346,Bismillah Telecom Service
135357,HONG KONG KOWLOON TELECOMMUNICATIONS CO.LIMITED
135364,ACEESAT
135386,LinkChina Telecom Global Limited.
135407,TransWorldEnterpriseServices
135409,Kacific Broadband Satellites
135443,Dinas Komunikasi Informatika dan Persandian Kabupaten Teluk Wondama
135572,ACT International Telecom Limited
135650,Masum Telecom and Broadband Service
135687,Qwistel Network Service
135696,Winet Infratel
135722,Teleglobal Communications
135729,Digital Telco Network India
135744,VeloxR Telecom Pvt Ltd
135756,VPS Broadband And Telecommunications
135772,Powernet Telecom Pvt. Ltd.
135776,Fahnet Telecom
135782,Nyak Technologies And Teleservices
135792,Syswall Telecom Private Limited
135804,Johnson Telemarketers
135810,Speedglobal Telecom Network
135887,Belong  (Telstra Corporation Ltd)
135905,VIETNAM POSTS AND TELECOMMUNICATIONS GROUP
135964,RVC Network
136030,Redtone Telecommunications Pakistan
136054,PT.COMTELINDO
136067,IDNIC-BANTUL-ID
136096,PT. Terminal Teluk Lamong
136121,Digital Media Telematika
136167,CHINA TELECOM (MACAU) COMPANY LIMITED
136225,Smart Telecom
136255,Mytel
136280,Costel Networks
136284,Paradise Telecom
136303,Sher Telelink Pvt. Ltd.
136314,SHAILDHAR TELECOM SERVICES PVT LTD
136335,Mtel Networks Private Limited
136356,Purenet Telecom India
136362,Yes India Communications
136474,Marga Global Telecom Limited
136598,HN Telecom
136617,Fortune Telecom Company
136625,Ookla Telecom
136652,Bytel TraNet Private Limited
136664,D D Telecom
136696,Arktel Networks
136803,TELMARC CORPORATION
136841,MITRA TELEMEDIA MANUNGGAL
136861,ARTAMEDIA CITRA TELEMATIKA INDONESIA
136874,Garuda Media Telematika
136901,BTRC
137047,TELECOMMUNICATION AND TECHNOLOGY MASTERS
137102,Hustel Telecom
137109,Grace Teleinfra
137114,Kwikzo Telecomm
137124,Jai Mata Di Telectronix Private Limited
137135,Pc Care Airway Infratel Network
137166,Satellite Netcom Private Limited
137199,Flintel
137235,MOBILE SALES & DISTRIBUTION (PVT.) LIMITED
137239,Fil Products Service Television
137266,CHINATELECOM Hubei province Wuhan 5G network
137376,PT Tele Net
137404,Kabankalan Community Antenna Television System
137412,Tashi InfoComm | Mobile
137483,Tiger Telecommunication
137532,Bhuiyan Telecom
137535,JT TELECOM INTERNATIONAL PTE.LTD.
137551,REDLINK TELECOM Co. Ltd
137604,Sahjanand Telecom Pvt Ltd
137627,Nextel Communications India
137651,Activline Telecom
137669,Asg Telecom
137687,
137689,IOT Jiangsu network Chinatelecom P.R.China.
137692,IOT Guangdong network Chinatelecom P.R.China.
137693,CHINATELECOM Guangxi Nanning IDC networkdescr: Nanning  Guangxi Province P.R.China.
137697,CHINATELECOM JiangSu YangZhou IDC networkdescr: YangZhou  Jiangsu Province P.R.China.
137699,CHINATELECOM Jiangsu Suqian IDC network
137811,BeeTel
137818,Panay Telephone
137853,TELNET Cambodia
137872,China Mobile Hong Kong AS137872
137963,MT Microtel Technology Sdn Bhd
137967,Stardust Telecom
138088,GRATELINDO-AS-ID
138102,Baraya
138106,Lintas Telematika Nusantara
138166,Mascots Myanmar
138169,China Telecom
138179,PACIFIC MOBILE TELECOM
138199,TRANSATEL ASIE
138221,Ynet Telecom Solutions
138238,Smartware Technologies Pvt Ltd.
138257,Gigatel Infocomm Pvt Ltd
138312,Best Telnet Services
138384,Rakuten Mobile
138720,Sudhana Telecommunications Private Limited
138734,B FIBERNET
138751,Anodic Telenetwork Private Limited
138766,Parth Telcom And It Solution
138824,Gemilang Jaya Elektrindo
138828,TELIO INTI NUSA
138837,TRIDATU NETWORK
138854,Inter Medialink Solusi
138955,Brisktel Private Limited
138958,Tandag Electric & Telephone Company
138961,Paradise Cable Television Network Inc.
139034,Sattelite Plus Incorporated
139204,RACITELCOM Inc.
139226,Brother Telecom (Cambodia) co. Ltd.
139325,IQ-TEL
139382,Multi Teknologi Telematika
139438,PT Pembangunan Sarana Telematika
139473,Shebatel Network Ltd
139490,Aspt Networks
139506,Uniqe Telecare Pvt Ltd
139515,ZITA
139529,Fastcom Telelink Pvt. Ltd.
139530,Skyair Telecom Private Limited
139547,Vimitel Network
139555,ABROCOMM-AS-IN
139560,PATEL INTERNET
139587,China Telecom Henan Zhengzhou Shujugang IDC network
139591,CAT Telecom Public Company Limited 13th CAT TELECOM TOWER NEW ROAD SRIPHRAYA BANGRAK BANGKOK THAILAND
139620,Myanmar Telecommunication Network
139622,QUE TEL BD
139628,Mega TrueNET
139647,Alpha Sattelite Network
139692,CHEN GUANG COMPANY LIMITED
139698,IKONEK NETWORK TELECOM INC.
139752,Multinetwork Cable Television
139759,FSMTC - AS139759
139820,HG TELECOMMUNICATION PRIVATE LIMITED
139826,MAA Telecom
139831,DITO Telecommunity Corporation
139835,Puspita Telecom
139901,Startrek Telecom Ltd.
139925,SharkNet Telecom Pvt. Ltd.
139994,XLSmart AS139994
139997,Wortel
140061,Qinghai Telecom
140083,China Telecom
140084,Sinthia Telecom
140088,Telebangla Communications Ltd
140105,Shaanxi Mobile Communication Company Limited
140174,Mithril Telecommunications
140201,Rtel Internet Services
140220,Sky Network Television Ltd
140292,CHINATELECOM Jiangsu province Suzhou 5G network
140293,CHINATELECOM Jiangsu province Changzhou 5G network
140308,CHINATELECOM Guangdong province Zhuhai 5G network
140345,CHINATELECOM Yunnan province Shengji 5G network
140394,DIREKTORAT JENDERAL KEKAYAAN INTELEKTUAL KEMENTERIAN HUKUM DAN HAM REPUBLIK INDONESIA
140485,CHINATELECOM ZHEJIANG province HANGZHOU 5GC network
140499,Khan Telecommunications
140527,China Telecom
140632,NET SATELLITE
140636,China Telecom
140638,China Telecom
140762,Vinh Railway Signalling - Telecom Joint Stock Company
140766,FPT Telecom Company
140813,DIGITAL SOLUTION AND TELECOMMUNICATIONS SERVICE JOINT STOCK COMPANY
141014,Balaji Teleworks Development Pvt Ltd
141015,Myanmar Link Telecommunication
141087,PT Karya Panca Telekomunikasi
141146,Indonesia Telekomunikasi Teknologi
141269,Fast Net Telecommunications Private Limited
141285,Octel Network
141395,netElastic Technologies
141509,Uteleservices
141596,Wistel Teknologi Solusi
141618,ACT Communications
141679,China Telecom Beijing Tianjin Hebei Big Data Industry Park Branch
141688,Telangana Fiber Grid
141709,Clare Cable TeleVision
141739,China Telecom
141761,
141771,CHINANET-HEBEI-ZHANGJIAKOU-MAN
141799,INDTEL
141804,Em-cyberspace Services
141813,Enfinity Infotel
141834,Neolog Online Services
141870,GV REDDY BROADBAND SERVICES
141889,SIMTEL
141898,Milenial Inti Telekomunikasi
141902,Jawa Provider Telematika
141983,Rajeg Media Telekomunikasi
141998,China Telecom
142063,Grand Tel
142064,VergeTel Australia
142319,Telemedia Komunikasi Pratama
142332,PT Telekomunikasi Internet Indonesia
142381,Mactel
142400,IDTEL
142404,China Telecom AS142404
142445,WAVENET INFRATEL PRIVATE LIMITED
142453,Jetway
142477,NIVID TELECOM INDIA PRIVATE LIMITED
142513,LEVOTEL BIGNET SOLUTIONS PVT LTD
142534,FUTURENET TELECOM PRIVATE LIMITED
142581,Mambulao Cable Television
142608,China Telecom
142618,GH Telecom
146890,SHARVA TELENET
146945,HINDAVI TELECOM PRIVATE LIMITED
146956,Hamid Electronics and Automobiles
146966,China Telecom
147003,ALLIANCE INTELLIGENT TECHNOLOGIES PTE. LTD.
147038,China Telecom
147042,Panabo Satellite Cable Television
147121,PT Marva Global Telekomunikasi
147142,TELENUSA
147194,DEVCHAND TELESOFT
147221,INSPITELE SOLUTIONS PRIVATE LIMITED
148981,China Telecom
149118,3S Viet Nam Technology Joint Stock Company
149178,China Telecom
149217,REETEL BROADBAND
149224,Telesecure Communications Pvt Ltd
149226,Tiyatel Communications Private Limited
149240,Megatel Networks Private Limited
149267,TELEMANTRRA SALES CORPORATION PRIVATE LIMITED
149357,Ultra Mandiri Telekomunikasi
149360,Indo Telemedia Solusi
149422,VYBETELECOM
149526,GITELENET
149558,SINGH TELEVENTURES
149570,Speech Tell Communication Private Limited
149618,GRASTEL-AS-IN
149635,BICOL TELEPHONE AND TELEGRAPH INC.
149688,IDNIC-SNT-AS-ID
149802,MT Cable Television Network
149837,China Telecom
149873,MOBILECARE
149883,Tekling Media Telematika
149897,Amanusa Telemedia Mahardika - TARANET
149972,PT Salingka Telekomunikasi Nusantara
150043,Vimal Telecom Pvt Ltd
150045,Metanet Telecommunications India Opc Pvt Ltd
150070,SPIRETEL TECHNOLOGIES PRIVATE LIMITED
150096,GEFO TELESERVICES INDIA
150099,SPEED HEX TELE COMMUNICATIONS PVT LTD
150108,TeleHouse Pvt Ltd
150129,WaliTel
150145,China Telecom
150191,INTIMEDIA
150193,Olean Permata Telematika
150215,IDNIC-EBTEL-AS-ID
150245,PT Sakti Media Telekomunikasi
150249,Atharva
150265,Rajawali Bintang Cemerlang Telkomedia
150359,Cable Television TOYAMA
150371,Pace Telecom and Brodcasting
150549,PT JKB Telematika Indonesia
150555,WIFIBANTER.NET
150557,PT HASIBUAN TELEKOMUNIKASI INDONESIA
150562,NRH TELECOM PRIVATE LIMITED
150576,ZYETEK TELECOM
150683,Fasttel Broadband
150806,R. C. Yulo Telephone System Inc.
150955,IDNIC-MIT-INTEGRA-AS-ID
150968,JARTEL
150989,IDNIC-DMINE-AS-ID
150998,PT Atmega Telecomindo Nusantara
151045,Yae Telecom (HKG)
151060,Telewire Communications
151122,Kp Infratel Network
151125,LINKTEL-AS-IN
151176,TELDROPS IT NETWORK SERVICES
151185,China Telecom
151333,ASCON TEL (PRIVATE) LIMITED
151408,FIL-AS-AP
151531,DATELINDO
151569,IDNIC-TMSNET-AS-ID
151583,Satelit Global Media
151590,PT Pandawa Global Telematika
151653,General Telephone System
151678,Iriga Telephone Company Inc.
151707,Ethen Teleinfra Private Limited
151732,Onremote Telecom
151749,Virtel Communications Private Limited
151798,SmartLink Telecommunications Private Limited
151823,China Telecom
151995,PT Wifipedia Sinergi Telematika
152000,IDNIC-CITRATEL-AS-ID
152017,PT Digtel Tech Solutions
152020,Kotanet
152079,PT Meta Telekomunikasi Asia
152082,Infonusa Teknologi Telekomunikasi Nusantara
152379,PT Fiberindo Telco Persada
152394,PT Arta Teletama Teknologi
152416,PT Barokah Sistem Telematika
152436,IDNIC-ERATELINDO-AS-ID
152438,BTELID
152490,WESTERNEDGE TELECOMMUNICATIONS PRIVATE LIMITED
152525,Jetsys Telelink Opc Private Limited
152681,FMKCTELECOMINC-AS-AP
152830,IDNIC-EXATEL-AS-ID
152842,PT Gesang Jaya Telekomunikasi
153073,PT KANAL TELU MULTITEKNOLOGI
153087,PT Telemedia Prima Nusantara - AS153087
153128,PT Techchandra Solusi Telematika
153228,WEBTEL ENTERPRISE SOLUTIONS PRIVATE LIMITED
153233,TOSHAM1-AS-IN
153277,FEATHERS TELECOM SERVICES PRIVATE LIMITED
153335,STARFAX TELECOMMUNICATIONS
153526,Laos Mobile
153533,SHAHRAM TELECOM PRIVATE LIMITED
153557,Shamal Telecome Company
153938,PT Digital Omni Telekomunikasi
153968,Merdeka Telekomunikasi Center
154026,AS SAI COMMUNICATION SERVICES PRIVATE LIMITED
154133,SUDAMA TELECOM PRIVATE LIMITED
154197,PT Reload Media Telematika
196638,PJSC Promtelecom
196685,LLC 'OIL-TELECOM'
196730,TELSAT.TV Sp. z o.o.
196740,Telelan-AS
196797,Joint Stock Company TransTeleCom
196838,'Albanian Satellite Communications' sh.p.k.
196854,ISATEL
196874,Telenet S.r.l.
196921,Wireless Mobile Data Company
196925,Azertelecom
196927,Regionalna Telewizja Kablowa Spolka Jawna L.Iwanski i Wspolnicy
196938,Krastelecom
196961,Teleport LLC
196994,Telekomunikacja Wschod
197013,Sprintel s.r.o.
197064,EmiTel S.A.
197074,Regionalnye Telesystemy Ltd.
197113,LCS Systemy Teleinformatyczne
197131,Ketnet Telecom Ltd
197156,Petit Telecom
197204,Telemaks
197207,Mobile Communication Company of Iran
197217,Shentel
197221,Beetec Telekom
197235,Avantel Samara
197255,ZAT Televizijni kabelni merezhi Vsesvit
197275,ASLINKTELECOMNN
197287,Center for Satellite Television DonSatTV plus Ltd
197298,MST LLC
197311,Juzhnye telefonnye seti Ltd
197336,TEL-KAB Sp. z o.o.
197349,IDALGO TELECOM
197394,Telecommunications 21 century LLC
197423,Jotel d.o.o.
197447,ITTMEDIA telecom Marcin Lubelski
197453,Biz Telecom LLC
197470,TELE-TV d.o.o.
197503,Sptelek
197504,G-TELL Ltd
197564,INTERNETSTIFTELSEN
197567,Telekom-Servis Ltd.
197577,KomTelecom LLC
197632,Liral-Telecom Ltd
197663,POLANS telekomunikacijske storitve d.o.o.
197707,Collective telephone company 'Veco' Ltd.
197734,
197786,Telefonnyie seti Ltd.
197831,Telekom Ltd
197862,Netfone Telecom Tavkozlesi es Szolgaltato KFT
197883,Serinya Telecom
197897,5KOM OOD
197967,PP 'TELE-KOM'
197968,Comfortel Ltd.
197971,Inet Telecom Ltd.
198056,TeleOka Kom Ltd.
198089,IP Visie Networking
198169,Informatics and Telecommunications Public Company (ITPC)
198183,Nawand Telecom Ltd./private company
198193,Television por Cable Santa Pola
198225,MDDSL
198227,New Telecom Ukraine
198228,Silistra TV
198232,ZAKLAD TELEWIZJI KABLOWEJ 'TELE-KAB' MARIANNA GRYGA HENRYK SMYREK S.C.
198271,
198279,Albanian Telecommunications Union
198295,JSC 'ER-Telecom Holding'
198335,TRANSATEL EUROPE
198355,I.T.M. Instalaciones y Mantenimiento de Telecomunicaciones S.L.
198367,ASINKOTEL
198381,Star Satellite Communications Company - PJSC
198388,Zastrahovatelna Kompania Lev Ins AD
198404,RENTEL WIFI S.L.
198454,SISTEC TELECOM
198504,Star Satellite Communications Company - PJSC
198507,Quantic Telecom
198541,Intercomtel-as MTT segment
198551,Societe Atlantique de Telephonie et Communication SARL
198632,Telia Eesti AS
198662,IREMNET TELEKOMUNIKASYON TEKNOLOJI SAN ve TIC LTD STI
198669,KNET TELECOM Ltd.
198791,Ekran-Telecom LLC
198803,Allonstelefonstroy LLP
198890,Albanian Fiber Telecommunications
198950,Telenet Systems GmbH
198961,Orion Telekom Tim d.o.o.Beograd
198967,BITel
198977,UnArtel s.r.o.
199276,Tele.co.Albania Sh.p.k
199290,MOWITEL
199356,Tellion
199375,Service 800 Teleperformance Single Member S.A.
199421,MTI Teleport
199565,O TELEKOMUNIKACIJE d.o.o.
199585,TELNET Ropczyce Sp. z o.o.
199599,Telecom-Birzha
199669,ATLEX.RU
199713,MLL Telecom
199715,MSI Telekom Sp. z o.o. Sp. k.
199725,MediaMobil Communication GmbH
199730,MS-TELECOM LLC
199739,Earthlink Telecommunications Equipment Trading & Services DMCC
199782,Teletime Ltd.
199809,Maxtel LLC
199919,FOX TELECOM INTERNET S.L.
199952,Television Costa Blanca S.L.
199995,Omega Telecom
200002,Verimek Telekomunikasyon San Ve Tic. Ltd. Sti.
200064,Red digital de telecomunicaciones de las islas baleares
200072,Gestel Teleservice 2000 S.L.
200093,Deutsche Telekom MMS GmbH
200100,T&T Tecnologie e Telecomunicazioni Srl
200218,Tvoy Novy Telecom LLP
200345,SAMTEL NETWORK SRL
200387,Tele puerto real SL
200404,Jetnet Telekom Int. Bil.Hiz. San and Tic. LTD
200491,goetel GmbH
200519,fiberONE.de
200539,INTELLY
200555,WiFi Canarias de Telecomunicaciones y Fibra SL
200635,pragmatel s.r.o.
200689,TELEIMPIANTI
200724,MTEL Austrija GmbH
200729,AzInTelecom LLC
200738,FIBRAWORLD TELECOM S.A.U. AS200738
200799,SILTEL TELECOMUNICAZIONI SRL
200810,CONECTA 3 TELECOM
200845,Avatel Telecom
200893,Telekomunikacja Zwiazku Gmin Ziemi Wielunskiej S.A.
200920,IT Partners Telco Sp. z o.o.
200922,Yug-Telecom Ltd.
200923,SAMOSTALNA RADNJA ZA TELEKOMUNIKACIJE EWIRELESS IGOR STOJKOVIC PR INDIJA
200988,Bridge Telecom LLC
201004,GlobalTT
201041,Obltelecom LLC
201060,SNETTERTON TELECOM LIMITED
201109,BIVID TELECOM SL
201147,DAGSVYAZ TELECOM
201167,Caspian Telecom
201178,Euronet Telekomunikasyon
201179,Teraline Telecom
201183,VoipTel Italia
201211,LLC 'Tvoi Telecom'
201285,Kirzhachtelecom LLC
201296,Proftelecom-Service Ltd
201328,Telewizja Kablowa Kolobrzeg Agencja Uslugowo - Reklamowa sp. z o.o.
201337,AVATEL TELECOM SA
201427,M2M Uslugi Teleinformatyczne
201466,Xarxes de Telecomunicacions Alternatives SL
201540,Pishgaman Toseeh Fanavari Etelaat Va Ertebatat Jonoub (Joint Stock Company)
201626,Podillia-hotel PJSC
201641,Sveriges Television AB
201691,Fannavari Etelaate Samane Kavoshgar Ide Ltd.
201704,VALL DE SOLLER TELECOMUNICACIONS SLU
201719,Teleklik
201748,INFOTELECOM NETWORKS SL
201767,'Uzbektelekom' Joint Stock Company
201786,Comline
201826,LLC eratelecom company
201843,IBERSONTEL
201860,MyTelco Ltd
201952,LTD AtelRybinsk
201966,OptiKabel Telecom
202011,ENPLUS TELECOM
202023,Only
202047,BREAK FREE TELECOM SL
202074,Link Telecomunicazioni SRL
202103,Gigatel
202112,TELMACO
202125,ACACIO SERVICIOS TELEMATICOS S.L.
202170,DSTELECOM S.A.
202173,MaximaTelecom Moscow
202175,'Uzbektelekom' Joint Stock Company
202208,teutel GmbH
202279,STATE UNITARY ENTERPRISE OF THE DONETSK PEOPLE'S REPUBLIC 'REPUBLICAN TELECOMMUNICATIONS OPERATOR'
202289,Lovitel LLC
202352,CONECTA 3 TELECOM S.L.
202371,ZAL Network S.r.l.
202382,HYTEL
202440,Comunicaciones Opticas Waditel S.L.
202483,PP Teleradiocompany 'KRAFT'
202491,WINET TELECOM SL
202498,TInkoff Mobile
202561,High Speed Telekomunikasyon
202616,Wien Energie Superschnell
202654,Acerko Telecom S.L.
202660,'Uzbektelekom' Joint Stock Company
202717,TELESET LLC
202805,I-TEL
202813,Liberatel Comunicaciones
202825,NEAR TELECOM S.L.
202844,Airsip telecomunicaciones S.L
202883,FATEN FACILITIES ENERGY TELECOM S.L.
202999,Vostok Telecom LLC
203052,Teletek 5060
203088,Slavtelecom LLC
203183,FOBOS TELECOM
203187,WGR TELECOMUNICACIONES VALLE DE LOS PEDROCHES SA
203198,PP Telecommunication systems Grado
203208,Czech Telecommunication Office
203214,Hulum Almustakbal
203324,
203389,Telewizaja Kablowa BART-SAT
203408,Zaklad Budownictwa Liniowego TELBIAL Sp z o.o.
203419,SONICATEL S.R.L.
203441,Mittelrhein-Verlag GmbH
203447,Miratel Ltd
203448,Telecom 1 AS203448
203451,K-telekom LLC
203481,AstanaMegatel Ltd.
203503,TICAE TELECOM
203540,Witel Srl
203553,Optel Plus Ltd.
203561,KTK TELECOM LLC
203587,Antvvifi Bilisim ve Telekomunikasyon Hiz. San. ve Ticaret LTD STI
203593,Telemark
203600,VIVAFIBRA TELECOMUNICACIONES S.L.
203628,Televoice Polska
203657,SAKNET BILISIM TELEKOMUNIKASYON SAN. TIC. LTD.STI.
203658,Marcin Jan Peszel trading as TELENETIKS
203672,Telefonica Servizi srl
203712,XARTIC
203788,Telnect
203835,SAMBATEL CONSULTING SL
203877,Astra Telekom
203895,Pardazeshgaran Etelat Zaban Layeha Co Ltd
203936,Iberwix Telecom
203937,CYFROTEL SPOLKA JAWNA MARIUSZ ULIDOWSKI MAREK BZDZIUCH
203963,SPDNet Telekomunikasyon Hizmetleri Bilgi Teknolojileri Taahhut Sanayi Ve Ticaret A.S.
203964,4Tel Telekomunikacije
203995,Lyse Tele AS
204020,Fenice Telekom Grupa
204026,Szatmar-Telekom Kft.
204041,Citytelecom LLC
204062,ETELECOM SEGRIA SL
204106,Babilon-Mobile
204137,Orion Telecom Irkutsk
204153,LLC 'Telekonika'
204172,TTC TELEKOMUNIKACE s.r.o.
204177,CVS Mobile informacijske resitve d.d.
204188,ITSG
204276,Eutelsat Networks LLC
204297,LLC ' Belgorod Networking Telecommunication Company'
204309,C.Company
204320,
204348,REKORNET
204350,Ipboom Telecom LLC
204379,INNOVIA SICUREZZA INFORMATICA E TELECOMUNICAZIONI SRL
204445,DB Systel GmbH
204457,Atlantis Telekomünikasyon bil. hizm. san.tic.ltd.şti.
204461,VITELECOM LLC
204490,Kontel LLC
204564,LLC 'Mir Mitino Telecom'
204581,MOVIMIENTO TELEVISIVO S.A.
204694,ISCHIA TELECOMUNICAZIONI S.R.L.
204735,Bobr-Telecom LLC
204736,Nida Telekomunikasyon Hizmetleri A.S
204774,SISTEL ALMANZORA S.L.
204797,Jamitel sp. z o.o.
204798,Max Link Company
204811,ZINNIA TELECOMUNICACIONES SL.
204814,LB Annatel LTD
204861,Codisa Telco Solutions
204929,Television Telephony Internet of Ukraine Ltd.
204986,Sparktel LLC
204996,Telemix AS
205015,Northern Telecom SARL
205119,TELEKS DOOEL Skopje
205166,Mobile Links Europe
205191,InstelNET Telecomunicaciones
205201,Public Service Media Radio Television of Serbia
205249,telenetwork AG
205270,FIBROPTIC CAT TELECOM SL
205471,Telephone Network of Ashgabat City CJSC
205495,OOO 'L-Telecom'
205515,Telecommunication Systems LLC
205553,Magistral_Telecom
205570,SIBANET
205624,Telecomunicaciones Publicas Andaluzas S.L. AIRENETWORK
205638,T-Mob
205657,Golitsyno Telecom Ltd
205673,Lanet-kvo
205714,Telemach Croatia
205715,Fitel Network
205741,Mitteldeutsche IT GmbH
205784,NV Telecom
205800,Steps Telecom
205852,ISTTELKOM ISTANBUL ELEKTRONIK HABERLESME VE ALTYAPI HIZMETLERI SANAYI VE TICARET ANONIM SIRKETI
205893,WIFI TELEKOM
205898,TELEVISION CABLE DIGITAL S.L.
205935,Farknet Telekomunikasyon ve Bilisim Hizmetleri Ltd. Sti.
205953,NAZNET Bilisim ve Telekomunikasyon Elektronik Haberlesme Hiz. ith. ihr. San. ve Tic. Ltd. sti.
205981,FIBRAWORLD TELECOM S.A.U.
205998,Skytel Russia
206026,Kar-Tel LLC
206066,Teledom LLC
206077,Lecrin Television S.L.
206089,Telecolanza
206094,TELBESKID Sp. z o.o.
206101,EPIC_TELECOM
206119,Veganet-Telekom
206163,TBTNET
206206,KNET
206262,TelKos
206276,Citelia
206280,Redes Telecomunicaciones Certificaciones Canarias S.L.
206298,RKM Regional Kabel TV Moelltal und Telekommunikation GmbH
206318,CAST-TELECOM SL
206346,'Pan Telecom' EOOD
206366,Rural Telecom
206369,ASTELEKOM
206385,OOO 'SPETSTELECOM-YUG'
206438,MX-NET Telekomunikace s.r.o.
206448,LLC 'SouthTransTelecom'
206481,Anmaguzcer Telecomunicaciones S.L.U
206539,HelloTel
206557,ELTELE
206558,KDSL TELEKOMN. INTRN. BIL. HIZMET. ELEKT. SAN TIC. LTD. STI.
206579,Hrubieszowska Telewizja Kablowa (HTK)
206630,'Standard Telecom' LLC
206660,sphere-telecom
206661,JSC 'ER-Telecom Holding'
206674,Telecentrum
206713,France Televisions SA
206737,IschiaWifi
206756,Beltelecom LLC
206757,FIBROPTIC CAT TELECOM SL
206772,RJK Multimedia Shop
206791,Slobozhenyuk B.Y. PE
206807,DEL-INTERNET TELECOM
206810,UGLETELECOM
206866,Gartel
206891,Kanton Luzern Dienststelle Informatik
206943,EANCENTER TELECOM LLC
206988,Argosid Network
207044,Enet Telecommunications Networks Limited
207050,FIBRAWORLD TELECOM S.A.U.
207073,TELENET.PL
207136,AUREA ENERGIA Y TELECOMUNICACIONES S.L.
207184,
207192,Telcomdata
207198,Kabelova televize Koprivnice s.r.o.
207234,Mobile Breitbandnetze GmbH
207348,Tehnoline Telekom d.o.o.
207369,Skynet Telecom LLC
207405,Tetratel Comunicaciones SLU
207462,G7Telecom
207547,Svyaztelecom LLC
207617,ELMA TELEKOMUNIKASYON SAN.TIC.LTD.STI.
207693,Telekabel Ltd.
207766,MTEL DOOEL Skopje
207883,LLC KPD-TELECOM
207922,AZETEL LLC
207952,ET-AS
207987,EM SISTEMAS INFORMATICOS Y TELECOMUNICACIONES DE MALLORCA SL
208012,Hayalnet Telekomunikasyon Iletisim Ticaret Limited Sirketi
208041,INTERTELL
208070,TILYTEL B.
208077,AS
208087,Novosibirsk Telecommunication Company (Ulan Ude)
208142,LLC Rocket Telecom
208149,SKYTelecom
208221,Orion Telecom Bratsk
208314,Access Telecom Ltd.
208324,NBTEL Downstream
208329,Ceska televize
208337,TELEMANAPOLI
208365,Shams Telecom Networks and Internet Service
208569,NORVOZ
208578,Macrotel Italia
208586,Neotel 2000 S.L
208594,Netbone Telekomunikasyon AS208594
208596,Verimax Telecom SL
208645,LOOP21 Mobile Net GmbH
208877,Sistel Srl
208879,Teraline Telecom Ltd
208905,Tamares Telecom
208909,Gurbtec Iguana Telecom SL
208992,Axatel
209008,UGTELECOM LLC
209170,NOVATELDIGITAL
209192,SARNET TELEKOMUNIKASYON A.S.
209206,VORONEZH TELECOM LLC
209229,TELEVISION COMPANY 'RAI' LLC
209255,Telfax Communications
209275,NetmaxTR
209284,EGS-TELECOM.KALUGA LLC
209344,ENA Operador de Telecomunicaciones S.L.
209360,Bulud Telecom
209367,LLC HAPOTELE
209372,WS Telecom Inc
209380,Arat Telekominikasyon Tek. Bil.Hiz.San. ve Tic. Ltd.Sti
209393,OOO Dontel
209400,KurpfalzTEL
209429,Max Telekom s.r.o.
209433,COMTEL TOTAL-NETWORKS SRL
209458,DN Telecom Ltd.
209479,GROUPE TELECOMS DE L OUEST SAS
209492,INFORMATICA Y TELECOMUNICACIONES SARRIA S.L.
209604,TWO E Telekom
209627,ARTELIA HOLDING SAS
209688,TELE RED S.A.
209711,MUV Bilisim ve Telekomunikasyon Hizmetleri Ltd. Sti.
209728,Expert Telecom LLC
209759,Moy Telecom LLC
209791,AREA WIFI TELECOM S.L.
209835,Avanza Fibra
209956,Telkoturk
209992,Telweb
210021,DIL Technology AS210021
210063,Company Telecom LLC
210086,NEXIA
210104,Wawtel
210109,LLC 'Kurgan-Telecom'
210123,Nubbitel
210135,Yug-Telecom-K Ltd.
210178,Skyfibernet Telekomunikasyon Internet ve Iletisim Hizmetleri Ticaret Limited Sirketi
210264,Gega Telecom
210273,Montazh Stroj Servis TOO
210298,K-net Telekommunikation GmbH
210410,NETPRIME TELEKOM SAN. ve TIC. LTD.STI
210435,STELS Networks LLP
210472,Parlem Telecom Companyia de Telecomunicacions SA
210519,ToshTeleQabul MChJ
210593,APROOP TELECOM S.L.U
210625,Wecom Mobile Ltd.
210670,INFORMATICA Y NETWORKING COMPOSTELA SLU
210692,Soluciones y Asesoramiento en Telecomunicaciones S.L.
210719,ADRIA MOBIL d.o.o. Novo mesto
210747,BERJAYA HOTELS ICELAND hf
210771,SETEL CONECTA S.L.
211028,Spetsavtomatikaservice
211057,Astra for Telecommunication and IT Services
211095,Media Broadcast Satellite GmbH
211188,
211196,Mtel Austria GmbH
211250,TELECOM TRADE LLC
211291,Tulun-TeleCom Ltd
211300,Angel Moreno trading as INTELMO C.B.
211332,UA TELECOM PP
211373,Simoresta
211379,Neo-Telecom Plus Ltd.
211391,Mitan Telematica
211433,Silver Telecom Ltd.
211441,BYFITEL COMUNICACIONES SL
211641,ArsTelecom Ltd.
211669,Telsone S.r.l.
211709,turbonet
211711,
211808,APROOP TELECOM S.L.U
211887,CABUKNET TELEKOM VE BILGI TEKNOLOJILERI LIMITED STI.
211953,HIPERNET
212013,TOO Telco Construction
212087,JOTELULU
212097,VIM TELECOMUNICACIONES SL
212175,Stelia
212192,INTELI TECH DEVELOPMENT SRL
212269,AY TELEKOM BILGI TEKNOLOJILERI LIMITED SIRKETI
212285,Linyit Net Telekomunikasyon Hizmetleri Sanayi ve Ticaret Ltd. Sti.
212335,Simoresta GL2
212384,Simoresta GL
212444,Bross-Telekom
212462,Wizon Telecom
212538,Poyrazwifi Telekomunikasyon
212598,SFCTEK Bilisim Yazilim ve Telekomunikasyon Hiz. San. ve Tic. LTD. STI.
212661,Vodafone Oman
212695,Link Telecom Service Ltd
212777,Schweizerische Mobiliar Versicherungsgesellschaft AG
212918,Clicktel SL
212945,INT TELELOMUNIKASYON VE INTERNET
213024,StarTelecom
213046,Procyon Telecom Ltd.
213083,
213155,Yettel Hungary Ltd.
213157,FI TELEKOMUNIKASYON VE BILISIM SISTEMLERI SAN. TIC. LTD. STI
213193,Manca Telecom SL
213229,MITELIS
213261,SADENET TELEKOMUNIKASYON
213295,OPENTEL
213369,Sfera Telecom LLC
213402,Rahat Telecom LLC
213438,colocatel-inc
213498,Infronet-Telecom LLC
213521,DARLAN USlUGI TELEKOMUNIKACYJNE AGNIESZKA KOREK
213541,WS Telecom Inc
213783,Live Mobile LTD
213841,Network Telecom Systems LLP
213890,NOVOROS-TELECOM LLC
213937,Gagra Telecom LLC
213939,Steffen Schiffel GmbH - SIT Telecom
213990,AOFB
214077,SUMTEL
214089,YOUTEL NETWORK S.L.
214143,SKYDIGITAL TELECOM LTD
214172,M-TELECOM
214173,Sever-Telecom-SPb
214257,LLC 'ALFA-MOBILE'
214286,IBERICA DE REDES (REDI)
214429,Sever Telecom JSC
214463,Invers-Telecom LLC
214697,Komtel LLC
214830,ZEBRA TELECOM
214941,UPCELL TELEKOMUNIKASYON LIMITED SIRKETI
214954,CATALUNYA TELECOM S.L.
215074,RossTel Company LLC
215148,Delta Telecom Ltd
215222,Cable and mobile best service MCHJ
215503,MUE 'SEA TELECOM' VGA MELITOPOL ZAPORIZHIE REGION
215723,FIBA TELEKOM Anonim Sirketi
215787,TELE90 Telecom GmbH
215856,Fabertelecom SL
215886,Zainco Company for Internet Services and Information Technology JSC
215894,BLANCATEL S.L.
215927,SURWITEL COMUNICACIONES S.L.
216046,Tele.Co.Albania SHPK
216135,PEDRERA TELECOM SL
216158,Teleport Rus LLC
216356,TURKIYEM NET ILETISIM VE TELEKOMUNIKASYON HIZMETLERI A.S.
216451,Daten- und Telekommunikations GmbH Dessau
216475,NKtelecom INC
262150,EPEC Telecomunicaciones
262169,SOLINTELSA
262179,Telenetwork de El Salvador
262181,Coral Telecom
262188,Satel NV
262202,Telefonica de Costa Rica TC
262210,VIETTEL PERU
262215,ITELKOM
262216,TELCONET S A
262220,HV TELEVISION S.A.S
262221,ESTRELA TELECOM
262248,Metro Telecom
262268,MAX NET TELECOMUNICAÇÕES
262274,Viveiros & Araujo Serv de Prov da Int
262282,MARIA LUCIANA MACHADO E CIA
262286,Netw Telecom
262289,Singular Telecom LTDA
262290,NewParce - Internet de Hipervelocidade
262300,SUPER CONNECT TELECOM
262301,Netmig Telecom
262304,WIN TIME TELECOM
262310,EDATEL TELECOMUNICAÇÕES LTDA.
262311,IMBRANET TELECOM
262312,VEX TELECOM SERVIÇOS DE TELECOMUNICAÇÃO LTDA
262317,ROS Telecom
262323,STAR CONECT TELECOM LTDA
262324,AS262324 ALLREDE TELECOM (UNILINK)
262342,WZNET TELECOM
262346,FP Telecomunicacoes LTDA
262351,BRSITE
262352,NOVA TELECOM  AS262352
262360,NEDEL TELECOM
262361,Deznet Telecom Ltda.
262364,VIASATDIGITAL TELECOM LTDA
262365,IBITelecom
262367,SW COMERCIO E SERVICOS DE COMUNICACAO MULTIMIDIA
262373,CONECT TELECOM
262376,NOVANET TELECOMUNICAÇAO
262379,HZ TELECOMUNICAÇÕES E INFORMATICA LTDA
262380,Rontel
262385,VSAT TELECOMUNICAÇÕES
262391,ACESSOLINE TELECOMUNICACOES LTDA
262394,Internet 5.8 Telecom
262399,GLP Telecomunicações
262403,NetWay Telecom
262405,+Net & Telecom
262406,MELFINET - National Telecom SCM Ltda
262407,RAPIDANET TELECOM LTDA
262408,CEPAIN - C2 TELECOM
262411,Force Telecom
262417,UltraTelecom
262426,BRAVA TELECOMUNICACOES RONDONOPOLIS
262433,QI Equipamentos para Informática
262434,WIIP TELECOM SERVIÇOS DE INTERNET
262436,Futuro Telecom Ltda
262438,VELOMAX TELECOM S/A
262439,ALCANS SERVICOS EM TELECOMUNICACOES LTDA
262447,IMG BRASIL TELECOMUNICA??ES LTDA
262450,NORTENET TELECOMUNICACOES DO BRASIL LTDA - EPP
262457,Hello Brazil Telecomunicacoes
262458,TSTelecom
262459,Osirnet Info Telecom
262463,TELECOM CORDEIROPOLIS
262468,ATEL TELECOM
262470,Pontenet Teleinformática
262473,Samissa Telecom
262474,ALTERNA TELECOMUNICACOES E CONECTIVIDADE
262476,BRCENTRAL TELECOM
262482,Homenet Telecom
262485,S.C. RIO TELECOMUNICACOES E INFORMATICA LTDA
262492,Interconect Teleinformatica
262494,VIRTEX TELECOM
262496,Clonix Telecom
262497,JNNET TELECOMUNICACOES EIRELI - EPP
262498,Sudoeste Telecom
262499,TMC Tecnologia em Telecomunicações
262502,FLYLINK TELECOM
262503,WIKI TELECOMUNICAÇÕES
262505,N4 Telecomunicacoes LTDA ME
262506,ASERNET TELECOM
262507,OSI CONNECT TELECOMUNICACOES E SERVICOS LTDA
262509,CONEXAO - TELECOM. E INTERNET LTDA
262517,NIQTURBO PIMENTEL E MOREIRA
262521,pgf telecomunicacoes
262523,HELP DESK NET TELECOMUNICACOES
262527,MTCASEMOD COMERCIO DE PROD. DE INFOR. E SERV.
262531,Connection Multimidia Telecomunicacoes LTDA
262535,Flash Net Brasil Telecom
262540,CBNET TELECOM EIRELI
262546,NetCintra Telecomunicações
262551,Farol Telecom
262557,VIA SUL TELECOMUNICAÇOES
262562,Max WIFI Telecom Ltda.
262567,TELECOM FOZ
262568,NETVIA TELECOM PROVEDOR DE INTERNET LTDA
262576,
262585,Virtual Housing Telecom
262588,EXPLORERNET INFOLINK TECNOLOGIA E TELECOMUNICACOES
262590,NETONLINE
262595,OnNet Telecomunicacoes
262600,ASE TELECOMUNICAÇÕES LTDA ME
262601,GTNET PROVEDOR DE ACESSO A INTERNET
262604,Click.com telecomunicações
262606,MICROTELL (MELL)
262616,ASN262616
262617,UWBR VOX Telecomunicações
262620,Pox Network Telecomunicacoes
262632,Graja Fibra Telecomunicações Ltda
262640,PLUGBR TELECOMUNICACOES LTDA
262642,NETCELL TELECOM
262645,BrasilNET Telecomunicações do Paraná
262648,BRAVA TELECOMUNICACOES PONTES E LACERDA
262657,DENDENA E CIA
262661,Linknet
262663,METROFLEX
262669,Konnet Telecom
262674,Conquest Telecomunicações
262676,Intervip Telecom
262686,Netwalk Telecomunicações em Inf.
262687,ASN262687
262689,ATENTO TELECOM
262690,Netwave Telecomunicações Ltda.
262693,WCOM COM E SERV TELECOM LTDA
262695,Tecwave Telecom Ltda
262706,Ultranet Telecomunicações
262711,TEK TURBO PROVEDOR DE INTERNET
262713,LIDERI TELECOM
262720,Melo Telecomunicações
262722,Televigo Telecom EIRELI
262729,Telemidia Sistemas de Telecomunicação
262737,GATEWAY TELECOM
262739,NDC Telecomunicaes Ltda.
262740,VELOO NET LTDA
262744,ICEnet Telecomunicações (Totalvia Internet)
262749,Telecom Leopoldina Ltda
262751,TERRA FIBER TELECOM LTDA-ME
262753,VOCE TELECOM
262754,FLIX TELECOM
262755,AONET TELECOM
262760,76 TELECOMUNICAÇÃO
262761,Sinal BR Telecom
262762,Teleperformance CRM S.A
262769,AVANZA TELECOM LTDA
262773,PROXXIMA TELECOMUNICAÇÕES
262777,Neolink Telecom
262805,Rede Minas Telecom
262807,Redfox Telecomunicações
262808,Brasilnet Telecom - Sudeste
262809,Talklink Telecom
262820,Ola Telecomunicações Ltda
262828,Acesse Facil Telecomunicações LTDA
262834,Rede Conesul Telecomunicações LTDA
262837,Raptor Servicos de Telecomunicacoes LTDA
262839,Yawl Telecom
262842,I S NET TELECOMICAÇÕES LTDA
262851,Plim Telecom
262861,VIAFIBRA TELECOMUNICACOES LTDA
262863,Midasnet Telecomunicações Ltda
262866,TURBO 10 Telecomunicações
262868,ITNET
262869,G1Telecom Provedor de Internet
262873,VETT - VIA EXPRESS TECNOLOGIA E TELECOMUNICACOES
262875,IP AMERICA TELECOM
262888,Lprint Telecomunicação e Engenharia
262893,P4 TELECOM LTDA
262895,Norte Line Telecomunicacoes
262896,SpeedWeb Net Telecomunicacoes
262898,jm telecomunicação e man.
262899,RT NICOLAU TELECOMUNICAÇÃO - ME
262903,Tubaron Telecom
262905,Skaynet telecom
262909,JK TELECOMUNICACOES
262911,BAU E DORL LTDA
262937,StarByte Telecom
262944,Spectro Networks Telecomunicaciones S. de R.L. de C.V.
262947,MEGALYNK SERVIÇOS DE TELECOMUNICAÇÕES LTDA
262948,LD Telecomunicações LTDA
262949,Icone Telecom
262972,INFO SETE TELECOMUNICACOES LTDA
262973,Max Telecomunicacoes Ltda
262977,ADSNET TELECOM LTDA ME
262979,LINE-TELECOM
262988,Pombonet Telecomunicações
262989,Click Net Brasil Telecom
262993,CNX TELECOMUNICACOES LTDA
262995,NETDIGITAL TELECOMUNICACOES
262996,MINAS TELECOMUNICACOES E INFORMATICA
262999,IVI TECNOLOGIA E COMUNICAO LTDA
263003,VIPNET TELECOMUNICAO E INFORMATICA
263006,Interone Telecom Ltda
263008,UNI TELECOMUNICACOES
263009,FORTE TELECOM LTDA.
263011,6P Telecom Ltda
263015,G7NET AS263015
263016,NDX Telecomunicacoes Ltda
263018,Alvo Telecom
263019,QUICKNET TELECOM LTDA EPP
263027,RAMNET TELECOM
263033,LINKLI TELECOMUNICAÇÕES LTDA
263035,PORTAL QUEOPS TELECOMUNICAÇÕES E SERVIÇOS
263040,HYPER TELECOM
263042,DELTATELE
263043,WIFF Telecom Eireli
263049,NIPPONTEC TELECOMUNICACOES
263053,Paulinianet Telecom
263055,Pinhais Net Telecom
263073,DTEL
263080,GTi Telecomunicacoes S/A
263081,RMS Connect Telecomunicações
263086,PBNET Telecom
263089,Luxtel
263096,Inorpel Telecom
263098,Eyes Nwhere Sistemas Inteligentes de Imagem
263099,STIW Sistema de Telecom. Inf e Wireless
263108,OPANET TELECOMUNICACOES LTDA - ME
263110,Exon Technology / Pignet
263111,GTVR TELECOMUNICACOES
263116,ASN263116
263119,BKup Ti e Telecom
263124,ZAP TELECOMUNICAÇÕES
263126,XMAX TELECOM
263135,NOVA PORTONET TELECOMUNICAES LTDA ME
263139,Dataware Telecomunicações
263142,Route Way Telecomunicações e Serviços
263144,R2 TECNOLOGIA E TELECOMUNICACOES LTDA - ME
263146,F A VIEIRA DE SOUZA SERVICOS
263151,CONECT TELECOM
263152,Migo Telecom
263155,O L I Telecomunicações
263159,BRASTURBO TELECOMUNICAÇÕES
263162,Sustenta Telecom
263165,Marvitel Telecomunicações Ltda - ME
263181,Cooperativa Telefonica Grand Bourg
263195,REDSI TELECOMUNICACIONES
263196,Infosport
263210,HV TELEVISION
263216,TELEIMAGEN SATELITAL
263218,INTERNET TELECOMUNICATION COMPANY DE GUATEMALA
263223,SATELITES Y TELECOMUNICACIONES C.A
263224,EMPRESA DE TELECOMUNICACIONES MULTIMEDIA ALFA
263236,Itelsa
263243,BRIDGE TELECOM
263250,Barbosa & Costa
263262,TOPPNET Telecom
263265,3Ws Telecom
263270,CONECTA FIBRA TELECOM
263276,BBG Telecom
263280,I4 Telecom LTDA -ME
263281,CBR TELECOM
263285,Tiago Silva Provedores ME
263291,SAVNET TELECOMUNICAÇÕES LTDA
263292,L E M TELECOMUNICAÇÕES
263294,NOVELTY TELECOM LTDA
263302,TORPEDOLINK TELECOM
263305,NET.COM TELECOMUNICACOES EIRELI
263309,LaraNet Telecomunicações e Serviços
263317,VoxTech Telecom
263320,Sansara Telecom
263324,Net&Com Serviços de Informática e Telecomunicações Ltda
263327,Online
263329,FIBERCOM Telecomunicações
263331,Netvox Telecomunicacoes LTDA
263332,Netfi Servidos de Telecomunicacoes
263335,Alternativa Telecom
263338,VEXNET TELECOM INFORMÁTICA LTDA
263343,PC2 TELECOM
263344,wr net informática e telecomunicações ltda
263345,Power Tech
263346,Fonte Informática
263357,Hot Wave Comercio e Servico de Telecomunicacoes Lt
263362,SPEEDNET TELECOM
263382,S F INFOREDE
263385,CSNET TELECOM LTDA
263390,FNT TELECOMUNICACOES E ACESSO A REDES DE INTERNET LTDA
263394,Networks Wireless Telecom
263396,BK Telecomunicações
263398,FAMATEL TELECOMUNICACOES LTDA - ME
263411,ONIX TELECOM
263415,EGR NET TELECOMUNICACOES LTDA
263418,Neb Telecom
263420,ACX TELECOM LTDA.
263422,AXXESS TELECOMUNICAÇÕES
263424,Fonelight Telecomunicações
263432,CORPORATIVA TELECOMUNICACOES
263433,Click Telecomunicações e Informatica
263436,POLLYNET TELECOM EIRELI
263440,WAVE UP TELECOM BRASIL-ME
263442,NovaNET Provedoria e Telecomunicações
263445,SEM LIMITE COMUNICAÇÕES
263450,NBN TELECOM
263453,INOVANET TELECOM
263455,LEV Telecom
263456,MKNETWORK TELECOM
263462,SPEED PLANET TELECOMUNICAÇÕES LTDA - ME
263466,M.P. TELECOM
263467,INSPIRE TELECOM - EIRELI
263468,Rapnet Telecom
263469,J P de Souza Telecomunicações
263473,Networld Telecom
263478,DUFIBRANET TELECOM
263480,TELNET - SERVIÇOS EM TELECOMUNICAÇÕES
263483,DIRECT LAN - SOROCABA
263494,MICROTURBO TELECOMUNICACOES LTDA-ME
263495,INFOSERVIC INFORMATICA TELECOMUNICAÇÃO
263499,Telecom Internet
263500,BIGLINE TECNOLOGIA
263501,INFORTECLINE TELECOM
263506,Gb Online Telecomunicações ltda.
263508,SIMNET TELECOM
263509,Turbovip Telecom Ltda
263512,CTBA TELECOM
263516,Plis Inteligência em Tecnologia Ltda.
263517,Acesso Telecomunicacoes
263519,Minas Nova Telecom LTDA
263520,VOA TELECOMUNICACOES LTDA
263522,LGNET
263532,VIAR TELECOMUNICAÇÕES LTDA
263534,QUATRO IRMAOS COMERCIO E SERVICOS EM INFORMATICA E
263544,Várzea Net Telecomunicações
263545,ASN263545
263546,TURBONETT TELECOMUNICACOES
263554,BWNet Telecom
263555,Infinity Brasil telecom LTDA ME
263558,Jet Telecom
263562,Speet Serviços de Telecomunicações Ltda - ME
263566,RONDON TELECOM
263573,HYPER NET TELECOMUNICACOES
263578,FacNet Telecom
263579,iSUPER Telecom
263580,Everest Soluções em Telecomunicações Ltda
263583,ATRANET TELECOMUNICACOES
263589,MGP TELECOM
263591,STONE TELECOMUNICACOES - EIRELI
263594,MAXXITEL INFORMATICA E TELECOM LTDA
263596,GRV TELECOM
263598,BRX TELECOMUNICACOES LTDA - EPP
263600,Radio Link Telecom
263603,ATHENA TELECOMUNICACAO LTDA
263608,WSNET TELECOM
263611,Zum Telecom LTDA-ME
263612,Ip Carrier Telecom
263614,RVA TELECOM LTDA
263616,Dez Solucoes em Telecomunicacoes
263623,GX Telecomunicacoes (GOX)
263625,NEW TELECOM
263626,G-LAB TELECOM INFORMATICA
263629,ALLREDE TELECOM (MASTER)
263631,Via Link Telecomunicações
263634,TACNET TELECOM
263636,CALLNET TELECOM
263637,DIGITAL TECNOLOGIA & TELECOMUNICACAO
263641,TCF Telecom
263642,Serra Net Telecomunicações e Internet LTDA. - ME
263647,Irádio Comercio e Manutenção de Maquinas
263650,Clicfacil Telecom
263656,BRSULNET TELECOM LTDA
263661,BRASIL DIGITAL TELECOM
263664,PORTAL NET TELECOM
263665,Ideia Telecom
263666,One Telecom Eireli
263672,Consult Telecom Provedor LTDA ME
263689,Telecable Central
263698,TRANSDATELECOM
263717,SOL TELECOMUNICACIONES
263730,TELECABLE SABANETA
263765,XINWEI INTELCOM.NIC S.A.
263775,Intelisis
263777,COOPERATIVA TELEFONICA Y OSPA DE TOSTADO
263783,Telefonica Moviles El Salvador
263791,REFSA TELECOMUNICACIONES
263805,SAITEL
263814,COOPERATIVA TELEFONICA DE SERVICIO PUBLICO Y COMUNICACIONES DE VILLA DEL TOTORAL
263834,GESATEL
263846,Planeta Cyber Telecomunicações
263847,BS CONECT TELECOMUNICAÇOES LTDA
263861,KzNet Telecom LTDA
263866,RADIONET TELECOM LTDA
263868,BMFLEX Telecom Eireli - ME
263869,NAVG TELECOMUNICACOES
263879,CR Net Telecomunicações Ltda-Me
263880,WANTEL TECNOLOGIA
263886,ASN263886
263887,MANIA TELECOM
263888,FIUZA INFORMÁTICA & TELECOMUNICAÇÃO LTDA ME
263891,Turbonet Info e Telecom
263900,CHNET Telecom
263903,INFORBARRA TELECOM
263904,IUB Telecom Ltda
263905,New Group Telecom
263911,
263913,CIDADE ONLINE
263914,Speed Wi-Fi Telecom
263917,Nossarede Telecom Ltda
263918,WS TELECOMUNICACOES
263921,PCNET Telecom
263922,SPEED TURBO TELECOM
263925,ACEM TELECOM
263928,JBMNET TELECOM
263935,Grupo I5 Telecom
263939,Loginnet Telecom
263940,TOP WEB TELECOM
263942,SULVALE TELECOM LTDA.
263944,FiberNet Telecomunicacoes
263948,NEW LIFE TELECOM
263950,TVANET TELECOM LTDA
263951,M.D DE SOUSA TELECOM - ME
263952,CONNECT TELECOM
263956,ProntoTelecom
263957,SEU LUGAR TELECOM
263959,FLEXTEL NETWORK
263960,speed telecom
263963,Goldweb Barretos serviços de Telecomunicações
263965,Navetech Telecom LTDA
263966,WORLD WIFI TELECOMUNICAÇÕES
263968,RAFAEL FARIA FERRAZ ME
263975,Smart Link Consultoria e serviços em telec.
263976,InfoVision Telecom
263980,G3 Telecom EIRELI
263984,EJW TELECOM
263985,Brasil TecPar (Dz7 Telecom)
263992,Rosimeire Pereira Souza Gomes ME
264002,MVA Telecom
264007,Elétric Telecomunicações e Informática LTDA ME
264010,Polli Telecom
264012,CONECT TELECOM
264013,CONNECTA TELECOM INTERNET
264021,JSINET TELECOM
264023,SE77E TELECOM
264024,Wnet Telecom e Informática EIRELI
264030,FIBERTELECOM
264042,ASN264042
264047,Fox Net Telecom
264049,TELECOMUNICACOES ALARCAO E FERNANDES LTDA - ME
264056,Uli Telecom
264058,TNB Telecom
264059,D.V Comercio em Telecomunicacoes de Rede LTDA-ME
264063,IMA TELECOM
264069,Conecttiva Telecom
264071,HOPNET TELECOM
264075,K1 Telecom e Multimidia
264092,STA TELECOM LTDA
264100,RIO CABLE TELECOM
264104,ZINE TELECOMUNICAÇÕES PROVEDOR LTDA
264106,Andrade & Landim Telecomunicações
264108,worldnet
264110,Econect Itapevi Telecomunicações ltda
264111,RedeBr Telecom
264116,I2 Telecom
264117,Fibramais Telecom Ltda
264119,UBA CONECT TELECOM
264120,G20 Telecomunicacoes LTDA
264125,UN TELECOMUNICACOES
264127,Emitel Internet
264128,FUSION TELECOMUNICAÇÕES - EIRELI
264129,Flip Networks
264133,TX WEB TELECOM
264135,Priston Net Telecom
264136,
264137,ClickNet Telecom
264144,ASAP GLOBAL TELECOM LTDA
264148,Corrêa Sat Telecomunicações Ltda ME
264150,Gigaflex internet servicos de tel
264155,DIATEL TELECOMUNICACOES E COMERCIO LTDA - ME
264160,PRYMUS SERVIçOS EM TELECOMUNICAçõES
264162,NC BRASIL TELECOM E SERVIÇOS
264164,Telecomunicações Netcoro Ltda
264166,TURBO NET TELECOM LTDA
264169,WNP PROGRESSO E SERV DE TELECOMUNICACAO
264178,Coonexao Telecom e Informatica EIRELI
264180,Fernando Net e Telecomunicações
264191,Temais Telecom
264193,
264195,Vamo Telecom
264196,RoraimaNET Telecomunicacoes
264200,R DE MELO NEVES CONEX - ME
264204,CAS TELECOMUNICACOES EIRELI
264206,Mixconect Telecom
264207,Ponto Net Telecom
264209,LINKFORT TELECOM LTDA ME
264210,W2I TELECOM E SERVICOS LTDA - ME
264212,IMPACTO TELECOM
264214,Guaptel-Net Telecom
264215,W Fibra Telecom LTDA
264217,Sem Fone Telecomunicações
264227,Inove Comercio e Servicos de Telecomunicacoes
264229,GLOBAL FLASH TELECOM E TECNOLOGIA LTDA - ME
264230,
264232,RCA COMPANY DE TELECOMUNICACOES DE PARANAVAI
264233,WF -TELECOM SERVIOS DE TELECOMUNICAOES EIRELE ME
264234,GLOBAL SOLUCOES EM TECNOLOGIA E TELECOM LTDA-ME
264236,COMFIBRA - PROVEDOR DE TELEC. LTDA - M
264239,Digital Telecomunicações Ltda-Me
264244,SPEED NET SERVIÇOS DE TELECOMUNICAÇOES
264246,Globaltech Telecomunicações e Informatica Ltda ME
264248,BandeiraNet Telecomunicações Ltda ME
264250,Virtual Telecom
264255,Interfibras Telecomunicacoes
264259,INTERATIVA TELECOM LTDA
264268,Teleturbo Telecomunicacoes
264273,A & G TELECOMUNICAÇÕES
264274,DSP RS TELECOMUNICAÇÕES LTDA.
264278,MICROTELL (MELL).
264280,Eagle Redes
264281,RS Portal
264283,Net Triangulo Telecom Ltda - ME
264284,Transdados Telecom
264285,iFoz Telecom
264293,Smart Solucoes em Telecomunicacoes
264294,Ora Servicos de Telecomunicacoes Ltda
264295,Unolink Telecom
264297,CONECTJA TELECOMUNICACOES
264301,LNP SERVICOS DE TELECOMUNICACOES E INFORMATICA
264310,MUNDIAL NET TELECOM
264311,
264318,WM TELECOM BOCAIUVA LTDA. - ME
264321,New Oeste Telecomunicacoes Ltda
264322,DATA NETWORKS TELECOMUNICACOES LTDA - EPP
264328,ECLIPSE TELECOM
264329,ESTRATEGIA REDES DE TELECOMUNICACOES
264332,CONEXAO INOVE TELECOMUNICAES
264334,MarapelNet Telecom
264336,Inove Telecom Ltda
264337,NET COM INFORMATICA LTDA - ME
264342,UPNET PROVEDOR DE ACESSO E TELECOM
264351,UNA TELECOMUNICAÇÕES LTDA
264359,Start Telecomunicações
264360,TASS TELECOM Serviços de Telcomunicações Ltda
264373,Virtual Net Telecom LTDA
264384,Linejet servios de telecomunicaes
264386,MMM E G TELECOMUNICACOES LTDA - ME
264387,OZONIO TELECOMUNICACOES LTDA
264389,ARP TELECOMUNICACOES LTDA - EPP
264391,Newnet Telecom Ltda
264393,NetBrasil Telecom LTDA
264397,SUPRANET TELECOM
264404,NETGOOL TELECOMUNICACOES
264412,RotaSul Telecom
264413,Conecta Telecom Ltda
264421,BrumaNet Telecom
264429,V1 Telecomunicacoes e Informatica LTDA - ME
264437,Telemac TELECOMUNICACOES
264439,OURINET TELECOM
264440,POINT TELECOM
264441,DELTA TELECOM
264444,LINKCE TELECOM
264451,GETTEL INTERNET
264456,GBATELECOM LTDA
264463,MEGA REDES TELECOM
264473,POLOTEL TELECOM LOCAÇÃO E DES. DE. SITES
264477,FLIX TELECOM
264483,RP Telecom
264490,ANDRA TELECOM
264497,Mais Net Telecomunicaçoes Eirelli
264500,SoulTelecom
264508,INET TELECOM E INFORMATICA LTDA
264509,CONECTA AMAZONIA TELECOM
264510,HNS SERVICOS DE TELECOMUNICACOES
264516,A.M.A TELECOM
264517,GM NETWORK TELECOMUNICACOES
264519,BLUE TELECOMUNICACOES DO BRASIL LTDA
264520,Radioscan Telecom Com. De Compon. Eletr. Ltda-EPP
264521,SLIM NET TELECOM
264524,Cunha e Zanato telecom
264526,ALPHANETT SERVIÇOS DE TELECOMUNICAÇÕES
264530,JPP PANCINI
264540,RG Tecnologia e Telecomunicações Ltda
264541,ASN264541
264542,KMM TELECOM LTDA-ME
264543,MEGA CONEXAO TELECOM
264544,SUPER NOVA TELECOM LTDA
264547,DATAZOOM TELECOM
264550,M H SAT SERVIÇOS EM TELECOMUNICAÇÕES
264553,J da L Moraes Telecom ME
264554,CONECTE TELECOMUNICAÇÕES
264556,L. Garcia Comunicações
264562,Texnet Internet Fibra Óptica
264564,TELECAB TELECOMUNICACOES LTDA
264568,C&A NET TELECOM
264570,RIOTEL
264577,Silva Telecom
264579,NET MAIS TELECOMUNICAÇÕES
264580,NETLI TELECOMUNICAÇÕES LTDA - ME
264586,SPEED TELECOMUNICACOES
264588,TDVK TELECOM LTDA
264590,NAVEX TELECOM
264591,7 Sul Telecom
264592,ENLACE TELECOM
264596,ALFA TELECOMUNICACOES
264598,DELTA TELECOMUNICAÇÕES
264599,SYNCONTEL TELECOMUNICAÇÕES LTDA
264602,M.C.R. Campos Informatica e Telecomunicacoes - ME
264605,TELEVIADUCTO
264625,SONYTELNET
264628,FIBEX TELECOM
264631,RED PARAGUAYA DE TELECOMUNICACIONES SA
264634,Coop de Prov.Serv.Telef.Obras y Serv Púb y Soc Virrey del Pino
264642,TELESISTEMA
264652,COOPERATIVA TELEFONICA VILLA ELOISA
264679,Netlink
264681,PatagoniaIP
264697,LEWTEL SRL
264716,Red Television
264725,COOP. DE PROV. DE SERV. TELEF. PRESIDENTE DERQUI LTDA
264726,EMPRESA DE TELECOMUNICACIONES Y SERVICIOS AUDIOVISUALES SOC. DEL ESTADO
264731,Corporacion Digitel AS264731
264742,Quitilipi Televisora Color
264744,FibraTeleCoM
264750,TELEOPERADORA DEL NORDESTE
264756,Cable Television Satelital
264765,VANET TELECOMUNICACIONES SRL
264770,KDMnet Telecom
264778,TotalCom Venezuela
264781,VIDEOTEL
264819,WICOM TELEFONICA
264825,TELEALFACOM
264827,WIRCOM TELECOMUNICACIONES
264861,CONNECT MAX TELECOM
264862,TRIANGULO NET
264863,New Help Telecomunicaçoes
264867,Click Telecomunicação Ltda ME
264869,ASN264869
264871,InterPop Telecomunicações Eireli
264872,Nethope Telecom
264876,5GTELECOM AZEVEDO INFORMATICA
264878,3T Telecom
264887,Voar Telecomunicações
264889,Norte.com Telecomunicações LTDA ME
264891,PORTAL LINK TELECOM
264897,SKYMAX TELECOMUNICAÇÕES
264900,RJNET Telecomunicacoes Ltda ME
264909,BRConnect Telecomunicacoes LTDA
264911,Powernet Telecom AS264911
264912,ATInfo Telecom
264913,GOOFIBER TELECOM
264915,BURITINET TELECOM
264923,JB Telecom LTDA
264928,FIBRANET TELECOM
264929,TECNET
264931,Net Galileu Servicos de Telecomunicação LTDA ME
264933,NTi Telecomunicações LTDA.
264935,CENTRALNET TELECOMUNICACOES LTDA - ME
264938,Online TELECOM
264940,InfoTelecom Banda Larga
264941,Satcom Telecom
264943,VIARAPIDA TELECOMUNICAÇÕES
264944,enzo serviços e comercio de telecomunicações
264948,KONECTIVA TELECOM
264952,GSG TELECOM SERVICOS
264953,INTEGRATO TELECOMUNICAÇÕES LTDA - ME
264959,Torres Telecom
264960,R L GUIMARAES TELECOMUNICACAO
264962,Voltec Automação
264963,LUMIAR TELECOMUNICAÇÔES
264966,UNDERCORP TELECOM LTDA.
264974,TELECOM SCAE
264975,NETW TELECOMUNICACOES
264982,RIOTELECOM
264987,RBR TELECOM SERVICOS DE TELEFONIA LIMITADA
264990,WT INFORMATICA TELECOMUNICAÇÕES LTDA - ME
264992,ROSIVALDO L. SILVA
264996,SERVLINK TELECOM
264997,Direct Telecom
264998,SQUID TELECOM
264999,UMPLAY TELECOM
265006,Silva E Silva telecom Ltda. Me.
265008,T F DA SILVA RAMOS TELECOMUNICAÇÕES E SISTEMA
265009,OMEGA TELECOMUNICACAO LTDA
265014,GNA TELECOM LTDA - ME
265016,Atlanet Telecomunicacoes
265017,TUDO ALL TELECOM
265018,JS SERVIÇOS E TELECOMUNICAÇÕES
265019,NEX TELECOM
265025,PAINEIRAS NET TELECOM - EIRELI - ME
265027,Planet Sat Telecom
265028,Linkvida Telecom
265032,IRANET TELECOM
265033,Tecnotec Telecomunicações e Informática Ltda
265034,SPEEDBIT TELECOMUNICACOES LTDA - ME
265036,BMJNET TELECOM
265038,TELFO BRASIL
265041,Infotel Engenharia e Telecomunicações SCM
265050,S.O.S. TELECOM
265052,R N TELECOM
265053,SYS3 Telecom
265055,BMI TELECOMUNICAES
265062,NETFORCE Telecom
265063,COMETA TELECOMUNICACOES E SERVICOS LTDA
265067,Madmak Informatica Telecomunicacoes - LTDA ME
265078,JHS TELECOMUNICAÇOES
265080,AD Telecom
265083,UltraWeb Telecomunicações LTDA
265085,Linfortel Internet
265086,GUARATIBA TELECOM SERVICOS DE COMUNICACOES
265088,Club21 Servicos de Telecomunicacoes
265090,GS TELECOMUNICACOES LTDA
265093,PegaNet
265095,Grimm Telecom
265096,PRGNET SERVIÇOS DE TELECOMUNICAÇÕES
265097,Upnet Telecom
265100,FSI telecomunicacoes
265113,Sales Telecom e Informatica
265118,SKYNET Telecomunicacoes Eireli
265124,M.K TELECOMUNICAÇÕES LTDA-ME
265126,FLEETNET TELECOMUNICACOES
265131,GP4 TELECOM
265132,TELEMOS MULTIMIDIA LTDA
265133,radiusnet
265137,CONECTIVA TELECOM TECNOLOGIA LTDA - ME
265140,DUPONT & SCHWANKE
265144,MCD INFORMATICA E TELECOMUNICACOES
265152,WIP TELECOM MULTIMIDIA
265157,MICROTELL (MELL)..
265158,ORBE TELECOM
265160,FULL TECH TELECOM
265163,S R DA SILVA OLIVEIRA
265166,SuperNetwork Telecom
265169,MEGA TELECON PROVEDOR DE INTERNET
265170,GSM TELECOM SERVIÇOS DE PROVEDOR DE INTERNET LTDA
265171,SITELBRA
265173,MEGAMAX TELECOM LTDA - ME
265174,MENTRIX TELECOM
265177,WLA TELECOM
265178,Fox Telecom Internet
265189,i i telecom
265197,Nevoli Telecom
265205,UnoNet Telecomunicações
265215,FiberNet Telecom
265220,polixnet telecomunicacoes ltda
265224,M. DANTAS E CIA
265225,ASN265225
265226,UNICONNECT SERVICOS DE TELECOMUNICACOES LTDA
265230,MEGA NET SERVICOS DE TELECOMUNICACOES
265231,MF TELECOM LTDA-ME
265234,N-MULTIMIDIA TELECOMUNICACOES
265237,SINAL TELECOM LTDA
265244,MFT Servicos de Internet Comercio e Telefonia Ltda
265247,Estacaonet Telecom Servicos e Comercio Ltda
265249,TCM TELECOM LTDA
265257,GLOBAL INFO TELECOM
265260,JOSÉ APARECIDO PEREIRA DA SILVA TELNET - ME
265261,Tely Banda Larga
265263,MULTI TELECOM E COMERCIO DE INFORMATICA EIRELI ME
265265,S.D de Medeiros e Cia Ltda
265266,level2 telecomunicaçoes eireli
265269,MEGA TELEINFORMATICA
265274,FIXA TELECOM
265278,ZaapNet Telecomunicacoes
265281,Tecbuy Telecomunicações LTDA.
265282,DOMINA NET TELECOM
265283,IAGO NET
265286,Megas Net Telecomunicação Ltda
265287,GIGANET TECNOLOGIA E TELECOMUNICAÇÃO LTDA
265288,
265289,MP INFOTELECOM
265296,Caetité Telecom Ltda
265298,GR TELECOMUNICAÇÕES LTDA ME
265300,Regional Telecom
265302,SULCATEL TELECOMUNICACOES
265305,INTERMIRA INFORMATICA E TELECOMUNICAÇÕES LTDA-ME
265313,ANDERLINE TELECOMUNICACOES E MULTIMIDIA LTDA
265317,TRIXNET SERVIÇOS DE TELEINFORMATICA
265319,RSLEAL
265320,SATLINK TELECOM
265328,Master Net Telecom e Segurança Ltda
265330,Ponto a Ponto Telecom do Brasil
265335,PLANETA NET TELECOM
265336,ELneT Telecom
265337,SYNDIGITAL TELECOMUNICACOES LTDA
265339,VERDANTE TELECOM
265341,Pluggar Telecom
265344,CURIO NET INFORMÁTICA E TELECOMUNICAÇÕES
265345,HUP TELECOM LTDA
265346,BLR Telecomunicacoes
265348,intervix telecom eireli
265350,CSINET Telecom LTDA
265351,INFOARTES TELECOM LTDA
265355,L. T. SPECHT TELECOMUNICACOES ME
265356,NETPLANETY INFOTELECOM LTDA ME
265358,Brasilnet Serviços E Telecomunicações Ltda-Me
265360,AGILITY TELECOM
265363,RV-NET TELECOM
265364,ITlink Telecom LTDA
265369,C-ComTelecom Servicos
265377,FLASH NET TELECOMUNICAÇÕES LTDA ME
265382,SIGMA TELECOM LTDA ME
265388,MF Telecomunicação
265390,Topnet Telecom Serviços LTDA ME
265391,Provex Telecom
265393,FIRENET SERVIÇOS DE TELECOMUNICAÇÕES LTDA
265395,CELERIUM TELECOMUNICACOES
265398,nobre telecom
265401,INFOSYSTEM TELECOMUNICACOES E INFORMATICA EIRELLI
265404,GGNET TELECOMUNICACOES
265406,Web River Telecom
265407,TMK NET TELECOMUNICAÇÕES
265410,REDE JL TELECOM
265417,FRASANET TELECOM
265419,WA. TELECON COMERCIO E SERVICOS
265420,ANTONIO CARLOS ATELLA FERREIRA JUNIOR
265424,Horizontes Telecom
265426,SS TELECOM LTDA
265428,Taionet Telecomunicações Ltda. ME
265430,JDA Net - SKYNET Teleinformatica
265436,SkyNet Telecomunicações
265437,tecnet provedor telecom ltda me
265440,Telnet Sistemas e Comunicações
265446,FASTNET INFORMATICA
265447,romaotelecom
265451,INFOLINK TELECOM
265455,ASN265455
265460,LUP TELECOMUNICACOES LTDA
265464,EstacaoNET TELECOM
265467,LOCALL TELECOM LTDA. - ME
265472,ITA TELECOM
265473,DWLINK SERVICOS EM TELECOMUNICACOES LTDA - ME
265475,INFOMENCK COMERCIO E SER. DE TELECOMUNICACAO
265477,GTBA TELECOM
265480,OUROMAX TELECOM
265481,GM TELECOM E INFORMATICA LTDA ME
265483,JAPNET
265485,
265486,SUPERNET TELECOM
265491,Arp Telecom
265496,MAIQVOX TELECOM
265500,ALMEIRIM TELECOM LTDA ME
265515,TELEVERA RED S. A. P. I. DE C.V.
265534,TELECOMUNICACIONES DIVERSIFICADAS S.A. DE C.V.
265551,TELEVISION POR CABLE TEPA
265566,TELESISTEMAS PENINSULARES
265569,QUANTATEL SA DE CV
265574,IPTVTEL COMUNICACIONES S DE RL DE CV
265586,INBTEL SA DE CV
265587,Hulux Telecomunicaciones
265590,ABIX TELECOMUNICACIONES S.A. DE C.V.
265594,Television Internacional S.A. de C.V.
265596,PROTOKOL TELECOMUNICACIONES SA DE CV
265600,Grupo Velcom Telecomunicaciones SA de CV
265615,Assetel
265624,TELTAN TELECOMUNICACIONES S. DE R.L. DE C.V.
265625,Jafica Telecomunicaciones
265629,FiberComm Telecomunicaciones
265637,AIQUEL EDUARDO RAUL (CABLE VISION SP)
265641,CIX BROADBAND
265661,265661
265675,ARTEC TELECOMUNICACIONES
265680,HNTELCO
265691,WI-NET TELECOM
265699,Hidalgo Mario Gabriel
265711,KOLVECH S.A. (TELECOMVAS)
265713,Cooperativa Telefónica Santa Maria Limitada
265723,Coop. Telef. de San Vicente Ltda.
265762,CASTRO TELLO MARCO IVÁN (CONEXIÓN GLOBAL)
265795,coopsalsipuedes
265838,TELECOM
265852,Carlos Paz Television Net
265855,LEGON TELECOMUNICACIONES
265858,NETDELSUR TELECOMUNICACIONES
265861,SISTEMAS SATELITALES DE COLOMBIA SA ESP
265877,Cotelvo Ltda.
265883,CENTENARO ADRIANO (ADRYANO TELECOM)
265886,Universo Digital Telecomunicações
265887,R W TELECOMUNICACOES
265890,GR SOLUCOES TELECOM
265891,LMS Telecom LTDA
265892,Telbe
265896,VIVA TELECOMUNICAÇÕES
265904,D N VILELA TECNOLOGIA
265905,NV7 TELECOM LTDA
265913,Teleinfor
265918,SMART LINCK TELECOMUNICACOES LTDA
265923,DEFLEX TELECOM EIRELI - ME
265924,NOVARJ TELECOMUNICACOES E SERVICOS LTDA-ME
265927,GIGANETLINK TELECOMUNICACOES LTDA ME - ME
265929,Invista Net Telecom Ltda
265931,ISP Conecta Telecom
265933,connectx serviços de telecomunicações
265937,ALIANCANET TELECOM
265938,Lar Telecomunicações
265942,BLUEWEB TELECOM EIRELI - EPP
265943,RCTelecom Telecomunicaoes
265944,BR UP TELECOM
265949,INFO TELECOM INTERNET LTDA
265952,Projemar Telecomunicações
265957,SolNet Prestação de Serviços de Internet LTDA
265958,REAL TELECOM EIRELI ME - ME
265960,FNETCOM TELECOMUNICACAO E INFORMATICA LTDA
265965,Pinhais Net Telecom Comercio e Serviços Ltda
265972,Donini & Saldanha Telecomunicacoes
265973,R7 TELECOMUNICAÇÕES EIRELI ME
265975,INTEREDE TELECOM
265976,NETFULL TELECOMUNICAÇÕES LTDA-ME
265978,WM TELECOM
265979,DATALIG TELECOM
265980,FIBRA PARA O LAR TELECOMUNICACOES
265981,Linknet Telecomunicações LTDA
265983,F J S LESSA - ME
265986,Linkup Telecomunicações
265989,GARCIA TELECOMUNICACOES LTDA
265996,PAULO HENRIQUE FREITAS SILVEIRA
265997,ARTNET TELECOM
266003,BRASILEIRO TELECOM
266004,VIAWEB TELECOMUNICACOES LTDA
266011,FABLINUXER CONNECT TELECOMUNICAÇÕES
266020,Iclick telecom
266025,OPTICA TELECOM LTDA
266028,SMARTSEND TELECOM
266029,SBNET TELECOM
266030,W B DE ANDRADE TELECOMUNICAÇÕES E INFORMÁTICA
266034,Falou Telecom
266036,NETGAMES TELECOM
266038,VN TELECOM PROVEDORES A.R.C EIRELI
266043,CANET INTERNET E TELECOM
266049,Rede.com Telecom
266051,BSB TIC SOLUCÕES LTDA - EPP
266052,Interviva Telecom e Serviços LTDA ME
266057,X2 TELECOM LTDA
266059,HOSANNA PROV DE SERV DE INTERNET
266065,VANGUARDA TELECOMUNICAÇÕES LTDA ME
266066,I9VA TELECOM
266067,TECHNOLOGY TELECOM
266072,Global Telecomunicacoes MT
266080,CMA MULTIMIDIA TELECOMUNICACAOES
266083,BANDA A TELECOMUNICAOES LTDA ME
266090,H NEWS TELECOMUNICACOES E INFORMATICA LTDA - ME
266094,CONEXAO MB E TELECOMUNICACOES
266095,Zetek Telecom
266103,AGILITY PATU
266104,A Variani Júnior servico
266107,EVEN- TELECOM LTDA - ME
266113,ASN266113
266114,TOTUS TELECOMUNICAÇÕES LTDA
266115,W Rodrigo de Jesus ME
266117,GLINK TELECOM
266121,A.S.DOS SANTOS - TECNOLOGIA DA INFORMACAO
266127,JMNet Telecom
266129,LOCALLINK TELECOMUNICAÇÕES LTDA - ME
266132,VTX NET TELECOM LTDA
266136,R. P. DE B. ALVES SERVICOS E TELECOMUNICACOES
266139,ZENAIDE ALVES DE SOUZA OLIVEIRA E CIA LTDA - ME
266140,CMC Telecom EIRELI - ME
266142,Bahiadados Telecom
266146,Inove Telecom
266148,MAIS FIBRA TELECOMUNICACAO LTDA
266150,Borille Serviços de Telecomunicações Ltda.
266153,WebLine Telecom
266160,Kater Telecomunicações
266165,Nwire Telecom
266167,CELERIX TECNOLOGIA DE TELECOMUNICACOES
266170,FUTURETEC TELECOM
266171,MUSSEL NET TELECOMUNICAES EIRELE ME
266172,Inter.Net Servicos em Telecom Ltda
266177,Exon Technology
266178,C2M SERVIOS DE INFORMTICA E TELECOMUNICAES
266180,CIANET DOURADOS-SERV. EM TEL. E TECN. DA INF. LTDA
266189,SITELBRA LTDA
266193,Mailbox INTERNET E TELECOMUNICAÇÕES LTDA
266194,FIBRANET TELECOM
266197,IBL TELECOM
266200,EX2NET TELECOMUNICAÇOES - LTDA
266204,SIM BRAZIL TELECOM
266207,Onitel
266208,Allfiber Telecom Serviços de Telecomunicações
266213,INOVA FIBRA
266215,ServTEC Telecom
266216,Brasil Like telecomunicações
266219,VISIO TELECOM
266229,lins. net telecom
266232,Artinet Telecom
266235,CONECTAR TELECOMUNICACOES DO BRASIL LTDA - ME
266236,VELPRO TELECOMUNICACOES
266238,NETCANES TELECOM
266240,A2 TELECOM EIRELI - ME
266243,DFL TELECOM
266245,Burda Comercio e Serviços
266246,ISP PREMIUM TELECOM S/A
266251,INFOWORLD TELECOMUNICAÇÕES LTDA
266253,C A DE SOUZA
266260,ITOP TELECOM
266267,LIGUENET TELECOM LTDA - ME
266269,MVTELECOM
266271,INTERAGE TELECOMUNICACOES E INFORMATICA
266272,JundFibra Telecomunicações
266274,NETWEST TELECOM
266275,JEFFERSON KAYAM DA ROCHA
266279,QUALITY TELECOM
266281,Piccinin Computadores e Telefonia Ltda
266284,ADAO DA SILVA NORTE-TEL TELECOMUNICACOES
266291,ANDERNET TELECOM
266292,NETGOIAS TELECOM LTDA - ME
266296,Green Telecom LTDA
266302,RENOVENET PROVEDOR INTERNET LTDA - ME
266303,PROVYNET TELECON LTDA ME
266304,Plig Telecom LTDA
266312,NaveNet Telecom
266316,WIPY COMERCIO E SERVIÇOS DE TELEINFORMATICA LTDA
266317,REVILINK TELECOM
266319,Smart Telecom Networks Serv.de Telecom. LTDA M.E
266321,ASN266321 - ConectMAX Telecom
266323,HPN TELECOMUNICAÇÕES
266325,SOURCE CONNECT TELECOMUNICAÇÕES
266332,PRESTEL SERVICOS
266338,HDL SOLUCOES EM TECNOLOGIA
266339,Grupo DDSAT
266346,ATIVA INTERNET
266351,SAIBERT TELECOM
266353,REDE BJNET TELECOMUNICAÇÕES LTDA-ME
266355,Sulnet Telecom
266359,NR
266360,UPTOPIANET INFORMATICA E TELECOMUNICAÇÕES
266362,NORTE TELECOM PROVEDOR DE INTERNET EIRELI
266366,GIGA NET TELECOMUNICACOES
266369,GNET TELECOM
266371,R7R
266376,CYBERNET TELECOM SERVIÇOS DE INTERNET
266381,Galax Telecom
266384,TURBONET ASSESSORIA E CONSULTORIA EM TELECOM LTDA
266385,TR Servicos de Telecomunicacoes
266386,BLUS TELECOM LTDA - EPP
266387,World Fast Telecomunicacoes
266394,SIGTEL TELECOM
266397,UNINET TELECOM E INFORMÁTICA - EIRELLI - ME
266398,SPEEDY NET TELECON LTDA-ME
266399,NUDOZE TELECOMUNICACOES EIRELI
266409,SECW TELECOM
266418,SERVTEL EIRELI
266419,ANANET Telecomunicações e Informática LTDA. ME
266423,CONNECTVY TELECOMUNICACOES
266425,Franzoni Telecomunicações
266427,CINTIA AUXILIADORA DE ALCANTARA BARBOSA - ME
266430,Victor.net e Link Evolution Telecom
266431,LITORAL TELECOM PROVEDOR DE INTERNET E SERVICOS LT
266433,Super On Telecom
266434,MASTER DATA TELECOMUNICACOES
266436,NETCENTER TELECOM Porto Seguro
266439,InfoMaxx Telecom
266441,LWNET COMERCIO E SERVICOS DE COMUNICACOES LTDA
266445,SEA TELECOM AS266445
266452,ELETROINFO TELECOMUNICACOES LTDA - ME
266454,EXPAND TV
266459,TECNOLOGY TELECOM
266462,SW Telecomunicações e Informática Itu Ltda. - ME
266465,CLIKANET TELECOM
266466,Maxcabo Telecomunicações Ltda
266467,Guimaraes E Venâncio Telecomunicações Ltda-ME
266468,ACESSANET TELECON
266475,SEM FRONTEIRAS TELECOMUNICAÇÕES
266477,L2K FIBRA LTDA
266481,NET RIBAS TELECOMUNICACOES
266483,CIANET TELECOM
266487,Speed Max Telecomunicação
266489,ZANCHET E PAIM TELECOM
266493,SN BANDA LARGA COMERCIO E TELECOMUNICACOES
266502,TimerNet Telecom
266507,Uraí Telecomunicação Multimidia Ltda
266514,Antonio J De Albuquerque ME
266517,M.B. SERVIÇOS EM TELECOMUNICAÇÕES LTDA
266518,LINK BRASIL COMUNICACAO MULTIMIDIA
266519,Proveradio Telecom (Grupo EVO)
266520,VOOB TELECOM
266522,Realnet Telecomunicacoes e Multimidia ltda
266523,MVF Telecom
266524,ONBAHIA TELECOM
266528,Master Telecomunicações LTDA ME
266529,ASPEEDNET TELECOM ME
266534,Azecom Telecomunicacoes
266539,LINQ TELECOMUNICAÇOES
266545,HOUSENET TELECOMUNICAÇÕES
266550,WOW TELECOM COMUNICACAO MULTIMIDIA
266553,MEGA NETWORK TELECOM
266554,QST Telecom LTDA - ME
266563,NOVA REDE TELECOM
266565,STAR LINE TELECOMUNICAÇÕES
266570,ELETRICNET TELECOMUNICAÇÕES
266571,PROFIBER TELECOM LTDA
266572,WORLDNET TELECOMUNICAÇÕES
266578,Sevennet Telecom
266580,PC INFO TELECOM EIRELI - ME
266583,TELXE DO BRASIL TELECOMUNICACOES LTDA
266586,NetBig Telecomunicações LTDA
266592,LIFE INTERNET
266593,JASGAB TELECOM
266606,VSTNETFIBER TELECOM
266608,Ola Fibra Telecomunicacoes
266610,G3 TELECOMUNICACOES GLOBAL
266613,Telebrasilia
266619,LOGPLAY - Webviva Telecomunicacoes LTDA
266620,(VIPLANET) E D TELECOMUNICES
266621,IGNET LINHAS TELECOMUNICAÇÕES - ME
266624,CONEXAO VIP TELECOM
266625,WCA TELECOM
266626,Litoral Telecom
266627,INTERATIVA TELECOM E TI LTDA ­ME
266634,KLINK TELECOMUNICAÇÕES LTDA
266636,REDE WORKS TELECOM
266638,ASN266638
266640,
266642,SSM TELECOM E SERVIÇOS LTDA - ME
266643,NETFY TELECOMUNICACOES
266646,MEYER TELECOM
266650,QERO TELECOMUNICACOES DO BRASIL
266651,R. M. TELECOM
266672,SYSNOVELLTEL
266673,FLYTEC TELECOM SOCIEDAD ANONIMA
266694,FULL TELECOMUNICACIONES S.A
266698,INSITEL
266704,TELEVISION ORIENTADA S.A.
266705,GABRIEL FRANCISCO ERBETTA Y MARIANO ANDRES CARRIZO RICHELET SOCIEDAD DE HECHO (TELNET SOLUCIONES)
266715,tvncl
266722,AMITEL PERU TELECOMUNICACIONES SAC
266731,TELECOMUNICACIONES MAURICIO ANDRES KASENDRA LARENAS
266732,Fibertel Perú
266734,TELEVISION POR CABLE
266765,INTELCOM
266779,ANMAX Telecom
266814,266814
266830,AP Telecom
266840,CMP WILL TELECOMUNICACIONES
266844,MELSAT TELECOMUNICACIONES
266857,SERVICIOS DE TELECOMUNICACIONES FULLTV
266870,SERVICIO DE TELECOMUNICACIONES VEMOS MAS
266877,COLOMBIATEL TELECOMUNICACIONES
266900,IPTEL - NOVA VISION
266911,VicNet Telecom
266915,QUALITY TELECOMUNICAÇÃO
266917,MARIPANET TELECOM LTDA
266918,NCB TELECOMUNICAÇÕES EIRELI EPP
266920,Globofiber Telecom
266923,IPconect TELECOM
266926,EJ TELECOM
266934,G5 TELECOM
266936,MT-TELECOM SUL
266937,COM TELECOM
266941,MEGA WAVE TELECOM
266943,INFORWAY INFORMATICA E TELEFONIA LTDA - ME
266944,CanalBR Telecom
266951,REDE CONECTA TELECOM
266958,Net Telecom MD Ltda-ME
266961,Arias Telecomunicações
266964,INFOWAYNET TELECOM
266966,INTELINK COMUNICACAO
266967,Tera Fiber Telecomunicações
266968,SUANET TELECOMUNICAÇÕES
266975,EURONET TELECOM
266978,FOUR NETWORK SERVICOS DE INFORMATICA
266983,XZoom Telecom
266984,Navix Telecom
266986,OLV Telecom
266987,Web - Link Telecomunicações e Engenharia
266989,ETH TELECOM
266992,Oliveira & Fernandes Telecomunicações
266995,Evox Telecom LTDA - ME
267007,Turbo Net Telecom Servicos e Vendas de Equipamento
267013,INTERNET SOLUTION PROVIDER TELECOM. LTDA ME
267019,AH PROVEDOR TELECOM
267020,VS TELECOM
267031,DUNAS TELECOM
267032,DIGINETBRASIL TELECOMINICAÇOES LTDA ME
267033,serrasul telecom ltda
267035,MS TELECOM
267038,M. V. MENEZES TELECOMUNICAÇÕES EIRELI - ME
267050,LMNET TELECOM
267051,Nexus Fibra Telecomunicações LTDA
267054,LINKWAY INFORMÁTICA
267055,N.C Sat Mais Veloz
267062,W-NET
267065,MSA TELECOMUNICACAO LTDA - ME
267070,Fibranet Juiz de Fora Serviços de Telecomunicações
267073,L A P JUNIOR EIRELI - ME
267076,REDE MINEIRA DE TELECOMUNICAÇÕES LTDA
267077,L DE S SILVA INFORNET SERVICOS TELECOM
267091,Veloce Telecom
267096,HELLO WEB TELECOMUNICACOES E SERVICOS
267102,CONECTA INTERNET
267106,NETFIBRA TELECOMUNICACOES
267110,CENTER CONECTION - TELECOM
267116,NETMANIA TELECOMUNICAÇÕES LTDA
267121,Atplus Telecom
267122,Infoturbo Telecom LTDA
267123,MEGANET TELECON LTDA
267125,NETUP TELECOM
267128,Speednet Telecom
267129,NET+ TELECOM
267145,Netsim Provedor de Sistema de Integracao A Midia
267156,CHARLLEY PEREIRA DA SILVA
267158,MG NET TELECOMUNICACOES LTDA ­ ME
267159,LTNET Telecomunicacoes EIRELE ME
267162,LINKNET Telecom
267164,S & R Telecomunicações LTDA
267167,VIRTUALI SOLUÇOES EM TELECOMUNICAÇOES EIRELI
267169,ONLINE TELECOMUNICACOES E SERVICOS LTDA
267174,Powernet Telecom AS267174
267180,Copnet Comercio e servicos de Telecomunicacoes
267183,CINE NET TELECOM LTDA
267184,E J DO N BEZERRA & CIA LTDA - ME
267185,CCS Camboriú Cable System de Telecomunicações
267186,L AGENOR DE MELO
267190,FLEXNET TELECOMUNICACOES
267192,TELCOM PROVEDOR DE ACESSO
267194,ASA BRANCA TELECOMUNICAÇÕES LTDA-ME
267195,REDE TELENEW EIRELI - ME
267197,Camoa Telecom
267198,G_NET Serviços de Telecomunicações Ltda - ME
267199,RedeMetro Telecom
267200,Microlink Fibra
267201,Fiber One Telecomunicações
267205,JOTAZO TELECOM
267207,RFTecnologia Teleinformática Ltda-ME
267219,NETWARE TELECOMUNICACOES E INFORMATICA EIRELI
267221,Gold Telecom
267224,LOGPLAY - Itelecom Solucoes Em Comunicacoes LTDA
267225,Filhonet Telecomunicacoes Ltda - ME
267227,FLAT TELECOMUNICAÇÕES LTDA
267229,DG Telecom Serviços de Telecomunicações LTDA
267233,Set Sistemas de Seg. Elet. e Telecomunicações
267234,OJS SERVIÇOS DE APOIO ADMINISTRATIVO
267237,Elevalink
267242,AMAZONIA TELECOMUNICACOES
267245,NETFACIL TELECOM
267251,TELEFONARNET TELECOMUNICAÇÕES
267257,IdealNET Telecom
267261,PROXER TELECOMUNICAÇÕES LTDA ME
267262,Unit Telecom
267263,Viva Telecom AS267263
267264,JrFiber Telecomunicações
267265,DINAMICA TELECOM LTDA
267277,JORGE LS MARTINS TELECOM INFORMATICA
267281,GIGANET TELECOM LTDA-ME
267286,DJG PROVEDOR E SERVICOS DE TELECOMUNICACOES
267288,PONGAR TELECOM
267291,satynet telecom ltda -me
267297,NETUNO DO BRASIL TELECON Network
267301,TEUTONET TELECOMUNICACOES
267308,J L X Telecom
267311,MGNETT TELECOMUNICAÇÕES LTDA - ME
267313,DMC TECNOLOGIA E INFORMATICA
267316,Nova Info Telecom Ltda.me
267318,KMB CONSULTORIA & TELECOM
267323,DOUETTES SERVIÇOS DE INFORMATICA E TELECOMUNICAÇÕE
267328,IBEXNET TELECOM LTDA-ME
267331,Onefibra Telecomunicações
267335,MUNDIAL TELECOMUNICACAO
267339,3M Internet Fibra
267342,HELP TELECOM
267347,PEGASUS
267348,FC Telecomunicações
267350,Go INTERNET E TELECOM LTDA ME
267357,LIVENET FIBRA
267362,ILIMITECH TELECOM JUSSARA EIRELI
267363,L E M INFORMATICA E INTERNET LTDA
267366,: F L SALVIANO PROVEDORES
267367,GIGASETE TELECOM
267369,ADENILTON DA PAIXO RIBEIRO
267374,ICOS TELECOM LTDA - ME
267377,acesso net telecomunicacoes ltda-me
267378,CWMC TELECOM
267381,SLIM TELECOMUNICACOES DO BRASIL
267384,ASN267384
267386,P.j. Campos Perina - ME
267390,POWERTEC TELECOMUNICACOES
267394,AV3M Telecom e Multimidia LTDA
267396,Rv Connect telecomunicações
267397,SKYNET ARUJA
267399,TOP 37 ESTACOES E REDES DE TELECOMUNICACOES
267405,WIKINET TELECOMUNICAÇÕES
267410,TELECOM 2D
267412,ASN267412
267419,VISUALNET TELECOM
267423,NICFIBRA TELECOM
267424,G.C.TELECOMUNICAÇÕES LTDA-ME
267425,TSCM NET BRASIL TELECOMUNICAÇÕES
267426,AQUI TELECOMUNICACOES
267428,LEX TELECOM
267429,GRAFNET TELECOM
267430,CBR TELECOMUNICAÇÕES LTDA
267437,Ultracom Telecomunicações Ltda
267438,TECNOLINS COMÉRCIO E SERVIÇOS E TELECOMUNICAÇÕES LTDA
267440,INFOCO TELECOM
267447,LK TELECOM INFORMATICA LTDA ME - ME
267449,GLOBALNET TELECOMUNICAÇÕES
267452,CABONNET - R W TELECOMUNICACOES
267453,Neticabo Telecom Ltda - ME
267455,ASN267455
267456,INOVANETCE TELECOM
267459,R3TELECOM INTERNET
267462,Espaço Link Telecomunicações
267467,LL AUTOMAÇÃO E TELECOMUNICAÇÕES
267469,W8 Telecom
267470,Cx Pro
267475,LIG TELECOM
267484,cabonnet telecomunicacões
267494,DNL NETWORK TELECOMUNICAÇÕES LTDA
267495,Brasil Central Telecomunicação
267496,PAK TELECOMUNICACOES E TECNOLOGIA DA INFORMACAO
267497,GL TELECOM LTDA - ME
267498,VIDATEL SERVICOS CONVERGENTES EM TELECOMUNICACOES
267501,Equatorial Telecomunicações LTDA
267503,RCM TELECOM INFORMATICA
267506,NETLUX Telecom
267510,PROVEDOR CRNET TELECOM S.C. MULTIMIDIA EIRELI
267512,ENTERPRISE INFORMATICA & TELECOMUNICACOES
267513,Seanet Telecom Carazinho
267514,Otima Telecomunicações Ltda ME
267516,COMPANY INTERNET
267517,AVIAnet Telecom
267522,GLOBAL BANDA LARGA SERVICOS DE TELECOMUNICACOES
267523,ARANTES & ARANTES TELECOM
267529,KNS DE PINHO TELECOMUNICACOES
267536,AFCH Solucoes e Empreendimentos
267537,NETFLESH TELECOM E COM DE PROD DE INFORMAT LTDA-ME
267540,ITACELL TELECOM
267542,ED-LINK TELECOM
267545,Power Networks Telecomunicações
267546,Goiás Conect
267548,W P DE LIMA
267551,DATACOM TELECOM
267552,Turbo Net Telecom LtdaME
267554,+Net & Telecom
267555,CONECT FIBER TELECOMUNICACOES LTDA - ME
267556,Explorer Telecom Barretos Informatica
267560,PC CONNECT TELECOMUNICACOES
267563,Ei Telecom
267564,FIBER TELECOM - TELECOMUNICAÇÃO DE DADOS
267568,R. C. F. ­ TELECOM
267570,Rafael Zamboni Freisleben
267571,SUMITA TELECOMUNICACOES LTDA
267575,Maranet Telecom
267576,Conet Telecom
267583,
267586,Tunins Telecom
267587,CLICK SPEED SERVICOS DE TELECOMUNICACOES
267588,MaxWeb Telecom
267596,Padilha e Padilha Ltda
267603,
267607,Giatech Telecomunicações LTDA - ME
267611,TECHNO BYTES TELECOM
267612,UNIAO DIGITAL TELECOMUNICAÇÕES
267614,SIGAON SERVICOS TELECOMUNICACOES EIRELE
267618,ARPRONET TELECOMUNICACOES
267619,AGRESTE TELECOMUNICAÇÕES
267621,IFIBER TELECOM
267629,SGV TI E TELECOM
267633,DATANET TELECOMUNICAÇÕES E INFORMATICA LTDA
267638,Wind Telecomunicação do Brasil Ltda - ME
267641,DKTelecom
267642,T. TELES LEITE TELECOMUNICACOES
267643,RPM TELECOMINICAÇÕES LTDA -EPP
267645,VISION ON LINE TELECOM
267648,SPEEDNETMAIS TELECOMUNICAÇÕES LTDA - ME
267649,FEGUI-DS NET TELECOMUNICACOES LTDA - ME
267650,JCL TELECOMUNICACOES
267651,OpenNET Telecom e Informatica EIRELI - ME
267653,IS TELECOM LTDA ME
267675,AKI NET TELECOM LTDA ME
267685,SIRIO TELECOMUNICACIONES
267686,TELCAB ARGENTINA
267691,ENTER TELECOMUNICACIONES BANDA ANCHA SAS
267693,PROYTEL CONNECTIONS C.A
267699,CUBOTELECOM
267728,SOCIEDAD DE SERVICIOS TECNOLÓGICOS Y TELECOMUNICACIONES TELCONOR LTDA.
267745,TELECOMUNICACIONES WIFIRED
267746,TELECOMUNICACIONES PIXEL LTDA.
267749,INVERSIONES TELCOTEL SAC
267770,COTEGUA LTDA (Coop. de Telecomunicaciones Guayaramerin Ltda.)
267772,LATINA NET TELECOMUNICACIONES
267781,GRUPO TELMAX
267783,QUALCOM TELESISTEMAS C.A.
267795,267795
267796,BETEL SOLUCIONES S.A.S
267803,TEVISAT TELA S.A.
267807,PSI TELECOMUNICACIONES DE COLOMBIA LTDA
267823,Atenea Telecomunicaciones
267831,INVERSIONES EN TELECOMUNICACIONES DIGITALES
267869,CABLE Y TELECOMUNICACIONES DE COLOMBIA S.A.S (CABLETELCO)
267883,267883
267894,Setel Ltda
267895,SICSATEL
267903,COOPERATIVA TELEFONICA DE MAYOR BURATOVICH LTDA
267904,TELEVISORA DEL SUR SAC
267918,TELEGA SOCIEDAD ANONIMA
267925,COOPERATIVA TELEFONICA Y OTROS SERVICIOS PUBLICOS  ASISTENCIALES EDUCATIVOS VIVIENDA CREDITO Y CONSUMO TILISARAO LIMITADA
267929,GENIONET TELECOMUNICACIONES S.A.S
267933,IBI TELECOM  AS267933
267935,GV telecomunicações
267938,UNIC SERVICOS DE TELECOMUNICACOES
267942,Primeline Latam LTDA
267945,MICROCHIP-NET TELECOM SERV COM MULTIMIDIA LTDA
267951,ALVARO REBOUÇAS COELHO
267955,OP TELECOM
267956,FRANCISCO WESLEY GOMES FERREIRA
267957,Andys Informatica Com. e Serv. de Info.
267963,HAYAN TELECOM
267965,PORTAL NET TELECOM SERVICOS DE COMUNICACOES LTDA
267969,AAM BOLDRINI TELECOM
267973,G.V.R. TELECOMUNICAÇÕES E SERVIÇOS LTDA - ME
267978,JOTA NET TELECOMUNICACOES LTDA - ME
267980,City Turbo Telecom
267983,L V SERVICOS DE TELECOMUNICACOES
267985,Conectiva Redes e Telecom
267988,JH SORCI TELECOMUNICAÇÃO
267994,ASN267994
267997,DANTAS & SOUZA IMPORTACAO & EXPORTACAO
268006,KRC net Telecom LTDA
268013,Optfiber Telecomunicações
268019,RODRIGUES & LEAL SERVIÇOS DE TELECOMUNICAÇÃO
268022,NORDESTE TELECOMUNICACOES E PORTAIS DE PROVEDORES
268023,USONEX SERVICOS DE TELECOMUNICACOES LTDA
268034,Web River Telecomunicações Ltda
268038,LG Telecomunicacoes
268040,IGMAX COMERCIO E SERVICO DE TELECOMUNICACOES LTDA
268044,MJB TELECOMUNICAÇÕES
268046,TELECOM INFORMATICAEIRELIME
268051,NEXFIBRA TELECOMUNICACOES LTDA
268055,LOKAL ONLINE TELECOM SERVICO DE TELECOMUNICACAO
268056,LEXCOM TELECOM
268059,HP Telecom LTDA
268060,FTLNET
268064,Net 1000 Telecom Ltda
268067,Estivanet Multimidia e Telecom
268069,SPACELINK
268070,INFO CONNECT TELECOM LTDA
268072,BNT TELECOM SERVICOS DE TELECOMUNICACOES LTDA
268080,JMA PROVEDOR DE INTERNET
268083,HOME FIBRA TELECOMUNICAÇÕES
268086,WD TELECOM SOLUCOES EM TELECOM E SEGURANCA
268087,RADIONET TELECOM LTDA
268091,ZM SERVICOS EM TELEFONIA
268092,Bottega Telecomunicações
268093,DIRECTNET TELECOM LTDA
268094,PRIME CONNECT TELECOMUNICACOES LTDA
268096,InfoBR Telecomunicações
268097,i10 Telecom
268099,BJ NET BANDA LARGA
268101,MIO TELECOM LTDA
268104,G7NET AS268104
268105,N.F.F.NETWORK SERVICOS DE TELECOMUNICACOES LTDA
268107,GERENSIS TELECOM E SERVICOS LTDA - ME
268108,UP INTERNET TELECOMUNICAÇÕES LTDA
268109,
268111,S-NET TELECOM
268120,Garden Telecom
268122,ASN268122
268123,INOVA TELECOMUNICAÇÕES EIRELI
268124,CONEXAO TELECOM
268125,Jequie Telecom Servicos
268126,DGNETTelecom
268129,
268131,MIX NET TELECOMUNICAÇÕES
268134,Topetex Telecom
268136,P J A TELECOMUNICACOES LTDA
268137,Net Sini Fiber Home Telecomunicação LTDA - me
268144,Grandella Telecomunicações e Construções Ltda
268145,IPV7 SERVICOS DE TELECOMUNICACOES BRASIL
268146,PKNET SERVICOS DE TELECOMUNICACOES LTDA
268148,AccessLink Telecom
268149,3One Telecomunicações e Serviços - LTDA
268155,TRACECOM SOLUCOES
268157,ELEVAR TELECOM LTDA
268158,S.P. TELECOM LTDA
268159,CD TELECOMUNICACOES LTDA
268162,
268166,POINT TELECOM SERVIÇOS LTDA
268168,Fast Provedor
268170,DOWNLOAD NET TELECOM LTDA - ME
268176,LINK TELECOM EIRELI
268177,D & B TELECOMUNICAÇÕES LTDA
268181,TELECOMUNICACOES JUPI LTDA
268182,JNET TELECOM EIRELI
268184,AlphaBrasil Networks Telecom
268186,InterOuro Telecom
268188,ROBSON LIMA DA SILVA PROVEDOR DE INTERNET
268189,Getel Telecom
268190,LINK NET TELECOMUNICAÇÕES LTDA - ME
268191,MARTINS TELECOM
268194,G2 Telecom
268195,LINK FLY TELECOM LTDA - ME
268197,AJR Fibervision Tecnologia e Telecom
268198,StacaoNET Telecom
268201,IGP Fibra
268207,RVT SERVICOS DE TELECOMUNICAÇÕES
268209,GISELA PEREIRA DOS SANTOS TELECOMUNICACOES-ME
268210,WB TELECOM
268213,Full Telecom
268215,Rede Speed Telecom
268219,SDG TELECOM E SERVICOS
268222,FENIX TELECOM
268229,VIA ONDAS TELECOMUNICACOES LTDA
268230,SEA TELECOM AS268230
268231,X-CELENTE TELECOM
268233,RAPIDLINK TELECOM
268235,VLA TELECOMUNICACOES - AS268235
268238,Clicknet Telecom. Provedor de Internet LTDA
268239,Iconnect Serviços de Telecomunicações
268243,LUXFIBRA TELECOMUNICAÇÕES
268246,ATIVA TELECOM LTDA
268250,Arpa Telecom LTDA ME
268251,STARFIBER INTERNET
268257,SIDI SERVICOS
268263,ITABATA TELECOMUNICACOES LTDA
268265,T F LINK TELECOM
268267,INFONET TELECOM
268271,MINAS NET TELECOM LTDA
268272,TBN TELECOMUNICACOES LTDA ME
268274,JE INFORMATICA LTDA ME
268275,GOOD TELECOM PROVEDOR DE INTERNET LTDA
268286,TECH PIGNATON TELECOM
268288,JUPITTER TELECOM PROVEDOR
268289,Audicom Telecom
268291,MI NET TELECOM
268294,NovoLink Telecomunicacoes Ltda
268296,BARRANET TELECOMUNICAÇÕES LTDA
268299,ACESS TELECOMUNICACOES
268300,Ativar Telecom
268305,T & I TELECOMUNICAÇÕES LTDA ME
268308,VIVA CONNECTION TELECOMUNICAÇÕES LTDA ME
268310,IBNET TELECOM LTDA
268311,Dconnect Telecom
268314,EWERTON DA SILVA LOPES TELECOMUNICAÇÕES
268316,VAITELECOM LTDA ME
268317,CSTELECOM SERVICOS LTDA
268320,GRUPO INOVA MAIS TELECOM LTDA
268321,SM Passos Kayser Sistemas de Comunicações
268323,AZZA TELECOM
268324,Provecom
268329,ONLINE TELECOMUNICACOES LTDA
268330,LOUZEIRO & MORAIS
268331,LINK BARATO
268335,ORACLON TELECOM
268336,A Fróes da Mota telecomunicaçoes
268339,MOBILLE TELECOM
268344,TECKLINK NET
268346,FIBERNETT TELECOM
268349,ALAGOINHAS TELECOM
268350,R.R.COMUNICAÇÃO & MULTIMIDIA EIRELI
268352,Dendena Koerich e Vieira
268353,PPLINKNET
268360,TB TELECOM LTDA
268362,ALANHOUSE NET TELECOM LTDA - ME
268364,ADSON CORREIA DA SILVA
268365,VALDEMIR DE SANTANA ROLIM - ELETROTEL
268367,ITELFIBRA TELECOMUNICAÇÕES LTDA
268371,COOPERA TELECOMUNICACOES
268373,ESTARNET
268374,Telnet Servicos e Comércio em Informática Ltda.
268376,IGRI TELECOM LTDA - ME
268377,LOCALNET TELECOM
268383,RCSANTOS SERVICOS DE TELECOMINICAÇOES E
268384,JC TELECOM
268391,GramNet
268392,Hagalink Telecomunicacoes Ltda - Me
268394,Casavechia & Pierobom Telecomunicações Ltda - Me
268398,Connecta Comercio de Informatica e Telecom
268402,CALIFORNIA TELECOM LTDA
268406,R G LIMA PROVEDORES
268407,TOP MASTER TELECOM
268409,Teleart Internet
268410,k & A Telecomunicacoes Ltda - ME
268413,ACENO TELECOMUNICACOES LTDA
268418,Viniix Telecom
268421,WEBFIBER TELECOMUNICACAO
268423,susana g de souza me
268425,TURBOMAIS NETWORKS TELECOMUNICAÇÕES LTDA
268428,
268429,SISTELBRAS TELECOM
268430,L&R Soluções em Telecomunicações
268434,Quadri Telecom
268436,Starcamp
268437,Braxtel Telecom e Ti
268449,SL Telecomunicações EIRELI
268455,MASS TELECOMUNICAÇÃO
268458,VIRTUAL NET TELECOM
268459,CLICK & NAVEGUE TELECOMUNICAÇÕES
268462,NEXUS TELECOMUNICACOES LTDA
268470,CONECTAR TELECOM BANDA LARGA LTDA
268473,NATANIEL DOS SANTOS TELECOMUNICAÇÃO
268480,
268481,CENTERSAT TELECOMUNICACOES LTDA
268482,Connect Telecomunicações
268484,AIRNET INTERNET TELECOM
268485,Fibrativa Telecomunicaçoes - Eireli - ME
268487,PRISMA TELECOMUNICAÇÕES LTDA. EPP
268493,SpeedNet Telecom
268494,TURBO NET TELECOMUNICAÇÃO
268500,B C INFORMATICA E TELECOMUNICACOES LTDA
268502,Sinal do Ceu Telecom Comercio e Servicos
268503,L.L Informatica
268505,Deep Telecom
268506,LEON TELECOM LTDA
268508,BONZONE Telecom
268509,COMPLETA Telecomunicações
268512,VOO TELECOM
268514,PLUS TELECOM DO BRASIL
268516,Midia Net Telecom
268518,Starnet Telecom
268525,E3 Telecom
268528,MR7 TELECOM LTDA - ME
268538,Conecta Network Telecom LTDA
268539,Intra Telecomunicação
268540,RJ NET SERVICOS E COMERCIO LTDA - ME
268541,Skyturbo Telecom
268543,ASL Telecomunicações
268544,C ANDRE C SILVA
268545,NNET TELECOMUNICAÇÃO LTDA
268546,RIOTELE-REAL INTERNET OPTICA TELECOMUNICACOES
268547,Infortread Telecom
268550,Campos Gerais Telecom
268551,DMC TELECOM
268554,CDM TELECOM
268556,RG Correa Telecomunicaçoes
268557,A B DA SILVA TELECOMUNICACOES
268560,VIPTELECOM INTERNET BANDA LARGA
268568,ImplantarTelecomNet
268569,SIMTEL INTERNET
268571,AxtelFibra Internet
268572,ultraWIFI Telecom
268573,GNET TELECOM SERVIÇOS COMUNICAÇÃO LTDA
268576,CONECT TELECOM LTDA - ME
268577,LIGEIRO FIBRA TELECOM LTDA
268586,BAHIA FIBRA TELECOM LTDA
268587,A.F Telecom
268588,ASN268588
268595,Maysnet Telecom
268597,RC TELECOMUNICAOES
268600,GiroNet Provedor de Internet e Telecom
268605,SRG TELECOM
268610,Mais Tech Telecom
268611,WJ NET
268616,Fast Connect Telecomunicações Ltda
268617,G7 Telecom servicos de Internet LTDA.
268621,KEEPNET TELECOMUNICAÇÕES LTDA ME
268622,OLIVEIRA TELECOM
268623,VTEK TELECOM
268625,NETFAST TELECOMUNICACOES E MULTIMIDIA LTDA
268628,ROX TELECOM
268631,CALU.COM
268633,73s Telecom
268635,FIBER UP TELECOM EIRELI
268642,L & C TELECOMUNICACOES E SERVICOS LTDA
268643,GMTelecom
268644,Eletrochip Informática e Telecomunicações Ltda.
268645,AJA DIGITAL
268647,DFLASH NET TELECOM E TURISMO
268653,4K Telecom
268656,TELESAT SERVICOS DE TELECOMUNICACOES LTDA
268657,PORTÃO NET TELECOMUNICAÇÕES
268661,INFRANET TELECOM
268665,Raquel Storch Almeida de Oliveira
268674,Conexão Bahia Sul
268675,Web Fiber Provedor Telecom Acesso A Redes de Inter
268679,Mikol Net Telecomunicaçoes LTDA Eirele ME
268689,LINKAR TELECOM
268695,DIGITAL NET TELECOM
268698,CONNECTCEU TELECOM EIRELI
268699,SOLPTEC TELECOM
268700,FLL - NETPLACE TELECOM
268704,PERNAMBUCO TELECOM LTDA
268707,4WNET AS268707
268710,YES FIBRA TELECOMUNICACOES LTDA
268725,Planex Telecom
268726,TOPNET SERVIÇOS DE TELECOMU E MULTIMÍDIA
268730,M. Alves Paulino Telecom
268733,MaetingaNET
268737,CONECT TELECOM COMUNICAÇÃO LTDA
268742,DURVAL TELECOM LTDA
268751,IBV Telecom
268753,Florestawii Telecom Servicos de Comunicacao LTDA M
268755,Stok Info Telecom Ltda-me
268757,BRITO & GONCALVES LTDA ME
268771,BINARY NET TELECOMUNICAÇÕES EIRELI
268773,VLA TELECOMUNICACOES - AS268773
268782,H-NET TELECOM
268785,Vlink Telecom
268787,SEU WIFI TELECOM LTDA
268791,E C de CANO
268795,TELEXTRA TELECOMUNICACOES
268798,JG TELECOM
268801,REGINALDO FIRMO MARTINS JUNIOR
268803,JRB TELECOM LTDA
268809,EDILEUZA EVARISTO BARRETO
268810,BAIANA NET TELECOM
268811,GFA Telecomunicações
268815,L & R NET SERVICOS DE TELECOMUNICACOES LTDA - ME
268817,FIBER TELECOMUNICACOES
268818,KOBERTURA TELECOM LTDA
268822,VILA RESENDE TELECOMUNICAÇÕES LTDA ME.
268823,LancheNet Telecom
268824,Connectmax Telecom
268828,ONDANET TELECOM FIBRA OPTICA EIRELI
268829,JARAGUA TECNOLOGIA EM TELECOMUNICACOES
268831,M & M telecomunicações e Multimidia
268836,SOW Telecomunicações
268842,Igap Net
268858,NANDO NET
268863,M & G TELECON LTDA
268867,F. I. & E. TELECOM
268868,INTERSERV TELECOM
268869,FIBRA PLUS TELECOM
268872,VALETELECOM CE
268878,
268879,RASÃO SYGANET TELECOMUNICAÇÕES LTDA
268881,NMULTIFIBRA TELECOMUNICAÇÃO LTDA
268882,Mais Rede Telecom
268884,Triplotel
268885,Kinet Telecom - AS268885
268892,DBS TELECOM
268898,FIBER GOLD TELECOMUNICACOES E SERVICO
268899,Moura & Silva Telecom Ltda
268907,ZAFEX TELECOMUNICAÇÕES
268909,ALAICOMNET
268912,Escorpiao Telecom comercio e serviços de internet
268913,Ara Telecom Ltda
268919,SHOW NET TELECOM EIRELI
268921,
268925,TELLCORP TELECOMUNICACOES CORPORATIVAS
268935,VibeNet Telecom
268939,CIDADE SONHO TELECOM EIRELI - EPP
268944,Martins & Martins Telecom
268946,SMNET TELECOMUNICACOES
268949,S M Telecom.Net Ltda
268953,G6 TELECOM
268956,ESPECIALNET TELECOM LTDA
268962,CONNECT TELECOMUNICAÇÕES E INTERNET LTDA
268966,i9 Master - Consultoria Tecnologicas & Telecom Eireli
268969,MegaNet Telecom
268971,BETEL TELECOMUNICAÇÕES LTDA
268973,B C NET TELECOM
268974,LUXTELL TELECOM
268975,GLOBAL TELECOM SERVICOS DE COMUNICACAO E MULTIMIDI
268976,Weclix Telecom
268978,LINK NET TELECOMUNICACOES LTDA
268980,NOXY COMUNICAÇÃO E TELECOMUNICAÇÃO LTDA.
268983,NAXOS TELECOM
268988,MULTINET TELECOM
268990,Inforfelixnet Telecomunicaçoes Ltda ME
268998,WINFORBYTE TELECOM
269000,JG TELECOM COM. E SERVS. LTDA
269002,ISOUL SOLUCOES CORPORATIVAS E TELECOMUNICACOES LTD
269004,MORE SPEED INFORMATICA E TELECOM
269008,ANDRE HACKBARTH
269014,VIVEZA TELECOM AS269014
269021,J.R.DA SILVA TELECOM -ME
269023,FIBRA PURA TELECOM
269028,L2Comercio
269030,TOPSAPP SOLUCOES EM TELECOMUNICACOES E REDES AVANC
269033,Extremnet Telecom
269035,David Martins Ferreira Telecomunicação - ME
269036,ATEX
269037,L2M TELECOMUNICAÇÕES EIRELI
269039,DENISE DE OLIVEIRA SILVA
269042,SPEEDY PAUL TELECOM
269046,First Telecom Network
269055,Otacilio Gomes De Morais
269056,LNK Telecom
269057,VELOZ FIBRA
269058,mgnettelecom
269065,T. L DA SILVA - REDE MEGANET TELECOM LTDA
269067,RVTNET
269073,NipTelecom Telecomunicacoes LTDA
269074,PortallNet Telecom
269075,marques e santos internet
269077,VISION TELECOM SERVICOS DE COMUNICACAO MULTIMIDIA
269079,SUPERNETMAIS TELECOMUNICAÇOES
269080,AFIBRA TELECOM LTDA - ME
269082,Fonseca Telecomunicacoes
269083,WORLD NET TELECOMUNICACOES
269084,Global Tech Telecom Ltda - ME
269089,Hilan Telecom
269091,MADANET TELECOM
269092,ASN269092
269096,NORTH TELECOMUNICACOES
269103,FGTELECOM
269107,J L TELECOMUNICACAO E MULTIMIDIA COMERCIO E SERVIC
269108,UNT TELECOM
269109,MARKTEC TELECOM
269113,UNO TELECOM LTDA
269118,Gtn Telecom
269124,JRNET TELECOM
269129,WJL TECNOLOGIA & TELECOMUNICACOES
269131,LK Maia Telecon LTDA-ME
269136,Andre L. Azariti & Cia LTDA
269138,ASN269138
269139,AN TELECOM
269140,VRM Telecom
269141,B3 TELECOMUNICACOES LTDA
269146,NOKE TELECOMUNICACOES
269147,VALE VERDE TELECOMUNICACOES LTDA - ME
269151,SWAP TELECOM
269153,Conecte Telecom
269158,SPEED TELECOM
269159,José Williams da Silva Santos - ME
269160,FibraTec Telecom
269164,planoip telecom
269170,ASN269170
269172,JCM NET TELECOM LTDA
269173,TECNET TELECOM
269174,FIXANET TELECOM PROVEDOR DE INTERNET
269177,NEUTRA TELECOMUNICACOES DO BRASIL LTDA
269178,J IVANILDO DE SALES MACIEL
269179,CONNECT FIBER TELECOM
269182,PLUGAR TELECOMUNICACOES
269183,sim telecomunicação e multimidia
269185,Globalfiber Telecom LTDA
269186,LAN INTERNET TELECOM
269188,HUBTEL TECNOLOGIA DE COMUNICAÇÃO EIRELI
269189,JVX TELECOM INTERNET E SERVIÇOS LTDA - ME
269193,Iktelecom Ltda
269199,INFOTEC TELECON LTDA
269200,CONNECT TELECOMUNICACOES LTDA
269204,FIBER.NET
269205,lider telecom
269208,INOVA GUARUS TELECOM
269211,MUND NET TELECOMUNICAÇÕES LTDA ME
269212,INSTALE TELECOM
269214,J V ANDRADE TELECOMUNICAÇÕES EIRELI ME
269215,Mega Net Telecom
269220,Vamos Internet Telecom
269231,BIOS NETWORKS TELECOMUNICAÇÕES
269238,Rede Tocantins de Telecomunicacao LTDA
269243,RedeVista Telecom
269245,Cabo Fibra Telecom
269246,VCONNECT TELECOM
269249,Nexo Telecom LTDA
269250,EVOLUCAO TELECOM LTDA
269252,Jato64 Telecomunicações
269258,NETBOX TELECOM EIRELI - ME
269260,Fabreu Telecom & Serviços
269261,NETMAXXI TELECOMUNICACOES E INFORMATICA
269269,V1 Informática
269273,Jcnet Telecom LTDA
269274,VIANET TELECOM
269276,WIT SERVICOS DE TELECOMUNICACÕES
269279,ARENA TELECOM
269288,DW SOLUTIONS SERVICOS DE TELECOMUNICACAO
269293,Goldfibra Telecomunicaçoes ltda.
269299,New HB Servicos de Telecomunicacoes
269301,S. DANTAS QUEIROZ TELECOM
269302,Fourlink Telecom Serviços de Telecomunicações Ltda
269308,TELECOM ORBI
269309,FIBRA LIVE SERVICOS DE TELECOMUNICACOES LTDA
269317,MM TELECOM
269318,VIRTUAL NETWORK TELECOM LTDA
269319,PSTELECOM
269326,A2 TELECOM PROVEDOR DE INTERNET LTDA
269329,Lidernet Telecom AS269329
269335,SUPORT TELECOM LTDA
269338,JATO NET TELECOMUNICAÇÕES
269339,ASN269339
269340,BM SERVICOS EM TELECOMUNICACOES
269350,VIA NET TELECOMUNICACOES LTDA
269351,MR TELECOMUNICACOES LTDA
269352,Netcenter Telecom
269354,NDD TELECOM - SERVICOS DE COMUNICACOES
269355,VSC TELECOM EIRELI - ME
269357,Inter fibra telecomunicação
269358,Net Turbo Telecom
269359,CANAA TELECOMUNICAÇÕES LTDA - ME
269363,S GALVAO TELECOMUNICACOES
269364,COMPACT COMPANY TELECOM
269365,SEA FIBER TELECOMUNICACOES
269367,PRO TELECOMUNICACOES
269368,Providers Serviços em Telecomunicações LTDA
269373,RG TELECOM
269374,CLUSTERS TELECOM INFORMATICA LTDA ME
269380,UP LINK TELECOM
269382,PORTAL NET TELECOM SERVIÃOS DE INTERNET
269383,FIRST NET TELECOMUNICACOES LTDA
269385,
269387,COLLIS TELECOMUNICAÇÕES LTDA
269389,MundialNet Telecom
269396,UNIR TELECOM
269401,EY TELECOMUNICACOES
269402,WaveTech Telecom
269403,Wi-Fi Net Telecom
269405,ASN269405
269409,Rio Online Telecomunicações e Informática Ltda Me
269411,G3LINK TELECOM SERVICO DE COMUNICACAO MULTIMIDIA
269412,Oeste Telecom
269413,SEMPRENET TELECOM - PROVEDOR DE TELECOMUNICAÇÕES L
269416,SEMEAR TELECOM
269420,IST INFORMATICA E TELECOMUNICAO 991DF EIRELI - ME
269421,BRASILVOX TELECOMUNICACOES
269422,ASN269422
269423,NETNOAR TELECOM
269425,RN TELECOMUNICACOES
269427,ONSTARK SISTEMAS INTELIGENTES LTDA -EPP
269429,Agility Telecom
269430,TERA TELECOM LTDA ME
269432,LINK3 TELECOM
269433,LINK TELECOM SERVIÇOS DE INTERNET
269435,SISTEL FIBRA
269436,ASN269436
269437,PRADO TELECOM E SISTEMAS DE SEGURANÇA ELETRONICA
269442,VG NET SERVIÇOS DE TELECOM
269447,Aquidaweb Telecomunicações e Multimidia Ltda EPP
269448,Gignet Telecom
269455,GLFIBRA SERVICOS DE TELECOMUNICACOES LTDA
269456,F & F COMERCIO E SERVICOS DE TELECOMUNICACAO E SEG
269457,G+B SISTEMAS E AUTOMACAO
269460,NEW NET LG SOLUCOES TELECOMUNICACOES E INFORMATICA
269466,DW Telecom
269467,P4NET Telecom
269469,GIGAR TELECOMUNICACOES LTDA ME
269473,i4 Telecom Eireli
269474,YOUPLOAD TELECOM
269475,STI Telecom
269477,CN-TELECOM LTDA
269478,67 TELECOMUNICACOES
269479,
269480,MEGAWEB TELECOM NETWORK LTDA
269482,UP TELECOM LTDA
269483,ASN269483
269484,Start Telecom
269485,JRNETWORKS Telecom
269487,PRIME TELECOM LTDA
269488,RRLINK TELECOM
269490,SYNCNET TELECOM
269493,WGO CONNECT TELECOMUNICACOES
269495,FibraMania Serviços de Telecomunicações
269499,FIBRALINK INTERNET E TELECOMUNICACOES
269501,OneTech Telecom
269502,TECHNET COMUNICACAO MULTIMIDIA
269505,Paranet Telecom Eireli ME
269506,BRLOGNET TELECOMUNICACOES LTDA
269510,LEÃO VASCONCELOS INFORMÁTICA
269512,LM-NET TELECOM
269513,Aladusnet Informatica e Telecomunicaçao
269516,SOLUÇÃO TELECOMUNICAÇÕES
269517,Spacenet Telecom
269518,Infibra Telecom Serviços de Comunicação e Tecnologia Ltda
269519,UAU TELECOM PROVEDOR DE INTERNET
269524,Suprema Network Telecom
269525,ISP2 Telecom
269526,AFS TELECOM LTDA. -ME
269527,Impertech Telecom
269529,M2 TELECOMUNICAÇÃO
269530,AccessNet Telecomunicações
269535,TEC PLUS TELECOMUNICAO
269537,MUNDO TELECOM E SERVICOS LTDA - EPP
269538,CONECTEC NET LTDA
269544,ASN269544
269546,BITNET TELECOM
269547,TERALINK TELECOMUNICACOES EIRELI
269554,Três Marias Fiber Telecom
269556,MORFEU TELECOMUNICÇÕES
269558,B S V TELECOMUNICACOES E SERVICOS LTDA
269563,MAX3 TELECOM
269566,PHI TELECOM
269569,Popnet Servicos De Telecomunicacoes Eireli
269571,TEX TELECOM EIRELI
269572,SPEED JET TELECOM
269578,
269581,Marcelo & Renato Digital Net LTDA
269583,+NET TELECOM
269588,CELERIUM TELECOMUNICACOES
269591,DOBLERNET TELECOMUNICAÇÕES
269595,VGRNET
269600,Fourfibras Serviços de Telecom
269603,MM Telecomunicações LTDA.
269604,JNETCOM TELECOM
269614,ONLLINE TELECOMUNICACOES
269615,FIBRAXX TELECOM
269617,Solutions Telecom Provedor de Internet LTDA - ME
269618,Link Uniao Telecom
269625,Via Internet Telecomunicacoes
269631,AFC INFORMATICA & INTERNET
269632,Ops Telecomunicações
269633,LINK CEARA TELECOM
269634,FIXTELL TELECOM NE LTDA
269635,SC TELECOMUNICAÇÕES LTDA
269636,ACTIVEX TELECOMUNICACOES LTDA
269637,INFOLAGOS TELECOM
269638,SPEEDY TELECOM
269639,WORKSAT SERVIÇOS DE TELECOMUNICAÇÕES
269640,NETCITY TELECOM LTDA
269642,MILENIUM TELECOMUNICACOES LTDA ME
269644,FORMOSA INTERNET E TELECOMUNICAÇÕES LTDA
269646,G4 Telecom Fibra
269650,ARK TELECOM
269654,J&J Net Telecomunicações LTDA
269656,RK Telecom Provedor Internet LTDA
269657,MPLINE TELECOM
269658,HUGS TELECOM
269659,TORRESNET
269660,R.RODRIGUES VASCONCELOS TELECOM EIRELI
269662,TELE FIBRAS INTERNET BANDA LARGA LTDA
269664,MAIS TELECOMUNICACOES LTDA
269665,LEKST TELECOM
269668,NAZASEG TELECOM
269670,VIACLIP INTERNET E TELECOMUNICAÇÕES LTDA
269676,FORCA E ACAO SERVICOS DE TELECOMUNICACAO EIRELI
269678,NETGTI Internet e Telecomunicações
269680,TCL Cortez Servicoes en telecominicacoes
269681,BEAM TELECOM IMP EXP LTDA
269683,Rednet Telecom
269684,LANFIBRA
269687,Inova Teleinformatica
269688,ItatiaiaNET
269695,SYSTEMCOMP INFORMATICA E TELECOMUNICACAO EIRELI
269696,KMS NETWORK TELECOM LTDA
269698,INTERCLUB FIBRA TELECOM LTDA
269704,G DE OLIVEIRA LIMA SERVICOS DE TELECOMUNICOES
269705,Jms Telecom
269707,Prata Telecom
269712,OCTA TELECOM
269713,Voo Telecom AP
269714,Vipfiber Telecom Ltda
269715,InfinityGo Telecom
269719,GN TELECOM
269720,AMD TELECOM LTDA
269733,REDCENTRAL TELECOMUNICACIONES LTDA
269738,Chircalnet Telecom
269742,AVIDTEL E.U.
269743,UNIMOS EMPRESA MUNICIPAL DE TELECOMUNICACIONES DE IPIALES S.A. E.S.P.
269763,JOSE MARIA DELPINO(TELMIIX)
269797,LOCH TEL SRL (GOLOCHTEL)
269803,INVENTA TELECOMUNICACIONES
269816,TELE MON
269831,SERVICIO DE TELECOMUNICACIONES OROBLA
269832,MDSTELECOM
269841,COMNET TELECOM CRP S.A.
269843,BANTEL
269852,LOJANOS TELECOMUNICACIONES
269873,COOPERATIVA TELEFONICA INTEGRAL DE OBRAS Y PROVISION DE SERVICIOS PUBLICOS SANTA SYLVINA LTDA
269876,Telecom ROLE
269877,SERVICIO DE TELECOMUNICACIONES 7NET LIMITADA
269898,Speedmax Telecom
269900,SISTEMAS AVANZADOS EN TELECOMUNICACIONES S.A.S
269901,MARAVECA TELECOMUNICACIONES
269918,SISTEMAS TELCORP C.A.
269921,Telecable Central Puerto Plata
269928,TELECOMUNICACIONES RHJ C. A.
269936,TELEVISION MONTALVO VISION MONVISION
269938,ADN TELECOM
269944,CONNECTA TELECOMUNICACIONES
269952,ARZE NORBERTO DELFIN (NORTEL)
269955,ALFATV CABLE
269975,CORPORACION CONEXTELECOM
269980,K.G.B. TELECOMUNICACIONES S.A.S
270006,INTEL COMUNICACIONES PERÚ SAC
270023,TELECOM BOLIVIA S.A.C
270026,RED SERVITEL
270027,TELESMART S.A
270031,TELENET DIGITAL
270034,Aky Telecom
270037,ComWiFi
270044,CORRIENTES TELECOMUNICACIONES
270045,TELECOMUNICACIONES OPORTUNAS INTELIGENTES SRL
270051,PLANET TELECOM COLOMBIA S.A.S
270052,STARTELECOM S.A.
270071,SIGNAL-TELECOM TELECOMUNICACIONES & T.I CIA
270082,iWay
270086,FIRTEL
270137,Telecable de Rioverde S.A. de C.V.
270149,
270158,WANTELCO SA DE CV
270161,Television Internacional S.A. de C.V.
270169,SISTEMAS DE TELEVISION POR CABLE DE MICHOACAN
270187,2M SOLUCIONES
270200,MEGABIT TELECOMUNICACIONES SA DE CV
270217,INFITELECOM
270221,Rhino Telecom Sapi de CV
270237,MULT3 TELECOM
270241,m.a.carvalho telecomunicacoes - me
270242,EVEREST TELECOM EIRELI - ME
270243,FAMNET TELECOM PROVEDORES DE ACESSO LTDA
270248,VIA FIBER INTERNET E TELECOMUNICAÇÕES
270253,SICONECT TELECOMUNICACOES
270256,VILDONET TELECOM
270262,BADYNET TELECOM LTDA
270265,VAVATEC TELECOMUNICACOES
270267,GLOBALWEB TELECOMUNICAÇÃO
270269,WEB PROVEDORES E TELECOMUNICAÇÕES
270270,Gama Telecom
270274,CyberNet Telecom
270276,VELOCITYNET TELECOM
270277,Nexus Telecom
270281,VILANET TELECOM. SERV. E REPARO DE FORTALEZA LTDA
270287,BC TELECOM
270290,TESSI - Serviços de Telecomunicação
270293,ION DADOS TELECOM
270301,ConnectWorld
270303,GENET TELECOM ME
270306,PHOENIX TELECOMUNICACOES BR
270313,WN Tellecom
270322,Nilton Cesar Batista Telecom Me
270323,TERA NETWORK TELECOMUNICAÇÕES LTDA ME
270330,PORTAL NET TELECOMUNICACOES LTDA
270332,Exata Telecom
270333,Net Company Telecom
270334,NET 100A
270340,NETCOM TELECOM
270341,Futel Telecom
270342,ENSATA TELECOM
270344,GA Telecom
270349,URANOX TELECOM
270352,TELECOMSHOP COMERCIO E SERVICOS DE TELECOMUNICACOE
270354,SAMUEL SANTOS CAVALCANTE
270356,CYANET TELECOM LTDA
270357,WF TELECOM
270358,FUSION TELECOM
270368,TR TELECOMUNICACOES
270370,A B DA SILVA MULTIMIDIA - ME
270372,CEUNET TELECOM
270373,N TELES MORORO - ME
270374,KINGNET TELECOMUNICACOES
270375,CONNECT TELECOM LTDA
270380,PROVELINK TELECOM LTDA
270383,MULTI TELECOMUNICACAO LTDA
270387,FJNET-TELECOM -ME
270391,Raiznet Telecom Ltda
270393,IPT TELECOM
270395,STAR NET TELECOMUNICACOES LTDA
270397,CELNEET TELECOM
270403,LOCAL TELECOM
270404,Qualidade Digital Internet e Telecomunicações
270408,LINE TELECOM & SERVICOS DE INFORMATICA EIRELI
270413,PGF SERVICO DE TELECOMUNICACOES LTDA
270414,Digital Telecom Servicos e comercio LTDA
270415,LEVE INTERNET E REDES DE TELECOMUNICACOES LTDA
270417,Up Down Telecom
270418,ASN270418
270428,J DOUGLAS DOS SANTOS INFORMATICA
270432,IVANCELL. NET COMERCIO DE TELEFONIA EIRELI
270436,SOOU TELECOM
270438,GBNET
270444,ZBL TELECOM
270447,MIGUEL A. DOS SANTOS TELECOMUNICACOES
270448,ASN270448
270453,4TELECOM
270458,FIBRA MAIS
270463,ASCES NET TELECOMUNICACAO LTDA ME
270464,ASN270464
270465,CRS SERVIÇOS DE COMUNICAÇÃO MULTIMÍDIA
270467,Conecta Telecom
270468,INTERPRO TELECOMUNICACOES EIRELI
270473,3.I. TELECOM LTDA - ME
270474,E.D.F DE ARAGAO TELECOMUNICAÇOES EIRELE - ME
270477,UFO TELECOM COMUNICAÇÃO DE MULTIMIDIA EIRELI
270482,Raiden Telecom
270484,M DOS SANTOS ALVES SERVICO DE INTERNET
270487,JC NET TELECOMUNICACOES
270489,GALAXY NET TELECOM
270494,JNET TELECOM
270495,JRD TELECOM LTDA
270497,HRCNET TELECOM LTDA
270498,ASN270498
270500,F & L SERVICOS E TELECOMUNICAÇÕES EIRELI
270501,HORUS TELECOMUNICACOES EIRELI
270505,Ancora Telecom
270506,G5 Rede de Telecomunicacoes Multimidia
270507,DOMINIO TELECOM LTDA
270509,Turbinado Telecom Ltda - ME
270512,Nw3 telecomunicações
270515,Enter Telecom
270518,Atec Informatica Telecom Martinez e Rocha LTDA
270519,P & B COMERCIO E SERVICOS EM TELECOMUNICACOES
270522,Triplonet tecnologia telecomunicações
270523,Comfibranet Telecomunicações LTDA - ME
270528,ASN270528
270531,POLVO TELECOMUNICACOES EIRELLI
270535,SOF SMART
270540,WEBNET Telecom
270543,Gwg telco telecomunicaçoes eireli
270544,JB TELECOMUNICACOES & SOLUCOES
270547,KERKHOFEN & MORREIRA
270548,AGI TELECOM
270549,Oliveira e Novaes Serviços de Telecomunicação LTDA
270550,TELECOMFIBER SERVICOS DE ACESSO A INTERNET
270552,
270554,M. M. SERVIÇOS DE INFORMÁTICA
270555,PB TELECOM INTERNET BANDA LARGA
270560,Fort line serviços de telecomunicações Ltda
270561,net rapida telecomunicações do brasil
270578,SMARTNET TELECOM LTDA
270580,ViaNet _Telecom
270581,JET NETWORK
270583,turbo telecom provedor de acesso a internet LTDA
270584,Bhnet Telecomunicacoes
270599,MAIS MEGA TELECOM LTDA
270601,SMART TELECOM
270606,R3 TELECOM
270607,
270608,RODRIGO ALBERTO CARLOS-ME
270611,FIBERWI TELECOMUNICAÇOES
270612,Mnet Telecom Provedoria em Internet Ltda
270624,Live Fibra Telecom
270625,M. S. TELECOMUNICACOES LTDA
270626,DOMINION UAULL NET TEC DE CON INTELIGENTES LTDA
270630,LOLNET TELECOMUNICAÇÕES
270633,a j ribeiro telecomunicacoes
270635,Daniel Martins Rivolta
270636,GLOBALLIG TELECOMUNICACOES LTDA - ME
270638,Sellnet Telecom
270639,EGTECH SOLUÇÕES EM TELECOMUNICAÇÕES
270641,YAS TELECOMUNICACOES EIRELI
270642,ASN270642
270644,Lagoanet Telecomunicações
270646,LONDRINET TELECOMUNICACOES
270647,T DA SILVA MEDEIROS TELECOMUNICAÇÕES E INFORMATICA
270650,Coradi Telecomunicacao LTDA/ME
270651,NOVANET SP TELECOM
270652,H.l informática e telecon Ltda me
270653,SPEED NETWORK TELECOM LTDA
270655,BlasterNet Telecom
270656,2 M TELECOM EIRELI
270657,FNET TELECOM
270664,A K C PROV DE ACESSO AS REDES DE TEL. E INF
270668,@NET TELECOM
270669,ATTENTO NET TELECOM
270674,WebFiber Telecom
270677,TEK TELECOM LTDA
270678,W.B.G INFORMATICA E TELECOMUNICACOES EIRELI
270682,TORRES CONECT TELECOMUNICACOES LTDA
270683,RFF Telecomunicações e Consultoria LTDA
270685,SUMER NET SERVICOS DE TELECOMUNICACOES
270691,REVNET TELECOMUNICACOES E SERVICOS LTDA
270692,JOSE CARLOS GONZAGA CARDOSO
270697,BTEC TELECOM EIRELI
270702,ARAXINGU TELECOMUNICACOES LTDA
270704,MAIS NORTE TELECOM
270706,LAN TELECOM INTERNET BANDA LARGA
270707,LINK NET BRASIL TELECOMUNICAÇÕES LTDA
270708,WEBNET GLOBAL TELEFONIA E COMUNICACAO
270715,TELECOM SERVIÇOS DE INTERNET LTDA
270718,ACSNET TELECOM
270719,START NET TELECOM LTDA
270721,J J C Telecomunicacoes
270722,CSO.NET TELECOM
270723,Poecom Telecom LTDA.
270724,ASN270724
270725,INOVE TELECOMUNICAÇÕES E SERVIÇOS
270727,MLG. TELECOM
270728,
270729,CBN NET
270733,netmax telecomunicacoes ltda
270735,COMPUTIZE NETWORK TELECOMUNICACOES
270736,MASTERNET TELECOMUNICACAO LTDA
270737,G G BRUZARROSCO SERVIÇOS DE TELECOMUNICACOES LTDA
270738,Cedro Telecom
270739,CM Telecom - Petrolina-PE
270744,Forte Telecom Servicos de Comunicacao Multimidia E
270747,WCK TELECOMUNICACOES
270748,INTERV TELECOM
270750,Link Net Telecom
270751,RNET TELECOM LTDA ­ ME
270755,GLOBAL TELECOMUNICAÇÕES
270763,Jds Telecomunicação Me
270768,SS TELECOM LTDA
270772,União Networks Telecom Ltda Me
270773,A & R TELECOMUNICAÇÕES LTDA
270776,Hiperlink Telecom Brazil
270778,NORTE TELECOM LTDA - ME
270790,MegaLink TI e Telecom LTDA
270793,CONECTA TELECOM (c.i.t)
270795,LD telecom
270805,AJF TELECOM
270811,INFO HOUSE TELECOM LTDA
270813,INTERJOIN TELECOMUNICAÇÃO LTDA
270814,ZAAZ PROVEDOR DE INTERNET E TELECOMUNICACOES
270816,ZAMTECH COM TELECOMUNICACOES LTDA
270820,COMPUNET DO BRASIL TELECOM
270823,LH NET Telecom
270834,3D COIMBRA TELECOMUNICACOES EIRELI
270838,Neidnet Telecomunicações
270844,AXION3 TELECOM
270845,Arena Telecom Serviços de Comunicações LTDA
270848,NANUQUE TELECOM
270849,VALMIR LOPES DE SOUZA
270858,Diamantino Telecom Provedor de Internet LTDA
270859,VOEX TELECOM LTDA
270862,Ferabraznet Comenrcio e Serv. de Telecom. Ltda-ME
270863,DRM SERVICOS DE TELECOMUNICACOES EIRELI
270868,IP TELECOM E SISTEMAS
270873,VISION NET TELECOMUNICAÇÃO LTDA
270877,INTERNETUP TELECOMUNICAÇÕES LTDA
270879,START SERVICOS & TELECOMUNICACOES LTDA
270880,GP-Telecom
270882,GOFIBRA TELECOM SERVIÇOS E INTERNET
270887,Locanet Telecomunicacoes LTDA
270888,V8 Telecom
270893,JAGUARNET TELECOMUNICAÇÃO
270894,V Micali Telecomunicacoes
270896,CARIOCA NET SERVICOS DE TELECOMUNICACOES LTDA
270897,SAFE SMART TREINAMENTO CONSULTORIA E TELECOM LTDA
270899,Worksul Telecom
270900,BCNET TELECOMUNICACOES LTDA - ME
270901,Liker Telecomunicacoes
270905,Faiser Telecomunicações
270908,LIKE TELECOM
270910,MULTI SUPORTE TELECOMUNICAÇÕES
270912,GMN Telecom
270915,Nova Web Telecom 270915
270916,Redfiber Telecomunicações Ltda.
270919,VIANET TELECOM Brazil
270920,ASSOCIADOS FERREIRA TELECOMUNICACOES LTDA
270924,JPA Telecom
270925,Fibramar Telecomunicações Ltda
270926,T. dos S. Severio - Telecomunicacoes
270927,FUTURACONNECT TELECOMUNICAÇOES LTDA
270930,NIVEL 3 TELECOM LTDA
270936,GTBA
270938,SAT TELECOM E CONSULTORIA EM TI
270939,2MM2 SERVIÇOS DE TELECOMUNICAÇOES
270940,VeloxFibra Telecom
270941,QUEIROZ & CAVALCANTE TELECOMUNICACOES LTDA
270943,FIBINET NETWORKS TELECOMUNICACOES LTDA
270944,MEGA DAT INFORMÁTICA E TELECOM
270947,Vc de carvalho telecomunicações
270949,Vello Serviços de Telecomunicações
270953,IDL Telecom
270959,WIX TELECOM DO BRASIL
270960,BRUNO LEONARDO DA SILVA BARBOSA
270962,NETICO TELECOMUNICAÇÃO LTDA
270968,GRUPO TELECOM
270969,CARVALHO & DUARTE TELECOM
270972,NET ONE TELECOM LTDA - ME
270976,FOX NET FS
270978,ONLINK TELECOM LTDA
270979,
270988,HOTLAN TELECOM
270989,IP Telecomunicacoes
270991,NAVEGAWEB TELECOMUNICACOES
270994,LeoMax Telecom
271002,TURBO NET TELECOMUNICAÇÕES
271003,ALTONET TELECOM
271005,BYTE TELECOM
271006,INTERATIVA TELECOMUNICAÇÕES
271008,RSCONNECTION TELECOM COMERCIO E SERVIÇO
271011,SpedyNet Telecom
271012,GSMNET TELECOMUNICAÇÕES E INSTALAÇÃO ELÉTRICA LTDA
271013,MP NET TELECOM
271016,G NETWEB TELECOM
271021,SOFTNET COMUNICAÇÕES EIRELI
271024,WLNET TELECON
271027,SUL TELECOMUNICACOES DO BRASIL LTDA
271028,LASERNET TELECOM
271032,ATS Telecom
271034,GM Telecom LTDA
271035,CCS Camboriú Cable System de Telecomunicações Ltda
271038,Mega Turbo Internet Banda Larga Telecom LTDA
271042,BOT INTERNET E SERVICOS DE TELECOMUNICACOES
271049,Rede EXS Telecomunicacoes
271053,POWERNET TELECOMUNICACOES
271054,CL TELECOM
271055,C & K TELECOMUNICACOES LTDA
271056,MOVIL TECNOLOGIA & TELECOM LTDA
271057,FIBERLINK TELECOM LTDA
271060,ASN271060
271062,Nextlink telecom
271063,GF WEB TELECOM
271066,AB NET TELECOM
271067,Villaggionet Telecomunicacoes
271069,A4 TELECOM
271071,NAVEGAI SERVICOS DE TELECOMUNICACOES E INFORMATICA
271072,ULTRAFIBRA NET REPRESENTACOES TELECOM EIRELI
271073,MORAES NET TELECOMUNICACOES - EIRELI
271075,fibernet wv servicos telecom ltda
271079,Asa-Sannres Telecom Ltda
271080,SPACE NET ISP
271082,DIGITAL NET TELECOM LTDA
271087,LIGANETT TELECOMUNICAÇÕES LTDA
271088,MGN TELECOM
271091,BEN TELECOM
271092,WORLDNET SERVICOS DE TELECOMUNICACAO LTDA
271094,Soluti Fibra Telecomunicações Ltda
271101,Comunick Telecom
271104,SN TELECON LTDA
271105,Kadim Connect Telecominicacao LTDA - ME
271108,HBA TELECOM
271110,LEWITEL TELECOM
271115,FIBRADOS WEB TELECOMUNICAÇOES LTDA
271116,DTS TELECOMUNICAÇÕES
271117,Ultranet Ipava Telecom Ltda
271119,LIBRE TELECOM EIRELI
271120,Infonet Conect
271131,Giga Sul Telecom
271134,R&R Telecomunicacoes
271136,ACK TELECOMUNICACOES LTDA ­ ME
271138,GR FAST NET TELECOMUNICACOES
271140,EA GOMES SERVICOS DE COMUNICACAO
271142,LL TELECOMUNICACOES EIRELI
271148,NEXTALL
271150,MC DA SILVA FOX TELECOM
271154,IHG SERVICOS TELECOM
271158,HDC TELECOM LINK DEDICADO FIBRA ÓPTICA TV E TELE
271160,CONNECT FIBRA SERVICOS DE TELECOMUNICACAO
271161,ALCANTARA SERVIÇOS DE TELECOMUNICAÇÕES - EIRELI
271162,MEGA JLA SERVICOS DE TELECOMUNICACOES LTDA
271166,You Telecom Provedor de Internet Ltda
271169,NETLINE TELECOM
271170,LEVNET TELECOM E INFORMATICA LTDA
271176,BLUVELLOX TELECOMUNICACOES LTDA
271179,AF TELECOM
271181,Whnet Telecom Servicos de Telecomunicacoes LTDA
271182,SEGNET TELECOMUNICACOES LTDA
271186,EUNAPOLIS TELECOM LTDA
271188,VOCAL NET TELECOMUNICAÇÕES LTDA
271189,Javas Telecom Network
271192,Acess.Net Telecomunicacoes
271193,Meganet Telecomumicacoes Ltda
271194,online telecomunicações eirele
271196,GS TELECOM
271199,MULTNET TELECOM LTDA
271200,TECNET BRASIL TELECOMUNICACOES LTDA
271201,Vianet Telecomunicações
271202,NavegNet Telecom
271208,Stream Net Telecom
271210,G Turbo Telecom Servicos de Internet
271215,4CJ SERVICOS E TELECOMUNICACOES LTDA
271217,Nova Info Internet e Telecomunicações
271218,AL TELECOM - TELECOMUNICAÇÕES LTDA
271219,T & T connect Telecomunicações
271222,SIAT TELECOM INTERNET DEDICADA LTDA
271224,CONNECT TELECOMUNICACOES FIBRA OPTICA LTDA
271225,GAV TELECOM SERVICOS DE TELECOMUNICACAO LTDA - ME
271226,G4 TELECOM LTDA
271233,Souzanet
271236,Suanet Telecom
271237,MAXXLINK TELECOMUNICAÇÕES
271240,PIXEL INTERNET E TELECOMUNICACOES EIRELI
271241,Fbnet Telecom
271243,Bio Telecom
271244,FORTINET TELECOMUNICAÇŌES
271247,RS Sul Telecomunicações
271250,TOP INFORMATICA TELECON LTDA
271251,LAR NET TELECOMUNICAÇÕES LTDA
271252,BHNET FIBRA TELECOMUNICACOES LTDA
271253,LINK BRASIL TELECOMUNICACOES
271254,ME TELECOM SERVIÇOS DE INTERNET LTDA
271257,RODRIGO SANTINELLI DE LIMA
271258,ERICK TELECOM
271260,MYCONNECT SERVICOS DE TELECOMUNICACAO LTDA
271263,GILEADE TELECOMUNICACOES E MULTIMIDIA
271265,TUDO ON TELECOMUNICACOES
271267,Vision Connect Telecomunicaçoes Ltda Me
271270,T5 Telecom
271271,AGS TELECOM LTDA ME
271273,NET FORT Telecom
271277,GIGAMAIS TELECOM
271278,A B OLIVEIRA TELECOMUNICACAO E INFORMARTICA
271279,RADIONET PROVEDOR DE TELECOMUNICACAO LTDA
271284,MP TELECOMUNICACOES EIRELI
271285,MG TELECOM
271286,NET TELECOM COMUNICAÇOES EIRELI
271288,AULOI INFORMATICA TELECOM
271289,Foxell Telecom Serviços de Telecomunicação
271290,Alciole Telecom
271292,D G TELECOMUNICAÇÕES LTDA
271301,GELINK TELECOM
271302,MIXNET TELECOMUNICACOES LTDA
271309,ASA NET TELECOM
271314,JECTIX
271323,CONNECT TELECOM LTDA
271325,LACKNET SERVIÇOS DE TELECOMUNICAÇÕES
271326,P3 SERVIÇOS DE TELECOMUNICAÇÃO LTDA
271327,BEM MAIS SERVIÇOS DE TELECOMUNICAÇÕES
271330,Dide telecomunicações Ltda
271333,matos telecomunicacoes
271334,JOSE IVANALDO DE SOUSA TELECOMUNICACOES
271336,JOSE PEREIRA ROMAO SERVICO E TELECOMUNICACAO
271337,LIKENET
271338,TITAM NET TELECOM
271339,ZEUSNET TELECOM
271342,NORTE TEL MATO GROSSO TELECOMUNICACOES LTDA
271343,REAJNet Telecomunicações
271344,GERENCIA TELECOMUNICAÇÕES LTDA - ME
271345,ND TELECOM
271352,Starsat Telecom Comercio e Serviços LTDA
271353,JJ PowerNet
271357,fibra digital Telecom
271359,SS FIBER TELECOM EIRELI
271363,P.S.H. DO COUTO TELECOMUNICAÇAO-ME
271364,EXY SERVICOS DE TELECOMUNICOES LTDA
271365,WWC Telecom
271368,i9 Telecom LTDA
271370,LINKMASTER PROVEDOR SERVIÇOS E TELECOMUNICAÇOES-ME
271371,Agility Telecom Várzea Alegre
271374,ASAP TELECOM LTDA
271375,ZEEP TELECOM
271376,7LINK TELECOM EIRELI
271380,GLOBAL CONECTA TELECOM EIRELI
271387,Emfibra Telecom
271392,Expressnet Telecom
271395,LINKCOM TELECOM SERVICOS E TELECOMUNICACAO
271401,ATUAL TELECOM
271402,Live Conect Telecomunicações Ltda.
271411,FIBRA 1000 TELECOM LTDA - ME
271412,FR Sousa Telecomunicações
271413,CASTRO TELECOM
271415,S3 Net Soluções Inteligentes
271416,Cuiabá Telecom
271418,Freynet Telecom
271419,S.F. GOMES TELECOMUNICACOES
271424,JOY TELECOMUNICACOES LTDA
271427,Ulltranet Telecom
271429,LC SERVICOS TELECOMUNICACOES E INFORMATICA EIRELI
271430,LOPES TELECOM LTDA
271432,CLICK TELECOM SERV TELE E TELEFONIA LTDA
271434,MVi TELECOM
271439,PLANET TEL TELECOMUNICACOES - EIRELI
271441,JA Telecom
271445,PORTO NET TELECOMUNICAÇÕES
271451,WinLink Telecom
271452,Sigma Telecom Provedores de Internet Ltda
271458,KAIBA ISP TELECOMUNICACOES EIRELI
271463,TELLYNK TECNOLOGIA E SERVICOS
271464,DistakNET Telecom
271465,
271466,UC Telecom
271469,SPEEDNET TELECOM
271473,NewFibra Telecomunicacoes - ME
271474,INALAN TELECOMUNICACOES
271476,XFiber Telecom
271477,M2D TELECOMUNICACOES LTDA
271478,Interlink Soluções em Telecomunicações
271479,ISPKF TELECOM
271482,Mega Telecom Ltda
271484,NORT TELECOM
271486,AP SOLUCOES EM NETWORK E INFORMATICA
271487,FIBRACONN SERVIÇOS DE TELECOMUNICACOES
271488,REALDATA TELECOMUNICAÇÕES E TECNOLOGIA LTDA
271494,Soft Telecom
271497,Confiber Telcomunicações ltda
271498,Zen Internet e Telecomunicação
271499,YOU NET SERV E COMERCIO DE TELECOMUNICACOES
271500,LINKGOLD TELECOMUNICACOES
271502,XyberNet Telecom
271504,SYSTEC TELECOM
271505,CITY NET TELECOM EIRELI
271511,EMPRESA COCAIENSE DE TELECOMUNICACAO LTDA
271513,INTERTOP - TELECOMUNICAÇÕES LTDA
271514,WEB ONLINE TELECOMUNICACOES EIRELI ME
271516,Unafiber
271526,Giga Fibra Net Telecomunicações Eireli Me
271527,NETPLUS TELECOMUNICAÇÕES LTDA - ME
271529,Online Telecom Brazil
271531,TURBO LOGNET TLN TELECOM
271538,EB FOX TELECOM
271544,NOOVA TECNOLOGIA EM TELECOMUNICACAO LTDA
271545,USUAL TELECOM LTDA
271546,ITANET TELECOM
271548,M A S Telecom
271549,NOVA UNIAO TELECOM
271550,FIBRANET TELECOM EIRELI
271551,HIPERLINK TELECOM
271552,ARGUS TELECOMUNICACOES
271553,LNC TELECOM SERVIÇOS LDTA
271558,Conecta Vale Serviço de Telecomunicação EIRELI
271563,Mega Mais Telecom Ltda me
271565,COPATEL SERVICOS DE TELECOMUNICAÇÕES LTDA
271568,INTERNET S SECURITY TELECOM
271576,DECOLAR TELECOMUNICACOES LTDA
271577,CLIKPOWER TELECOMUNICACOES EIRELI
271582,NETCON TELECOMUNICACOES LTDA
271590,HELOISA SAMPAIO PINTO TELECOMUNICACOES
271592,NETS PROVEDOR DE INTERNET TELECOM
271596,MaxNet Telecom
271599,CHOCONET TELECOM
271602,CANDEIAS NET TELECOM COMUNICACOES
271606,FT Fibra Telecom LTDA
271607,WLINK PROVEDOR DE ACESSO A REDES DE TELECOM EIRELI
271608,Plus Internet Telecom
271609,Vixel Telecom
271610,FoxFibraPRO Telecomunicações do Brasil LTDA
271612,LOGO Telecom
271613,ER TELECOM LTDA
271615,WRENET TELECOMUNICACOES
271616,CONEXÃO WEB - SOLUÇÕES EM REDES E TELECOMUNICAÇÕES
271618,Virtual Revolution Fibra Telecomunicações
271620,Portonet Servicos de Telecomunicao Ltda
271622,FOUR SOLUCOES E SERVIÇOS DE TELECOMUNICACOES
271624,LD TELECOM EIRELI
271626,LF Telecom
271627,ZAP TELECOM EIRELI
271632,MIRANTE NETWORK COMUNICACAO LTDA
271634,A2B TELECOM LTDA
271636,GLOBALNET TELECOM LTDA
271638,Cronos Telecom
271639,HOME ON TELECOMUNICACOES LTDA
271643,FLT TELECOM
271645,SUPERTEC TELECOM
271646,ULTRALINK
271647,M B Telecom
271648,GROOVE TELECOM EIRELI
271650,LC NET TELECOMUNICAÇOES LTDA
271657,Iran Telecom
271660,Planície Net Telecom Eireli
271663,VICOM BRASIL INTERNET E TELECOM
271664,INFINITY FIBRA TELECOMUNICACOES LTDA
271669,PATHFINDER TELECOM COMERCIO E SERVICOS LTDA
271673,ASN271673
271683,BRISNET TELECOMUNICACOES
271686,Célio Pereirado Prado -Telecomunicações - me
271688,CONECTE FIBRA TELECOMUNICACOES EIRELI
271689,AGE TELECOMUNICACOES LTDA
271690,AGUIA NET TELECOMUNICACOES EIRELI
271691,SUPPERNET
271696,N. Z. RAMOS TELECOMUNICACOES EIRELI
271701,CONNEX TELECOM
271702,ASN271702
271707,TRANSNETWORK TELECOMUNICACOES
271727,Internet Mais
271728,INNOVA NET TELECOM EIRELI
271731,INET TELECOMUNICAÇÃO EIRELI
271740,Mais Fibra Telecom LTDA
271744,Alfacom telecomunições e multimidia LTDA
271749,Arkatel
271761,CLICK FIBRA TELECOMUNICACOES
271773,WOM Colombia
271781,TELECOMUNICACIONES DE MARCALA SOCIEDAD ANONIMA DE CAPITAL VARIABLE
271785,TELECOMUNICACIONES NETHOME
271789,REGIONAL DE SERVICIOS DE TELECOMUNICACIONES ZOMAC S.A.S.
271795,ONETELECOM CIA LTDA
271799,TELERY Networks
271813,COMUNICACIONES MIGTEL C.A.
271843,LARA INGENIERIA EN TECNOLOGIA Y TELECOMUNICACIONES LIMITADA (SOLUCIONES INTERLAN)
271846,NANOTIK TELECOMUNICACIONES SPA
271867,MARIO BENAVIDES SERVICIO DE TELEVISION POR CABLE E.I.R.L (CABLEVISION DEL SUR)
271870,VALLE TELECOMUNICACIONES SAS
271872,TUMUNDO DIGITAL TELECOMUNICACIONES SPA
271884,VIPTEL COMMUNICATIONS C.A.
271896,HENRIQUEZ TELECOMUNICACIONES LIMITADA (WILCOM)
271898,MKTEL
271903,TELNET ISP
271909,TELECOMUNICACIONES MANTENIMIENTO Y SERVICIOS P&C C.A.
271916,TELECABLE BANILEJO S.R.L
271933,AIRMAXTELECOM SOLUCIONES TECNOLOGICAS
271936,SERVICIOS DE TELECOMUNICACIONES ATVCABLE
271941,NUÑEZ DE LA ROSA RICHARD DALTON (ECONTEL ECUADOR)
271943,White
271968,CEMO
271971,CABLE SATELITE
271973,MESTRE CORDERO ALBERTO JORGE (INTELINET ARGENTINA)
271979,INSTALACION DE REDES DE TELECOMUNICACIONES SRL (IREDETCOM)
271982,TVICOM
271992,ANTIOQUEÑA DE TELECOMUNICACIONES
272008,
272011,TELEMARCH
272027,LAUAM MEGARED TELECOM S.R.L.
272051,POLINET TELECOMUNICACIONES COLOMBIA SAS
272060,FERMAC TELECOMUNICACIONES S.A.S
272068,RAMONDA MARIA SILVANA TERESA (NEWLINK TELECOMUNICACIONES)
272085,TELECOMUNICACIONES DEL FUTURO
272097,GRUPO COCAVISION
272112,TELECABLE DOMINICANO
272122,G-Network
272129,INTTEL GO
272132,TELE-COTUI S.R.L.
272150,TELECOMUNICACIONES S.A.
272174,JM TELECOM LTDA
272201,ACSNET TELECOM
272213,POUPANET TELECOM
272226,ILHA CONNECT TELECOMUNICÕES LTDA
272241,LIBERT TECNOLOGIA EM TELECOMUNICACOES EIRELI
272274,RB TELECOM
272278,MVW Telecomunicações
272344,TELECABLE DE TEKAX SA DE CV
272435,MEGA NET CATAGUASES PROVEDOR DE INTERNET TELECOM
272442,VOY TELECOM EIRELI
272466,SERLINK TELECOM PROVEDOR DE INTERNET LTDA
272483,2NET TELECOM
272484,Souza Net Telecom
272499,SSP - SERVIÇOS DE INFORMÁTICA E TELECOM LTDA.
272532,Conectanet Telecom e Informatica Ltda.
272535,VIXNET TELECOM SERVICOS DE COMUNICACAO
272539,ENEVE TELECOMUNICACOES LTDA
272553,LC TELECOM LTDA
272564,Javanet Telecom
272585,SB NET TELECOM
272588,MGM TELECOM COMUNICACAO LTDA
272605,GRUPO 3D TELECOM
272619,FIVE TELECOM LTDA
272623,FIBER NET SERVICOS DE TELECOMUNICACOES LTDA
272626,N9 Telecom
272636,ZOE NET TELECOMUNICACOES E TECNOLOGIA LTDA
272677,FIBRATECH TELECOM
272757,INSTATEL SERVICOS ELETRONICOS LTDA
272765,AA TELECOM
272775,costa & rodrigues serviço de telecomunicações ltda
272790,COSMO TELECOM LTDA
272802,COOPERATIVA ELECTRICA RURAL TELEFONICA DE PROVISION Y SERVICIOS DE EL DORADO LTDA.
272843,Rio Colorado Television S.A.
272854,TELECOMUNICACIONES SILVERDATA C.A.
272874,RADNET TELECOM C.A
272883,BRITEL
272887,TURBOCOM TELECOM SRL
272889,URDATEL
272911,FALCO TELECOM S.R.L.
272935,272935
272937,272937
272939,TELECOMNET
272957,TELECOMUNICACIONES MARJORIE ANDREA MORI LAGOS E.I.R.L.
272969,HOGARES INTELIGENTES S. A.
272998,WORLD SISTEM TELECOM WST S.A.S.
273000,Telcom Mikrotik Peru
273001,TELECOMUNICACIONES DEL CATATUMBO
273006,INTERNET Y TELECOMUNICACIONES DE COLOMBIA S.A.S.
273009,NEXTELECOM S.R.L.
273013,BLUE TELECOMUNICACIONES SAS
273019,DIRECTV CHILE TELEVISION LIMITADA
273020,IN QUALITY TELECOMUNICATIONS S.A.S. ZOMAC BIC
273026,273026
273034,273034
273035,CORPORACIÓN LORIATELECOM S.A.S.
273044,GRUPO ITTEL
273049,FIBRARED PLUS TELECOMUNICACIONES S.A.S.
273054,TELEVISION POR CABLE VIA SATELITE CABLE YOJOA TV SOCIEDAD DE RESPONSABILIDAD LIMITADA
273061,273061
273084,FORZATEL
273111,Reditel ISP SAS
273112,ARAPA TELECOMUNICACIONES E.I.R.L.
273121,TELECABLE EL LIMON SRL
273134,273134
273148,SMARTNET CHILE
273157,CORPORACIÓN DE COMUNICACIONES Y TELEFONÍA TURÍSTICA JUANILLO S.A.
273173,TELECOM 3 C.A
273187,FIESTA TELECOMUNICACIONES SAS
273201,CCQ TELECOM C.A
273205,AS273205
273212,SISTEMAS TELECOMUNICACIONES Y BIOMEDICOS DE COLOMBIA SAS
273244,273244
273263,TOTALNET TELECOM SA DE CV
273309,ISPRO TELECOM
273311,ASN273311
273316,E-TECH TELECOM
273350,Gns Telecom
273360,MAXLINE TELECOM
273363,ASN273363
273366,Laikos Telecom
273368,E SIMAO BEZERRA TELECOMUNICACOES LTDA
273371,ASN273371
273380,ASN273380
273386,RE9SUA INTERNET SERVICOS DE TELECOM LTDA
273400,MUGO TELECOMUNICAÇÕES LTDA
273409,NETCENTER FIBRA TELECOMUNICACOES LTDA
273412,CN TELECOM SERVICOS DE INTERNET LTDA
273416,NOVA BANDA LARGA
273425,AUGE TELECOM LTDA
273431,ANIL LINK TELECOMUNICACOES
273436,PERES TELECOM PROVEDOR DE INTERNET LTDA
273446,DBR TELECOMUNICACOES LTDA
273451,BRANDAONET SERVICOS E TELECOMUNICACOES LDTA
273454,TELVIA TELECOMUNICACOES LTDA
273470,WORK TELECOM INTERNET LTDA
273472,Connect Fibra Telecom
273473,ASN273473
273486,ASN273486
273493,Marcio Luis Sell Telecom-ME
273526,VILANET TELECOMUNICAÇÕES LTDA
273568,UNICA TELECOM
273580,Go Fibra Serviço de Telecomunicações LTDA
273585,OPTIMUS FIBER TELECOM LTDA
273595,Lastnet Telecom
273599,H2A TELECOM
273603,XOX TELECOM TELECOMUNICACOES LTDA
273619,ION TELECOMUNICACOES
273648,REDE GAMA TELECOM
273674,VIVA TELECOMUNICACOES & PROVEDOR DE INTERNET LTDA
273683,ALLREDE TELECOM LTDA
273709,MR Telecom
273726,DUNET TELECOM LTDA
273729,Net Gates Telecom
273772,ASN273772
273776,UZZI TELECOMUNICAÇÕES LTDA
273782,S & M Nacional Telecom Ltda
273801,ASN273801
273811,AGLink Telecom
273813,SUA FIBRA
273829,VISION SATELITAL COMUNICACIONES S.A.S.
273834,Redwisp Teleco
273850,SERVICIOS DE TELECOMUNICACIONES E INFORMATICA S.A.S.
273853,TELBROS SPA
273854,TELEMAS SOCIEDAD ANONIMA
273866,TELECABLE SANCHEZ SRL
273877,TELECOMUNICACIONES NETHOMEMANTA S.A.S.
273879,Cronet Telecom
273883,MEGATEL-EC S.A.
273893,COSAN TELECOM C.A.
273895,INFINITE SPEED TELECOMUNICACIONES SAC
273896,ONE TELECOMUNICACIONES SAS
273913,CONEXIÓN DIRECTA TELECOM S.A.C.
273924,UNBITEL SRL
273934,A & D FOR CABLE TELEVISION IN THE SOUTHERN PERU SAC
273942,PELOSA JAVIER ALBERTO (NORDESTE TELECOMUNICACIONES)
273950,STAR TELECOM PERU S.A.C.
273960,273960
273966,273966
273976,FICOM PERU
273990,TELECOMUNICACIONES BA 53 C.A.
274035,RODRITEL
274040,ARTEL DOMINICANA SRL
274113,CINTELSUR PERU S.A.C.
274117,SUPER-NET
274156,TELDRA S.A.C.
274165,SERVICIOS DE TELECOMUNICACIONES CNE IP SPA
274168,DIGITAL SATELITE LR S.R.L.
274486,Rapidanet Telecom Ltda
274607,ASN274607
274614,ASN274614
274642,TELECOMUNICAÇOES BRASILIA LTDA
274665,CISLINK TELECOM COMERCIO E SERVICOS LTDA
274674,CVS Telecomunicações LTDA
274685,ASN274685
274698,AMAZON TELECOM LTDA
274722,MEGAFLEX Internet Telecom
274743,ASN274743
274757,GRUPO TELECOM - CLM SERVIÇOS DE TELECOMUNICAÇÕES
274762,MOBILELINK PROVEDOR DE SERVICOS DE INTERNET LTDA
274779,RAPIX TELECOM LTDA
274798,1 CLICK TELECOM LTDA
274818,ASN274818
327688,Screamer Telecommunications
327697,Free Reunion
327707,Airtel Rwanda AS327707
327712,Telecom Algeria
327725,UNITEL STP SARL
327726,New Telco South Africa
327728,Cable Television Network (CTV) Limited
327754,RMS Powertronics
327756,Airtel Chad
327769,Spacetel - Guine-Bissau
327776,Stature
327782,Metrofibre Networx (PTY) Ltd
327786,4G Telecom
327798,ICTESTIC
327799,VIETTEL BURUNDI
327808,TESUCO TELECOMMUNICATIONS (PTY) LTD
327818,BENIN-IX
327829,SKYTIC TELECOM
327830,Concerotel Botswana Pty Ltd
327885,Viettel Tanzania PLC
327907,Session Telecoms(PTY)
327931,Optimum Telecom Algeria
327934,SOCIETE NATIONALE DES TELECOMMUNICATIONS (Tunisie Telecom)
327946,Mesh Telecom Pty Ltd
327975,ILNET TELECOM GROUP SARL
327981,Ekovolt Telco
328001,Satellite Software
328029,Web Telecom Services (PTY) Ltd
328061,TELCO S.A
328073,IONTel
328092,SUD TELECOM SOLUTIONS
328111,IP WORLD
328136,Telecel Liberia Limited
328155,Blue Sky Satellite Communications CC
328169,Swazi Mobile
328176,ITTX Telecoms
328191,Companhia Santomense de Telecomunicacoes
328250,Golis Telecom Somalia
328253,ALPHA TELECOMMUNICATION MALI-ATEL
328286,Libyana Mobile Phone Company
328319,AMTEL LTD
328323,Brilliant Telecommunications
328333,Fixed Mobile Telecommunications
328408,HAMILTON TELECOM LIMITED
328450,F & G Telecommunications cc
328469,Somtel Somalia
328471,HERO TELECOMS
328488,DK Telecom
328500,A.M.C Telecom
328539,Giga for Telecommunication and Technology
328548,TOUCHNET TELECOMMUNICATIONS CC
328549,SAHEL TELECOM LIBERIA
328576,TelcoExchange (aka AS328576.net)
328613,Trakatel Limited
328636,Jambo telecoms limited
328646,INFRATEL Zambia
328652,Hirani Telecommunication ltd
328658,Choice2mobile Technology Ltd
328704,Wifiza Telecoms cc
328723,Telasera
328733,AWAL TELECOM & TECHNOLOGY
328755,Digitel Holdings Limited
328760,ZTEL
328780,IMBIL TELECOM SOLUTIONS NIG. LTD
328790,Opentel Technologies
328808,DUMATEL AFRICA
328820,TF Telecoms
328866,NEWTELNET CAMEROUN
328911,Net4 Telecoms
328975,MTAANI TELECOM
328979,NEONET PRESTAÇÃO DE SERVIÇOS E TELECOMUNICAÇÕES LDA
328988,SAFARICOM ETHIOPIA (ORG-STEP1-AFRINIC)
328997,ORG-RA11-AFRINIC
329027,Ozone
329032,Mdaswifi
329066,Datacom Telecommunication Limited
329148,Fibreworld Telecommunications Networks Limited
329152,ATIS TELCOM LIMITED
329170,Boss Telecom
329236,Teltwine Networks Limited
329243,One Mile Telecoms
329246,HANIF TELECOM
329248,Simtel ISP
329255,Telcoptics
329274,Atlantique TELECOM CAR
329341,Tatu Telecom Company SEZ Limited
329370,ESPAÇONET - TELECOMUNICAÇOES (SU) LDA
329386,Neurotel Communications
329402,Mavoni Telecoms (Pty) Ltd
329444,BEELINE TELECOMS LIMITED
329472,SPARK Internet Service Provider
329478,ORG-ST8-AFRINIC
393227,Rochester Telephone Company
393301,ST. JOHN CO-OPERATIVE TELEPHONE AND TELEGRAPH COMPANY
393457,HCE Telecom Inc.
393573,Fuse Telecom
393632,NFTC Telecom
393740,Progressive Rural Telephone Cooperative Inc
393796,Golden Belt Telephone
393821,Lismore Cooperative Telephone Company
393844,Pine Telephone Company INC.
393857,TS-419
394111,Foothills Rural Telephone Cooperative Corporation Inc.
394232,TELKEL
394285,JBN Telephone Co
394333,TRANSATEL US
394473,Brantley Telephone Company Inc.
394474,WhiteLabelColo
394625,WhiteLabel IT Solutions
394708,Horizon Telcom Inc.
394710,TelMAX
394778,Northeast Missouri Rural Telephone Co.
394869,APNC
394891,Commonwealth Flats Development Hotel Corp.
394907,CL Tel
394989,Gene's Telecom
394991,SWC TELESOLUTIONS
395040,Green Hills Telephone Corporation
395165,Madison Telephone LLC
395260,The Farmers Telephone Company Inc.
395357,Riviera Telephone Company Inc.
395394,xyTel Inc
395461,Apogee Telecom Inc.
395465,Apogee Telecom Inc.
395582,Grand River Mutual Telephone Corporation
395597,Apogee Telecom Inc.
395685,Ontario Telephone Company Inc
395795,Cherokee Telephone Company
395866,Fort Mojave Television Inc.
395965,Carrytel
396056,EAGLE TELEPHONE SYSTEM INC
396338,Altima TRT
396990,Monticello - Wayne County Telecommunication Board
397285,Cambridge Telephone
397361,Poka Lambro Telephone Cooperative Inc.
398041,XCD-TELECOM
398052,Mechanicsville Telephone Company
398305,N4 Mobile
398734,Fleettel INC
398839,ALLIANCE TELECOM
399111,In-Telecom Consulting
399194,Satronics Satellites Sales and Service
399327,CONNECT MOBILITY
399435,Lipan Telephone Company
399439,Mitchell Telecom
399494,Brooke Telecom Cooperative
399844,Saskatchewan Telecommunications
399893,Richmond Telephone Company LLC
400132,Reinbeck Telecommunications Utility
400155,Manchester-Hartland Telephone Company
400180,Farmers Mutual Telephone Company Stanton
400212,VergeTel Group LLC
400385,Citizens Telephone Corporation
400439,Consolidated Telcom
400610,Middle Michigan Network for Educational Telecommunications
400633,Peoples Rural Telephone Cooperative Corporation Inc.
400662,Dobson Technologies - Transport and Telecom Solutions LLC
400666,Dobson Technologies - Transport and Telecom Solutions LLC
400933,Citizens Telephone Company of Higginsville Missouri
401037,Apogee Telecom Inc.