ASN,Report count,Organization
16509,8771174,Amazon.com
136907,3778997,Huawei Cloud Global
398324,2442553,Censys
6939,1808992,Hurricane Electric
14618,1748282,Amazon AES
45102,1631452,Alibaba
8075,1491359,Microsoft
14061,1485625,DigitalOcean
396982,1484874,Google Cloud
135377,1475263,UCloud Information Technology (HK) Limited
211298,1291908,Driftnet Ltd
213412,1159844,ONYPHE SAS
55990,916430,Huawei Cloud(China)
51396,900617,Pfcloud UG
16276,895230,OVHcloud
398705,740797,Censys Inc.
13335,738835,Cloudflare
4134,509831,China Telecom
132203,509184,Tencent Global
50360,446568,4vendeta
63949,441112,Linode AS63949
211736,440450,FOP Dmytro Nedilskyi
202425,388769,IP Volume
4837,354925,China Unicom
36183,340722,Akamai Technologies Inc.
398722,308460,Censys Inc.
36352,307835,ColoCrossing
201814,285381,Mevspace
906,281720,DMIT Cloud Infrastructure
21859,274591,Zenlayer Inc
24940,271839,Hetzner Online
215925,264296,VPSVAULT.HOST LTD
55960,262597,BJ-GUANGHUAN-AP
9829,254490,National Internet Backbone India
174,230318,Cogent Communications Inc.
9808,226583,China Mobile Communications Group Co. Ltd.
214295,221604,SKYNET NETWORK LTD
207812,216992,DM AUTO EOOD
32934,211007,Meta
47890,207688,UNMANAGED LTD
49870,205653,Alsycon AS49870
37963,200821,Alibaba (China)
13238,199814,Yandex
212512,194500,Detai Prosperous Technologies Limited
401120,192849,
2200,183846,RENATER
51167,146549,Contabo
135629,145787,Ningxia West Cloud Data Technology Co.Ltd.
20052,143492,ARBOR
4766,142823,KT Corporation (Korea Telecom)
45899,142691,VNPT
209605,136663,UAB Host Baltic
45090,136572,Tencent-CN
10439,135985,CARI.net - Fiber Alley Data Centers
3462,120529,HiNet
49581,120232,Tube-Hosting
139341,118142,ACE CDN
12389,112398,Rostelecom
12876,100147,Scaleway
211680,98314,NSEC - Sistemas Informaticos S.A.
3320,95093,Deutsche Telekom
213438,94118,colocatel-inc
34224,92970,Neterra
138997,91595,Eons Data
9009,88409,M247
52053,86903,REDHEBERG SAS
48090,85815,TECHOFF SRV LIMITED
58461,84606,CT-HangZhou-IDC
12989,83766,BlackHOST
19318,83184,InterServer
7713,82319,Telekomunikasi Indonesia Int (TELIN)
60223,80718,Netiface
214943,79160,
50719,76043,XINON
206264,73191,Amarutu Technology Ltd.
401116,72855,
52055,71690,
4,71520,University of Southern California - AS4
62563,68131,GTHost Canada
211607,65725,Securitytrails LLC
15169,64571,Google LLC
8151,63447,Uninet S.A. de C.V.
8551,63128,Bezeq International
12880,62110,TIC AS12880
9121,61336,Turk Telekom
4812,60749,China Telecom (Group)
150436,60710,Byteplus Pte. Ltd.
58466,60048,CHINANET Guangdong province network
23969,59630,NT Broadband ISP
209290,56615,
210558,55917,1337 Services GmbH
8452,55912,Telecom Egypt
9465,55777,AGOTOZ PTE. LTD.
7552,54803,Viettel
208191,54392,
12145,53418,Colorado State University
36530,51663,FUTURE-LAIN
51852,51482,Phase Layer Global Networks
24429,49595,Alibaba Cloud CDN
1267,48941,WINDTRE
8447,46317,A1 Telekom Austria AG
60068,45921,CDN77
8048,45913,CANTV
200350,45145,Yandex Cloud
200391,44848,KREZ 999 EOOD
202306,43879,HOSTGLOBAL.PLUS
3209,43698,Vodafone Germany
23470,43668,ReliableSite.Net
3269,43455,Telecom Italia S.p.a.
137280,42770,Kingsoft Cloud
400161,42765,HAWAIIRESEARCH
12637,42581,Seeweb
17561,40946,LARUS Limited
8412,40461,Magenta Telekom
136180,40241,IPIP-CN
30722,39116,Vodafone Italy
7922,38299,Comcast
17621,36784,China Unicom Shanghai Network
31034,36537,Aruba
3303,36176,Swisscom
57509,35870,L&L Investment Ltd.
53667,34605,FranTech Solutions
18403,33994,FPT Telecom
40676,33954,Psychz Networks
13213,33652,THG Hosting
8560,33409,IONOS SE
3215,32556,Orange France
197540,31930,netcup GmbH
142002,31796,Scloud Pte Ltd
35916,31320,MultaCOM
59414,31202,cloudscale.ch AG
212238,31192,Datacamp Limited
6186,30341,
31898,30187,Oracle Cloud Infrastructure
5483,30089,Magyar Telekom plc.
63199,29840,CDS Global Cloud Co. LTD
135918,29337,VIET DIGITAL TECHNOLOGY LIABILITY COMPANY
3352,28904,Telefonica de España
51115,28561,HLL LLC
215540,28536,GLOBAL CONNECTIVITY SOLUTIONS LLP
3786,28507,LG Uplus
23724,27873,IDC China Telecommunications Corporation
12555,27475,IMAQLIQ
62240,27446,Clouvider
54994,26920,meteversecloud
58224,26872,TCI
136258,26450,ONEPROVIDER
210006,26202,Shereverov Marat Ahmedovich
215183,25802,
6730,25776,Sunrise GmbH
200373,25608,3xK Tech
209160,25597,Miti 2000 EOOD
43260,25563,DGN Teknoloji
2637,25497,Georgia Institute of Technology
135905,24756,VIETNAM POSTS AND TELECOMMUNICATIONS GROUP
42624,24551,Global-Data System IT Corporation
9299,24549,Philippine Long Distance Company
20473,24027,The Constant Company
12874,23616,Fastweb
24560,23185,Bharti Airtel Ltd. Telemedia Services
142111,23001,Zhejiang Aiyun Network Technology Co Ltd
215476,22921,
56046,22799,China Mobile communications corporation
151858,22643,INTERDIGI JOINT STOCK COMPANY
45758,22602,TripleT Broadband(AIS|3BB)
270353,22179,Tyna Host - Datacenter no Brasil
214209,21971,Internet Magnate (Pty) Ltd
208843,21910,Alpha Strike Labs GmbH
1299,21846,Arelion (Twelve99)
152672,21652,Aiyun (HK) Network Technology Limited
4808,21555,China Unicom Beijing Province Network
4713,21420,NTT Communications Corporation (OCN)
36947,21260,Algeria Telecom
214940,21218,KPROHOST LLC
6805,21055,Telefónica Germany GmbH & Co. OHG
48693,21005,Rices Privately owned enterprise
29484,20811,Ruhr-Universitaet Bochum
1103,20553,SURF
36007,20528,Kamatera Inc.
35042,20238,Layer7 Networks GmbH
34665,20052,PIN Datacenter
31662,19804,aurax connecta ag
29447,19742,Iliad Italia
14956,19299,ROUTERHOSTING
5617,19089,Orange Polska - TPNET
399045,18746,
4760,18633,HKT Limited
44486,18478,SYNLINQ
211590,18436,Bucklog SARL
17557,18416,PTCL
701,18369,Verizon
133982,18364,Excitel
21283,18137,A1 Slovenija
24757,18065,Ethio Telecom
40021,18040,Contabo USA
141995,17803,Contabo Asia
8611,17668,Athens University of Economics and Business
396356,17638,Latitude.sh AS396356
2856,17601,BTnet (BT's UK IP Network - AS2856)
9498,17508,Bharti Airtel Limited
2500,17499,WIDE Project
203020,17483,HostRoyale
213613,17480,BotShield-LTD
25211,17479,'Euro Crypt' EOOD
7018,17397,AT&T US - 7018
680,17321,DFN Deutsches Forschungsnetz e.V.
44477,17183,
134963,17161,Alibaba Cloud (Singapore) Private Limited
212835,16909,Shesternin Vladimir Anatolievich
61112,16902,AKILE
22552,16477,eSited Solutions
5603,16165,Telekom Slovenije
9304,15980,HGC
34984,15850,Superonline
21334,15459,One Hungary
55836,15457,Reliance Jio Infocomm NLD Network
9198,15381,Kazakhtelecom
8069,15279,Microsoft AS8069
213456,15161,
39891,15154,Saudi Telecom Company JSC
207463,15141,INFOGAIR
4538,15109,CERNET-CN
201401,15041,NewVM
9541,14932,Cyber Internet Services
56041,14851,China Mobile communications corporation
14593,14585,SpaceX Starlink
8881,14573,1&1 Versatel Deutschland
32475,14570,Internap Holding LLC
213790,14356,Limited Network LTD
7029,14160,Uniti Kinetic
204428,14031,SS-Net
51265,13983,Mass Response / spusu
8369,13969,Intersvyaz
3301,13884,Telia Sweden
15557,13767,SFR Group
5410,13755,Bouygues Telecom ISP
1136,13608,KPN NL
3214,13592,xTom GmbH
12322,13587,Free SAS
33915,13461,Vodafone Libertel B.V.
4788,13396,Telekom Malaysia Berhad (TM)
24186,13304,Railtel Corporation Of India
28573,13121,Claro S.A. (NET)
54801,12908,Zillion Network Inc.
16232,12861,Telecom Italia S.p.A.
206092,12824,Internet Utilities Europe and Asia Limited
6057,12821,ANTEL
12479,12814,Orange Spain
150179,12769,KAAL TECH CO. LIMITED
9318,12549,SK Broadband
29465,12326,MTN NIGERIA Communication
7303,12310,TELECOM ARGENTINA
33765,12058,TTCL Corporation
400536,12007,Nodestop
197183,11950,Occentus Network SL
211849,11904,
5432,11865,Proximus
1257,11818,TELE2
25019,11370,Saudi Telecom Company (STC SAUDINET)
25255,11334,Drei Austria
63737,11306,VIETSERVER SERVICES TECHNOLOGY COMPANY LIMITED
5089,11294,Virgin Media
206262,11261,TelKos
200019,11159,AlexHost
215304,10878,
53062,10808,Brasil TecPar (ALT)
16135,10738,TURKCELL
8359,10706,Mobile TeleSystems PJSC
20115,10646,Charter Communications
22884,10593,TOTAL PLAY TELECOMUNICACIONES AS22884
29302,10467,Hosting Services Inc
15704,10336,MásMóvil
216071,10222,VDSINA
14576,10214,King Servers
5384,10146,Emirates Internet
3212,10146,Telemach Slovenia
19871,10106,Network Solutions LLC
38365,10043,Baidu Netcom Science and Technology Co. Ltd.
51847,9970,Nearoute Limited
9086,9956,Docklands Data Centre
208637,9808,4 Vendeta Ltd
5391,9771,Croatian Telecom
31133,9759,MegaFon
6848,9750,Telenet
214062,9743,ITITAN HOSTING SOLUTIONS SRL
140061,9728,Qinghai Telecom
48925,9720,VibeGAMES B.V.
209800,9618,
138915,9533,Kaopu Cloud HK
197207,9524,Mobile Communication Company of Iran
9031,9487,EDPNET Belgium
204457,9487,Atlantis Telekomünikasyon bil. hizm. san.tic.ltd.şti.
5610,9393,O2-CZECH-REPUBLIC
12430,9385,Vodafone España
24547,9366,Hebei Mobile Communication Company Limited
5650,9365,Frontier Communications of America (FCA)
17639,9357,CONVERGE ICT SOLUTION
26599,9206,TELEFÔNICA BRASIL AS26599
17451,9112,Biznet Networks
215778,9066,Alpha Strike Labs GmbH
6855,9044,Slovak Telekom/T-Mobile CZ
27699,9004,TELEFÔNICA BRASIL AS27699
22773,9002,Cox Communications
20845,8920,DIGI Ltd
23693,8790,Telekomunikasi Selular
213990,8761,AOFB
14048,8703,The University of Memphis
9269,8677,Hong Kong Broadband Network LTD
13036,8650,T-Mobile CZ AS13036
29802,8597,Hivelocity LLC
47585,8591,Yigit Hosting Bilisim E-Ticaret Gida Sanayi Ticaret Limited Sirketi
137409,8515,Global Secure Layer
38136,8482,Akari Networks Limited
15162,8457,
42961,8400,Zain KW
26658,8356,HT
46844,8246,Sharktech
34450,8186,NET GATE COMUNICATII
14080,8185,Telmex Colombia
24309,8151,Atria Convergence Technologies Ltd.
15796,8125,SALT MOBILE
12912,8120,T-Mobile Polska
42237,8092,W1N
8193,8091,'Uzbektelekom' Joint Stock Company
17622,7988,China Unicom Guangzhou network
4811,7928,China Telecom (Group)
42821,7920,K&K Kommunikationssysteme GmbH
8402,7860,Corbina Telecom
199785,7826,Cloud Hosting Solutions
17858,7792,LG POWERCOMM
5607,7712,Sky Broadband
50340,7661,Selectel MSK
2119,7653,Telenor Norway
34779,7639,T-2 d.o.o.
141718,7588,haoxiangyun
137687,7568,
37705,7550,TOPNET / tunisia
9183,7541,Robert Bosch Gesellschaft mit Beschraenkter Haftung
207184,7533,
29222,7531,Infomaniak Network SA
212567,7487,Freie Netze Muenchen e.V.
16019,7461,Vodafone Czech Republic
35487,7368,Misaka Network Inc. (EMEA)
134420,7279,Chongqing Telecom
54113,7238,Fastly Inc.
1221,7229,Telstra Corporation Ltd
6128,7215,Cablevision Systems Corporation
46606,7205,Endurance International Group Inc
17318,7201,DomainTools LLC
7979,7145,SERVERS.COM
36903,7135,Office National des Postes et Telecommunications ONPT (Maroc Telecom) / IAM
45820,7115,Tata Teleservices
11320,7105,LightEdge Solutions
2514,7072,NTT PC Communications (InfoSphere)
131090,7045,NT(CAT) Broadband
12695,7035,CJSC Digital Network
2527,7011,Sony Network Communications
6799,7007,OTEnet
984,6998,OWS
216221,6996,XeniaHosting
137718,6953,VOLCANO-ENGINE
21928,6932,T-Mobile USA
24955,6899,JSC Ufanet
18209,6863,Atria Convergence Technologies
197834,6747,Ucom CJSC
16735,6746,Algar
17638,6742,ASN for TIANJIN Provincial Net of CT
42969,6726,Alpha Strike Labs GmbH
20001,6712,Charter Communications (20001)
267784,6688,Flyservers S.A.
8866,6683,Vivacom Bulgaria EAD
62068,6673,SpectraIP B.V.
30844,6509,Liquid Intelligent Technologies
9141,6503,P4 PLAY Network
18881,6486,TELEFÔNICA BRASIL AS18881
57043,6486,HOSTKEY B.V.
200195,6473,Verasel Inc.
49544,6445,i3D.net
917,6433,Misaka.io
6697,6415,Beltelecom
58519,6357,Cloud Computing Corporation
22927,6288,Telefonica de Argentina
62164,6278,Heymman Servers
47583,6271,Hostinger International
37061,6269,Safaricom AS37061
132199,6241,Globe Telecom Inc.
149125,6235,4S TECHNOLOGY TRADING SERVICES COMPANY LIMITED
17816,6207,CHINA169-GZ
206216,6165,Advin Servers
214481,6139,Wojciech Czapkowicz
24444,6097,Shandong Mobile Communication Company Limited
57269,6078,Digi Spain Telecom
4847,6043,CNIX-AP
17917,5992,Quadrant Televentures
9534,5975,Maxis Communications Bhd
17488,5969,Hathway IP Over Cable Internet
22295,5950,Advin Servers AS22295
30081,5918,CacheFly
17676,5914,SoftBank Corp.
212477,5899,RoyaleHosting
215224,5873,NovoServe Customers ASN
53958,5836,AUPROXIES LLC
210644,5828,Aéza
58087,5827,Florian Kolb
17995,5827,iForte Global Internet
133481,5818,Advanced Wireless Network Co. Ltd.(ฺBroadband)
213155,5793,Yettel Hungary Ltd.
40065,5793,CNSERVERS
3257,5771,GTT Communications (AS3257)
58061,5741,SCALAXY-AS
29066,5725,velia.net
38623,5719,Viettel (Cambodia) Pte. Ltd.
23888,5664,National Telecommunication Corporation HQ
7040,5590,Netminders Server Hosting
4130,5585,University of Pittsburgh
35612,5547,Eolo SpA
216341,5490,
63760,5452,AZDIGI Corporation
9341,5406,Indonesia Comnets Plus AS9341
200651,5404,FlokiNET
11426,5347,Charter Communications Inc
151873,5339,TOTHOST SOLUTIONS AND TECHNOLOGIES COMPANY LIMITED
48721,5321,Flyservers S.A.
52468,5266,Ufinet Latam AS52468
60490,5240,MTS PJSC
24835,5218,Vodafone Egypt
25369,5205,Hydra Communications Ltd (EU)
215730,5176,H2NEXUS
20940,5160,Akamai Technologies
3816,5133,COLOMBIA TELECOMUNICACIONES S.A. ESP
4230,5122,Claro
38731,5093,Vietel - CHT Compamy Ltd
23674,5086,Nayatel
8400,5060,TSSRB - Telekom Srbija
208949,5035,HBING LIMITED
197019,5028,WEDOS Internet
48452,5024,Traffic Broadband Communications
47690,5021,TNGNET B.V. (AS47690)
3216,5009,VimpelCom
9123,5001,JSC TimeWeb
63961,5001,BdREN
44034,4991,Hi3G Access AB
20860,4982,iomart
41745,4971,Baykov Ilya Sergeevich
25192,4958,CZ.NIC z.s.p.o.
7738,4949,Vtal 7738
45204,4923,Gemnet
8374,4889,Polkomtel
15962,4888,Orange Slovensko
2280,4884,Orange S.A.
6568,4874,Entel S.A. - EntelNet
6849,4870,Ukrtelecom
213887,4838,WAICORE
401696,4805,cognetcloud INC
29518,4787,Bredband2
47995,4781,Apple Technologies LLC
12552,4773,GlobalConnect AS12552
209272,4772,Alviva Holding Limited
54098,4760,LIONLINK NETWORKS
209702,4743,
25513,4729,MGTS
27967,4700,Gobernacion de la Provincia de Buenos Aires
214036,4700,Ultahost Inc.
51207,4692,Free Mobile SAS
211619,4691,MAXKO
212913,4681,FOP Hornostay Mykhaylo Ivanovych
201194,4681,Nahor Hadish Design and Architecture Co. Ltd
215826,4657,
47987,4645,Zemlyaniy Dmitro Leonidovich
203214,4628,Hulum Almustakbal
401172,4611,
401152,4607,Ace Data Centers II L.L.C.
61756,4607,NETPONTAL PROVEDOR DE INTERNET
57695,4606,Misaka Network Inc.
19527,4605,Google LLC AS19527
2860,4604,NOS
11664,4569,CLARO ARGENTINA
17813,4549,Mahanagar Telephone Nigam Limited
35819,4549,Etihad Etisalat Company (Mobily)
852,4541,TELUS Communications
10796,4540,Charter Communications (10796)
18049,4523,Taiwan Optical Platform Group
3223,4520,VOXILITY
719,4501,Elisa Finland
39603,4464,PLAY
60729,4452,Zwiebelfreunde
140810,4444,MEGACORE-AS-VN
3243,4439,MEO Residential
9329,4413,Sri Lanka Telecom
50304,4390,Blix Solutions AS
56040,4390,China Mobile communications corporation
136787,4390,PacketHub S.A.
140726,4361,UNICOM AnHui province network
47377,4354,Orange Belgium SA
198953,4337,Proton66 OOO
16086,4331,DNA
53107,4320,EVEO
394695,4309,Public Domain Registry
8796,4281,Fast Data
34549,4264,meerfarbig GmbH & Co. KG
56042,4254,China Mobile communications corporation
329166,4201,Absolute Hosting
12400,4200,Partner Communications
2519,4190,ARTERIA Networks Corporation (Vectant)
215439,4178,PLAY2GO-NET
45609,4162,Bharti Airtel Ltd. AS for GPRS Service
6327,4148,Shaw Cablesystems
138341,4128,SHOPEE SINGAPORE
8595,4114,WestCall
39351,4109,31173 Services
58563,4090,CHINANET Hubei province network
13489,4084,TigoUne
4609,4077,Macau CTM
12353,4073,Vodafone Portugal
13999,4049,Mega Cable S.A. de C.V.
39421,4049,Sapinet
17072,4044,TOTAL PLAY TELECOMUNICACIONES AS17072
211659,4034,
24139,4032,Huashu media&Network Limited
45117,4031,Ishan Netsol
56044,4028,China Mobile communications corporation
12741,4025,Netia
42708,4022,Portlane
6810,4014,Bezeq
5578,4009,SWAN / exBENESTRA
38264,4008,Wateen Telecom
43641,4005,SOLLUTIUM EU Sp z.o.o.
2516,3995,KDDI
41039,3970,Deutsche Breitbanddienste GmbH
11427,3957,Charter Communications (11427)
58212,3944,Dataforest
6167,3942,Verizon Business AS6167
39089,3937,Ugletelecom - AS39089
55577,3913,Atria Convergence Technologies Ltd.
61178,3898,Digital Transformation Plus LLC
36873,3897,Airtel Networks Nigeria
38841,3885,kbro
51747,3881,Internet Vikings International
271042,3879,BOT INTERNET E SERVICOS DE TELECOMUNICACOES
12975,3871,Palestinian Telecommunications
8732,3867,COMCOR
23532,3864,iOVZ Networks
262551,3859,Farol Telecom
150895,3859,EZ TECHNOLOGY COMPANY LIMITED
64236,3857,UnReal Servers
37492,3835,Orange Tunisie
3356,3817,Lumen AS3356
55933,3815,Cloudie
7385,3815,Electric Lightwave
12714,3810,PJSC MegaFon
203963,3810,SPDNet Telekomunikasyon Hizmetleri Bilgi Teknolojileri Taahhut Sanayi Ve Ticaret A.S.
214279,3780,DASABO
134768,3773,CHINANET SHAANXI province Cloud Base network
7590,3760,Commission on Science and Technology for
397423,3751,Tier.Net Technologies LLC
17665,3750,ONEOTT iNTERTAINMENT LTD
45916,3749,Gujarat Telelink
51202,3749,NUXOA GmbH
25490,3737,PJSC Rostelecom
8376,3732,Jordan Data Communications Company LLC
27747,3718,Telecentro
397368,3688,
7545,3684,TPG Telecom
31200,3680,Novotelecom (NTK)
141679,3662,China Telecom Beijing Tianjin Hebei Big Data Industry Park Branch
9038,3646,Umniah Mobile Company
151185,3641,China Telecom
61098,3638,Akenes SA
8708,3636,DIGI RO
6400,3627,Claro Dominicana
43350,3615,NFOrce Internet Services :: 43350
47516,3609,DEHOST INTERNET VE BILISIM TEKNOLOJILERI SANAYI TICARET LIMITED SIRKETI
1101,3588,Not SURF Net
33771,3571,Safaricom AS33771
21299,3549,Beeline Kazakhstan
28840,3549,PJSC 'TATTELECOM'
20911,3540,Net-Surf.net
215929,3514,Data Campus Limited
8612,3513,Tiscali
16010,3510,Magticom Broadband
9145,3501,EWE TEL
394089,3499,Google LLC
199739,3492,Earthlink Telecommunications Equipment Trading & Services DMCC
12735,3489,TurkNet Iletisim Hizmetleri A.S
8473,3450,Bahnhof
49434,3445,FBW Networks
17762,3441,Tata Teleservices (Maharastra)
39392,3421,SH.cz
262210,3414,VIETTEL PERU
136557,3411,Host Universal
12810,3403,A1 Hrvatska d.o.o.
52804,3400,ESTREITONET LTDA
55967,3380,Baidu
1680,3367,Cellcom Israel
24086,3366,Viettel Corporation
44395,3355,UCOM AS44395
152194,3354,CTG Server Limited
28209,3335,Under
4775,3332,Globe Telecom
42610,3328,Rostelecom MRB Moscow
1759,3313,Telia Finland
10912,3294,Unitas Global
36925,3293,Meditelecom
15895,3292,Kyivstar
57169,3285,EDIS GmbH
17882,3282,Univision Mongolia
2116,3282,GlobalConnect AS2116
31615,3280,Odido AS31615
9260,3277,Multinet Pakistan Pvt. Ltd.
48642,3275,K Telecom Ldt.
146817,3274,Hubei Feixun Network Co. Ltd
24961,3270,WIIT Group
14754,3264,Telgua
215590,3246,DpkgSoft International Limited
48282,3240,Hosting technology LTD
577,3230,Bell Canada Backbone
401109,3221,
10429,3215,TELEFÔNICA BRASIL AS10429
134771,3211,WENZHOU ZHEJIANG Province P.R.China.
17552,3209,True Internet Co.
56048,3209,China Mobile Communicaitons Corporation
4800,3207,Lintasarta
216246,3195,Aéza (RU)
21246,3191,Ipko Telecommunication
14987,3175,Rethem Hosting LLC
8167,3172,Vtal 8167
215703,3172,FREAKHOSTING
36992,3170,ETISALAT MISR
35179,3158,Korbank
210278,3156,Sky Italia AS210278
24863,3146,LINKdotNET
8339,3124,Kabelplus GmbH
56047,3112,China Mobile communications corporation
50867,3111,HOSTKEY
209101,3106,IP Vendetta Inc.
4618,3100,Internet Thailand (INET)
18978,3096,Enzu Inc.
8445,3091,Salzburg AG
8220,3086,Colt
12301,3085,One Hungary Ltd._12301
44244,3085,Iran Cell Service and Communication Company
198584,3076,PIO-Hosting GmbH
50219,3067,Valence Technology Co.
36884,3062,Wana Corporate (AS36884)
11562,3047,NETUNO
216416,3040,Evolus IT Solutions GmbH
26383,3040,Baxet Group Inc.
26496,3039,GoDaddy
269538,3034,CONECTEC NET LTDA
812,3031,Rogers Cable
205544,3030,LeaseWeb UK / LON-01
4685,3015,ASAHI Net
35805,3008,Silknet
8899,2992,DEUTSCHE-GLASFASER
33567,2991,Econet Telecom Lesotho (PTY) LTD
49505,2989,Selectel Ltd.
54600,2977,RAKsmart
36692,2946,Cisco Umbrella
33363,2945,Charter Communications (33363)
400529,2941,Infraly LLC
12271,2931,Charter Communications Inc
137697,2914,CHINATELECOM JiangSu YangZhou IDC networkdescr: YangZhou  Jiangsu Province P.R.China.
205714,2913,Telemach Croatia
137951,2912,ASLINE LIMITED
197450,2912,SUNUCUN
133661,2888,Netplus Broadband Services
38283,2886,CHINANET SiChuan Telecom Internet Data Center
209847,2883,THE Hosting
212219,2875,Hosting Dunyam
35369,2874,LINZ AG TELEKOM
41436,2873,Kamatera EU
207326,2873,HostLAB
50266,2871,Odido
20326,2871,Teraswitch Inc
136188,2865,NINGBO ZHEJIANG Province P.R.China.
200593,2858,PROSPERO OOO
8346,2842,SONATEL DAKAR
9930,2840,TIME DotCom Berhad
15943,2840,wilhelm.tel
202422,2838,GHOST !
4761,2829,Indosat Ooredoo
207713,2819,GLOBAL INTERNET SOLUTIONS
204104,2810,GITI-AS
37611,2807,Afrihost
262415,2800,OPEN PROCESSAMENTO DE DADOS
140292,2794,CHINATELECOM Jiangsu province Suzhou 5G network
207990,2793,HostRoyale Technologies Pvt Ltd
42337,2782,Respina Networks & Beyond PJSC
6147,2779,Telefonica Del Perú
13285,2779,PlatformX Communications
43766,2775,Zain KSA
9506,2774,Singtel Fibre Broadband
4780,2761,New Century InfoComm Tech Co.Ltd.
149078,2759,VPSMMO TECHNOLOGY COMPANY LIMITED
30633,2758,LeaseWeb USA / WDC-02
37671,2747,3S INF
132124,2747,Information and Communication Technology Agency of Sri Lanka
215090,2746,Keskin Yavuz trading as HebergTonServ
6830,2746,Liberty Global
29314,2746,VECTRA
42807,2737,CIZGI TELEKOMUNIKASYON ANONIM SIRKETI
133118,2716,China Unicom IP network
211507,2698,Julian Achter
132165,2698,Connect Communications
21499,2693,Host Europe GmbH
2107,2683,Arnes
27651,2674,entel MPLS
21479,2667,PJSC Rostelecom
46261,2666,QuickPacket
37693,2665,Ooredoo Tunisia
15924,2653,VODAFONE NET ILETISIM HIZMETLERI AS15924
213780,2628,ARKCORE
214822,2620,MT FINANCE LLC
37105,2609,rain Networks
6821,2597,Makedonski Telekom
7418,2590,Movistar ISP
214973,2590,AXST
24445,2580,Henan Mobile Communications Co.Ltd
15600,2560,Quickline AG
37340,2556,Spectranet AS37340
134762,2553,CHINANET Liaoning province Dalian MAN network
135089,2547,China Telecom
264628,2547,FIBEX TELECOM
17511,2543,OPTAGE
20485,2534,TransTelecom
399073,2532,BUNNY TECHNOLOGY LLC
18734,2520,Bestel
28006,2510,CNT EP
10139,2501,SMARTBRO-PH-AP
30860,2492,Virtual Systems AS30860
14117,2487,Telefonica del Sur
48832,2486,Linkdotnet-Jordan
10620,2481,Telmex Colombia S.A.
400618,2481,PSC
23956,2477,AMBERIT
1955,2470,Hungarian NREN
149746,2469,PT BLiP Integrator Provider
29256,2461,INT-PDN-STE-AS
135761,2459,Userlinks Netcom
27882,2457,Telefónica Celular de Bolivia
141140,2455,MyRise AS141140
200514,2447,KnownSRV LTD
55286,2445,ServerMania Inc
63023,2445,GTHost
26210,2441,AXS BOLIVIA
35104,2437,Kaztranscom
209956,2433,Telkoturk
30058,2424,FDCServers.Net
37148,2422,Globacom Limited
35228,2420,O2 Broadband
28343,2414,Unifique Telecomunicações
2914,2413,NTT Global IP Network
138754,2412,Kerala Vision Broadband Limited
9674,2400,Far EastTone Telecommunication Co. Ltd.
22363,2393,Powerhouse Management Inc.
28952,2392,O2 Business Services
44327,2370,Delta-Comm
27947,2366,Telconet Ecuador
23201,2366,TIGO PY
135953,2363,Vietnam Online Network Solution Joint Stock Compnay
20011,2360,NTT DATA Broadband South Africa
42397,2359,Bunea TELECOM SRL
18779,2358,Energy Group Networks
198253,2356,Kukushkin Anatoly Valerievich
16637,2350,MTN South Africa
8767,2347,M-net
786,2342,Janet
37457,2332,Telkom Internet
327934,2321,SOCIETE NATIONALE DES TELECOMMUNICATIONS (Tunisie Telecom)
43754,2319,Asiatech
213230,2317,Hetzner Online Cloud 2
28685,2309,RoutIT B.V.
9905,2304,Linknet ASN
9845,2302,CJCKN
13110,2296,INEA
204957,2293,GREEN FLOID
55720,2276,TheGigabit
205530,2268,DE-CIX R&D Measurement
47674,2260,Net Solutions Macau
56766,2254,PE Bakhilov Ilya Vitalievich
52565,2252,EDGAR RODRIGUES ROMAO FILHO
15435,2249,DELTA Fiber - AS15435
12605,2246,Liwest Kabelmedien
263703,2244,CORPORACION VNET C.A.
22612,2244,Namecheap
23688,2242,Link3 Technologies Limited
16223,2239,Columbus AS16223
11878,2234,TZULO
265936,2224,TURBONET CE
62044,2219,Zscaler AS62044
131378,2219,Cloud Viet Technology Company Limited
209132,2217,Alviva Holding Limited
55081,2214,24Shells Inc
17421,2205,Mobile Business Group
16591,2201,Google Fiber Inc.
11259,2197,Angola Telecom
206067,2195,Three UK AS206067
59432,2193,GINERNET
150008,2183,Pioneer Elabs Ltd.
132510,2176,IDC ShanXi China Mobile communications corporation
8764,2162,Telia Lietuva AB
12392,2161,Brutele SC / Voo
49592,2151,Pipe Networks LTD
36351,2144,SoftLayer Technologies Inc. (an IBM Company)
56309,2143,ReadyIDC
149020,2137,WEBHORIZON-AS-AP
11351,2133,Charter Communications Inc
212317,2131,Hetzner Online Cloud 3
553,2123,BelWü
45458,2121,Advanced Wireless Network Co. Ltd.(Enterprise/NIX)
200590,2120,NLS Kazakhstan
47524,2118,TURKSAT
61094,2118,CRATIS
9873,2110,LAOTELECOM
5769,2109,Videotron AS5769
8437,2108,Hutchison Drei Austria GmbH
56971,2098,CGI GLOBAL LIMITED
11556,2096,Cable & Wireless Panama
28753,2090,LeaseWeb Germany / FRA-01
201579,2088,HOSTGNOME LTD
48753,2088,AVA HOST SRL
6739,2084,VODAFONE ONO S.A.
6866,2084,CYTA
28812,2080,PJSC 'Bashinformsvyaz'
12716,2079,A1 Bulgaria AS12716
36924,2075,GVA
19429,2069,ETB - Colombia
31581,2067,National Infocommunications Service Company Limited by Shares
197226,2060,Sprint Data Center
213250,2050,ITP-SOLUTIONS
33837,2050,Fredrik Holmqvist
268552,2040,NETSBRASIL
15964,2036,CAMTEL
57578,2033,Misaka Network Inc. (CIS)
215762,2032,bulletgroup
1764,2029,next layer
8462,2027,Tarr Ltd.
206804,2021,EstNOC
263812,2019,IPXON Networks
202520,2017,SkyPass Solutions
214503,2015,R0cket Cloud
9658,2014,Eastern Telecommunications Philippines Inc.
199404,2013,hosting.com BOM1
33934,2002,OJSC Volgogradelectrosviaz
27831,2000,Colombia Móvil
136435,1994,ELITE COMMUNICATION
138423,1991,CMPAKLIMITED-AS-ENTCORP
62966,1990,BrightEdge Technologies
134032,1987,Infonet Comm Enterprises
134756,1983,CHINANET Nanjing Jishan IDC network
2518,1977,BIGLOBE Inc.
6713,1977,MAROC TELECOM
11172,1976,Alestra
8758,1973,iWay AG
206206,1966,KNET
211522,1960,
209,1959,Lumen AS209
29456,1958,PJSC Rostelecom
12849,1948,HotNet Internet Services
12252,1946,CLARO PERU
28787,1940,Baku Telephone Communication LLC
3302,1931,Retelit S.p.A.
60781,1917,LeaseWeb Netherlands / AMS-01
133159,1915,Mammoth Media
271795,1913,ONETELECOM CIA LTDA
13188,1910,Triolan ISP
150862,1906,VPSTTT COMPUTER COMPANY LIMITED
47165,1905,Omskie kabelnye seti
63859,1904,Eka Mas Republik
47741,1899,
25159,1891,SONICDUO
132116,1889,Ani Network
8422,1875,NetCologne
18809,1873,Cable Onda
28198,1872,Sempre Internet
23700,1870,First Media
53006,1868,ALGAR TELECOM S/A
206728,1853,Media Land LLC
19108,1850,Suddenlink Communications
132525,1845,HeiLongJiang Mobile Communication Company Limited
397373,1844,H4Y Technologies LLC
9931,1841,NT(CAT) Corporate Internet
51765,1837,CreaNova Datacenter
21127,1836,Joint Stock Company TransTeleCom
21497,1834,Vodafone Ukraine
1853,1828,ACOnet
18126,1823,Chubu Telecommunications Co.Inc. (ctc)
3326,1822,Datagroup
49453,1822,Global Layer BV
45903,1818,CMC Telecom
9381,1817,HKBNES
15802,1816,du
208583,1815,Shadowforce
214762,1797,MatHost.eu
20632,1797,North-West branch of PJSC Megafon
131596,1784,TBC
9595,1781,NTT-ME (XePhionWAKWAK)
19148,1781,LeaseWeb / PHX-01
5378,1777,Vodafone UK
28126,1776,Brisanet Servicos de Telecomunicacoes
56005,1774,Zhengzhou Fastidc Technology Co.Ltd.
36914,1773,KENET
56630,1771,Melbikomas
26617,1770,Navega.com
62904,1769,Eonix N.A. Region
4755,1768,Tata Communications AS4755
137125,1759,NETSAT
61461,1759,Airtek Solutions
23506,1758,
30282,1757,Unitas Global
137,1757,GARR
48011,1757,DigiTurunc
25135,1748,Vodafone UK Packet Backbone
135061,1747,China Unicom Guangdong IP network
209012,1747,MULTISOFT LLC
53813,1742,Zscaler AS53813
4771,1742,Spark New Zealand Trading Ltd.
132883,1740,TOPWAY GLOBAL LIMITED
24158,1739,Taiwan Mobile Co. Ltd.
2852,1735,CESNET
266702,1732,266702
210509,1732,Optimum Line for Internet Services Ltd.
32613,1729,Leaseweb Canada
21367,1727,Wiland
201295,1722,Shabakeh Ertebatat Artak Towseeh PJSC
17623,1721,China Unicom Shenzen network
262916,1721,Mega Cable S.A. de C.V.
132335,1718,LeapSwitch Networks
8717,1717,A1 BG EAD
3329,1715,VODAFONE-PANAFON HELLENIC TELECOMMUNICATIONS COMPANY SA
9105,1713,
45773,1711,Pakistan Education & Research Network
11888,1702,Televisión Internacional SA de CV AS11888
4809,1699,China Telecom / CN2
9981,1697,Saero Network Service LTD
58898,1696,Rainbow Communications India
23352,1696,Summit
49531,1693,NetCom-R LLC
131111,1691,PT Mora Telematika Indonesia Tbk - Domestic
27717,1690,Corporacion Digitel AS27717
3292,1690,TDC A/S
262191,1689,COLUMBUS NETWORKS COLOMBIA
214309,1687,Aurorix Gaming Solutions Limited
44547,1687,NETUNDWEB TELEKOMUNIKASYON
214305,1687,
18001,1684,Dialog Axiata PLC
4804,1680,Optus Internet
60587,1680,XINON Carrier Network
263025,1679,ISPTEC Sistemas de Comunicação
28649,1678,Desktop Sigmanet Comunicação Multimídia Ltda
11831,1673,eSecureData
13332,1670,NephoScale
31042,1669,Serbia BroadBand
29571,1666,Orange Cote d'Ivoire
64286,1664,LogicWeb
24400,1661,Shanghai Mobile Communications Co.Ltd.
8926,1658,Moldtelecom
271597,1653,NEW LINK CONNECT
30036,1647,Mediacom Communications
31245,1641,ATI - Agence Tunisienne Internet
15502,1637,Vodafone Ireland
40861,1634,Paradise Networks
5466,1626,eircom
10834,1620,Telefonica Empresas
327813,1619,Web4Africa
35048,1616,Biterika Group LLC
27176,1616,DataWagon
132167,1616,Nine Communications Co.Ltd
12887,1614,Netia SA
41378,1613,Kirino
17465,1609,Asianet Satellite Communications Ltd
55423,1607,JasTel Network
200845,1606,Avatel Telecom
211642,1604,AdminVPS OOO
200185,1597,Aruba Cloud DE
62468,1596,VpsQuan L.L.C.
138277,1581,Radinet Info Solutions
133774,1579,Fuzhou
138152,1579,YISU CLOUD LTD
208208,1578,CYBERSE
27951,1577,Media Commerce Partners
30083,1576,velia.net
6306,1568,Telefonica Venezolana C.A.
16629,1568,CTCCORP
262287,1567,Latitude.sh AS262287
26615,1567,TIM Celular
136958,1561,China Unicom Guangdong IP network
28635,1561,Brasil TecPar (Titania/Younet)
17625,1560,BlazeNet Ltd.
213877,1560,u1host-as
9697,1558,CJHAEUNDAEGIJANG
11845,1556,Vox Telecom
48524,1554,INTERRA telecommunications
46475,1553,Limestone Networks
27843,1550,WIN Empresas
17924,1544,SmarTone Mobile Communications
5065,1543,BUNNY-COMMUNICATIONS-GLOBAL
328471,1527,HERO TELECOMS
29695,1522,Lyse Tele AS
200446,1514,AZ-SELNET
18229,1511,CtrlS Datacenters
29580,1511,A1 Bulgaria AS29580
64289,1506,Macarne - AS64289
27884,1506,CABLE COLOR
55666,1504,PT Media Sarana Data (GMEDIA)
10617,1502,Sion S.A.
400619,1495,AROSS-AS
138643,1495,XINYUAN INTERCONNECT COMPANY LTD
29119,1491,Aire Networks del Mediterraneo
208813,1488,Galexis AG
8345,1487,JSC 'ER-Telecom Holding'
266181,1485,GOLDEN LINK
12990,1485,Grupa Onet.pl S.A.
141525,1483,
21769,1481,Colocation America AS21769
56067,1479,Metrabyte DataCenter Co.Ltd
3132,1476,Red Cientifica Peruana
199524,1475,Gcore
53356,1473,Free Range Cloud Hosting Inc
134760,1471,Shijiazhuang IDC network CHINANET Hebei province
9762,1465,HYUNDAI COMMUNICATIONS   NETWORK
133676,1465,Precious netcom
12302,1462,Vodafone Romania
1241,1461,Forthnet
30848,1460,TWT SpA
59711,1457,HZ-NL
397384,1454,LAUNCHVPS
8492,1454,OBIT
30475,1447,Handy Networks LLC
142403,1443,YISU CLOUD LTD
48503,1436,Tele2 Kazakhstan
146966,1436,China Telecom
150263,1434,Alnet
20546,1430,SOPRADO GmbH
210819,1429,Netversor GmbH
58541,1425,Qingdao266000
132568,1423,Infinet Communictions
37119,1418,Unitel SA
11830,1415,ICE (Costa Rica)
29244,1415,CETIN Bulgaria AS29244
15774,1414,Limited Liability Company 'TTK-Svyaz'
15547,1413,netplus.ch
50810,1412,Mobin Net Communication Company (Private Joint Stock)
15525,1408,MEO EMPRESAS
149440,1405,Evoxt
63969,1405,Race Online
136190,1402,JINHUA ZHEJIANG Province P.R.China.
153416,1401,Hoang Dieu Cloud Computing Company Limited
61138,1398,Zappie Host
38019,1396,tianjin Mobile Communication Company Limited
13124,1396,A1 Bulgaria AS13124
269820,1392,FULL DATA COMUNICACIONES
269713,1391,Voo Telecom AP
212617,1388,Lynnyk Olexii
6619,1387,Samsung SDS
16058,1383,Gabon Telecom
135139,1382,Skylink Fibernet Private Limited
31213,1380,PJSC MegaFon
48716,1380,PS Internet Company Network
25227,1377,Avantel Moscow
21826,1375,Corporación Telemic Network
202561,1374,High Speed Telekomunikasyon
9443,1373,Vocus Retail Australia
18822,1371,Gtd Manquehue
398101,1366,GoDaddy.com LLC
57588,1365,Hayat for Internet & Communication
59162,1365,U.P.Communication Services
34594,1364,Optima telekom
24151,1361,China Internet Network Infomation Center
20978,1358,TT Mobil Iletisim Hizmetleri A.S
49800,1357,GNC-Alfa CJSC
269448,1357,Gignet Telecom
201776,1356,Miranda-Media Ltd
23923,1352,Agni Systems Limited
140717,1351,UNICOM JiangSu Suzhou IDC network
17501,1346,Worldlink Communications
138169,1344,China Telecom
4725,1342,Softbank Corp. (former Japan Telecom)
17222,1340,Mundivox do Brasil Ltda
44489,1338,STARNET s.r.o.
31549,1329,RASANA
8781,1327,Ooredoo Qatar
38235,1326,MekongNet
41798,1322,Transtelecom Kazakhstan
54825,1322,Equinix Metal
42772,1322,Velcom
2497,1314,Internet Initiative Japan
395954,1312,LeaseWeb USA / LAX-12
55803,1311,Digital Pacific Pty Ltd
209854,1310,Cyberzonehub
36321,1307,Castle Global Inc.
50979,1306,GREEN FLOID LLC
9316,1301,DACOM-PUBNETPLUS
209588,1301,Flyservers S.A.
210125,1301,PriamNET
204044,1297,PACKET STAR NETWORKS LIMITED
59019,1297,Beijing Kingsoft Cloud Internet Technology
2609,1294,Tunisie Telecom
150493,1294,PT Gunung Sedayu Sentosa
53158,1292,Net Turbo Telecom
6871,1289,Plusnet plc
45582,1287,DVPL
21056,1281,Vianova
19901,1281,Brightspeed
18678,1277,InterNexa
148981,1274,China Telecom
12997,1273,Kyrgyztelecom
23673,1272,Cogetel Ltd Online ISP Cambodia
38511,1270,Remala Abadi
12182,1267,Unitas Global
35753,1267,Integrated Telecom (ITC) - Saudi Arabia
140527,1264,China Telecom
15377,1264,Fregat
329244,1262,Connect Surf and Smile Limited
214996,1261,netcup GmbH
398019,1261,Dynu Systems Incorporated
141998,1258,China Telecom
7470,1253,TRUE INTERNET
28885,1251,OmanTel NAP
9824,1250,JCOM
21050,1248,Fast Telecommunications Company
18002,1247,World Phone Internet Services
58540,1244,Jinan250000
714,1242,Apple Inc.
17853,1241,LGTELECOM
2561,1241,Egyptian Universities Network (EUN)
34534,1236,Harmony Hosting
9416,1233,KBT
31252,1231,StarNet Moldova
41733,1223,Perspektiva Ltd
5713,1221,Telkom SA
21021,1219,Multimedia Polska S.A.
136142,1219,Enigma Fiber Pvt Ltd
62874,1218,Web2Objects Global
6181,1218,Cincinnati Bell Telephone
12338,1217,EUSKALTEL S.A.
205100,1215,F3 Netze
25820,1211,IT7 Networks
559,1207,SWITCH
215269,1205,LAZYCLOUD
60246,1203,Consumer Internet Cooperative PG-19 - AS60246
27569,1203,Grand Valley Internet
131269,1202,ACTFIBERNET
39287,1202,ab stract
131429,1200,Mobifone
29432,1198,TREX Regional Exchanges
3842,1196,RamNode
38794,1193,United Information Highway (UIH)
34343,1192,Eweka Internet Services
38732,1187,CMC Telecom Infrastructure Company
7562,1186,KTHCN Dongjak
63734,1183,365 Online technology joint stock company
215691,1182,HOSTEALO
266021,1179,SIC INFORMÁTICA E TECNOLOGIA - EIRELI - ME
23750,1168,Gerrys Information Technology
63473,1165,HostHatch
13280,1164,Three Ireland (Hutchison) Ltd
50028,1163,
31163,1163,PJSC MegaFon
22047,1162,VTR Global COM S.A.
25046,1162,Check Point Software Technologies LTD
140096,1159,Jinx
30600,1158,Cinergy  Metronet
11492,1156,CABLE ONE
135407,1156,TransWorldEnterpriseServices
37153,1155,xneelo (Formerly Hetzner SA)
29208,1154,Quantcom
196695,1153,Netone Rus
26548,1153,Purevoltage Hosting
50187,1153,BaikalWestCom
263291,1150,SAVNET TELECOMUNICAÇÕES LTDA
268097,1150,i10 Telecom
834,1149,IPXO LLC
399486,1149,Virtuo.Host (AS399486)
329206,1149,Rackzar
13046,1144,ISKON INTERNET
131386,1143,Long Van System Solution JSC
15735,1140,Go Plc
5413,1138,Wavenet Limited - AS5413
53055,1138,DIMENOC SERVICOS DE INFORMATICA
23383,1134,METRORED S.A. DE C.V.
28761,1134,CrimeaCom South
979,1133,NETLAB-SDN
207957,1129,SERV.HOST GROUP LTD
36994,1128,Vodacom
140627,1128,OneQode
45370,1128,BROADBANDIDC
30619,1126,Telecomunicacoes de Mocambique
215292,1123,Gravhosting LLC
14259,1120,GTD Chile
24435,1116,Supernet Transit ASN
203201,1114,Vaultica Data Centers AS203201
3920,1113,PUSHPKT-OU
4816,1112,CHINANET-IDC-GD
134877,1110,Sri Vari Network Private Limited
29975,1109,Vodacom
45536,1107,Readylink Internet
3255,1103,UARNet
7482,1103,Asia Pacific On-line Service Inc.
136195,1103,Qingdao Shandong Province P.R.China.
45528,1103,Tikona Digital Networks
57334,1101,SATS-AS
49791,1101,3HCLOUD
64080,1100,SYN AS64080
131267,1099,Star Telecom
137872,1095,China Mobile Hong Kong AS137872
2607,1092,SANET
31012,1092,A1 Hrvatska d.o.o.
35807,1091,SkyNet SPB
55430,1090,StarHub AS55430
10103,1090,HK Broadband Network
150596,1089,Mynext Broadband Services Pvt Ltd
31242,1089,3S S.A.
134365,1088,Ansheng Network Technology Co. Limited
140869,1088,Turing Group Limited
6134,1086,XNNET LLC
34296,1085,MILLENI.COM
142578,1084,E-Large (HongKong)
137702,1083,Nanjing Jiangsu Province P.R.China.
269455,1083,GLFIBRA SERVICOS DE TELECOMUNICACOES LTDA
63835,1082,CT-HuNan-Changsha-IDC
32098,1082,Flō Networks
28220,1081,Alares Internet
7203,1080,LeaseWeb USA  / SFO-12
27901,1078,Pacifico Cable S.A.
51559,1076,Netinternet
45753,1071,Simcentric Solutions Limited
136199,1069,CHINANET Guangdong province Yuedong MAN network
24323,1067,Aamra Networks Limited
9891,1067,CSL IDC
135225,1066,SMART NET INDIA
262503,1065,WIKI TELECOMUNICAÇÕES
138407,1061,The Internet Data Center of Guizhou Mobile Communication Company Limited
135746,1061,Cityline Networks
207137,1055,PacketHub AS207137
29226,1052,Mastertel
49981,1050,Worldstream BV
205659,1045,UAB code200
40788,1044,Start.ca
204997,1044,FIRST SERVER LIMITED
149667,1042,PT Gading Bhakti Utama
23860,1041,Alliance Broadband Services Pvt Ltd
43529,1041,Vidanet Cabletelevision Provider
6300,1040,Consolidated Communications - TX
398465,1039,Rackdog
272809,1038,THUNDERNET C.A.
213861,1037,Vostrikov Rodion
13030,1033,Init7
11232,1032,Midcontinent Communications
56272,1032,Pulse Telesystems
12042,1029,Consolidated Communications - North
265630,1028,COMISSO DANTE ANIBAL
262378,1027,Compuservice Empreendimentos
23974,1024,Ministry of education
17809,1022,VeeTIME
3249,1020,Telia Eesti
16342,1020,Toya
6079,1019,Astound
23752,1018,Nepal Telecom
17469,1017,Access Telecom
23650,1016,AS Number for CHINANET jiangsu province backbone
138195,1012,MOACK
263033,1011,LINKLI TELECOMUNICAÇÕES LTDA
25620,1007,COTAS LTDA.
10013,1007,FreeBit CoLtd.
268962,1003,CONNECT TELECOMUNICAÇÕES E INTERNET LTDA
16322,1001,Parsan Lin Co. PJS
28210,1001,Giga+ Fibra - DF/ES/RJ
24173,1000,NetNam
23158,999,ETEX-COMMUNICATIONS
327931,998,Optimum Telecom Algeria
36926,998,Airtel Networks Kenya
31115,997,Intred SpA
9146,997,BHTelecom
58065,996,Packet Exchange
15468,991,PJSC Rostelecom
149513,991,Vertex
19970,990,R&R Managed Telecom Services
136052,988,IDCloudHost
24492,985,WiCAM Corporation Ltd
133275,984,Gigantic Infotel Pvt Ltd
262954,982,VirtuaServer Informatica
211632,981,Internet Solutions & Innovations LTD.
134674,980,TATA PLAY FIBER
28548,980,izzi telecom (AS28548)
137120,979,Nas Internet Services
31655,978,Gamma
58369,974,Fiber Networks Indonesia
58495,973,PT Parsaoran Global Datatrans
49447,973,Nice IT Services Group Inc.
12578,971,SIA Tet
9063,970,VSE NET GmbH
14522,970,Satnet
16347,970,adista - inherent
55824,967,NKN Core Network
204410,967,Feistritzwerke-STEWEAG GmbH
31208,966,PJSC MegaFon
22724,965,PUNTONET
31520,962,Datagroup Retail
214196,961,
41608,958,NextGenWebs S.L.
9908,956,Hong Kong Cable Television Limited
211860,956,Nerushenko Vyacheslav Nikolaevich
393249,955,UBC !
42652,954,inexio
45769,951,D-VoiS Communications
34700,951,Maxnet Ukraine
203999,949,
134643,949,Jaya Kartha Solusindo
133115,949,HK Kwaifong Group Limited
28015,944,MERCO COMUNICACIONES
3549,942,Lumen AS 3549
134863,941,SP INTERNET TECHNOLOGIES
50565,941,Muzaffer Guler
22085,940,Claro Brazil AS22085
52937,936,FHP TELECOMUNICAÇÃO
47589,935,STC Kuwait
23910,934,China Next Generation Internet CERNET2
42841,932,ANTIK Telecom
27895,928,Núcleo S.A. PY
43153,927,SferaNET Sp. z o.o.
15493,927,'Russian company' LLC
9583,926,Sify Technologies Limited
25467,926,Akton
138995,925,ANTBOX1-AS-AP-138885
36231,925,Tempest Hosting LLC
142132,924,263Global
201838,922,Community Fibre
61272,922,Informacines sistemos ir technologijos UAB
8570,920,PJSC Rostelecom
7377,920,UCSD
42,920,PCH AS42
211066,920,RYZEHOSTING TRADING
134238,919,CHINANET Jiangx province IDC network
25144,919,'Telekomunikacije Republike Srpske' akcionarsko drustvo Banja Luka
47331,918,TTNet A.S.
131627,918,Peicity Digital Cable Television. LTD
36866,915,Jamii Telecommunications
8953,915,Orange Romania S.A (AS8953)
30689,913,FLOW-NET
47236,911,CityLink ISP
8053,910,IFX Venezuela
153531,910,DATAGEEKS CLOUD IP TECHNOLOGY PRIVATE LIMITED
4773,909,M1 Limited
49100,908,Pishgaman Toseeh Ertebatat Company (Private Joint Stock)
4764,906,Aussie Broadband
9924,904,Taiwan Fixed Network
57044,900,JSC 'ER-Telecom Holding'
29049,900,Delta Telecom
214640,899,HOSTUP
42863,898,MEO - SERVICOS DE COMUNICACOES E MULTIMEDIA S.A.
213807,898,TehranServer
31261,896,GARS Telecom
9484,895,Mobinet
266777,894,266777
35549,890,Metronet telekomunikacije d.d.
398823,890,Peg Tech Los Angeles
52043,888,TAIGET
18747,887,IFX
149705,886,PT Wijaya Trimitra Indonesia
32097,884,Wholesale Internet Inc.
42313,882,One Albania
44927,882,Telecom MPK
49808,881,Energie AG Oberösterreich Services und Digital Solutions GmbH
8814,881,Aztelekom LLC
29056,880,Citycom Telekommunikation
33425,877,CoreWeave
30006,874,TOP BUSINESS INC
12083,873,WOW!
53755,871,Input Output Flood
15994,871,A1 Hrvatska
44382,870,FibaCloud
132839,869,GloVine Pty Ltd
55685,868,Jala Lintas Media AS55685
205352,868,KABELNET LTD
8393,867,ASTEL JSC
12816,866,Leibniz-Rechenzentrum
271907,866,COLNETWORK
197706,865,Keminet
394684,865,GOLD DATA USA INC
8386,863,VODAFONE NET ILETISIM HIZMETLERI AS8386
20207,862,Gigared
52361,862,ARSAT - Empresa Argentina de Soluciones Satelitales S.A.
12668,860,MiraLogic Telecommunication Systems
35699,860,Adamo Telecom Iberia S.A
21453,860,Flex
17483,859,City Online services Limited
204834,859,shabakieh-Esfahan
18013,859,ASLINE
9231,858,China Mobile Hong Kong
132420,858,282 Sector 19
205463,858,Pembe Gul Isguzar Karagoz
62160,857,YESHOST-AS
51375,857,stc Bahrain
28890,856,INSYS LLC
46516,855,HostRoyale LLC
34168,853,PJSC Rostelecom
201019,851,P4
60404,851,LiteServer
35568,849,Nuetel Communications
131445,848,Advance Wireless Network
215567,848,NetVay
26042,847,FIBERSTATE
41164,842,GET Norway
55352,838,Microscan Internet Private Ltd
133647,837,
42831,837,UK Dedicated Servers
140403,837,PT. Graha Fatta
15967,836,Nazwa.pl
45804,834,Meghbela Cable & Broadband Services
60294,832,Deutsche Glasfaser
24088,832,HITC
134543,827,China Unicom Guangdong IP network
12297,826,TELECOM ARMENIA
29124,825,Seven Sky
31363,823,JSC 'ER-Telecom Holding'
58313,823,Misaka Network Inc. (UK)
329009,823,tion Spectrum Internet Service Ltd
206065,822,FDI
9050,822,Orange Romania S.A. (AS9050)
208060,821,Dr. Max BDC
6724,820,STRATO AG
213186,820,Yanoor Islam Khan
10029,818,Shyam Spectra Pvt. Ltd.
39232,818,Uninet (Azerbaijan)
17577,818,GIGAPASS
9976,818,Namincheon Brodcasting Co.
24320,817,Railcom - Commercial Center
395092,817,Shock Hosting
44709,817,KamaTera Israel
61280,817,FGUP 'GRCHC'
26077,816,Nextlink Broadband
2108,816,CARNet
396190,814,LeaseWeb USA / SEA-11
20055,814,Ziply Fiber
197309,814,RS-Media
201626,814,Podillia-hotel PJSC
399296,811,Rackdog LLC
46375,810,Sonic Telecom (Sonic.net Inc.)
43289,809,Trabia
137693,809,CHINATELECOM Guangxi Nanning IDC networkdescr: Nanning  Guangxi Province P.R.China.
209372,809,WS Telecom Inc
269193,807,Iktelecom Ltda
141892,806,CV Andhika Pratama Sanggoro
44265,805,OOO Smoltelecom
45235,804,GEOCITY NETWORK SOLUTIONS
198471,804,Linkem
267765,804,COTAP LTDA
16611,803,INFINIAHOST
149178,802,China Telecom
6856,802,Informsvyaz-Chernozemye
44391,802,Elektrosvyaz
153517,801,JLTL-AS-AP
30900,800,Web World Ireland
25133,800,McLaut-Invest
25374,800,ESCOM
134810,795,China Mobile Group JiLin communications corporation
13037,795,Zen Internet
141167,795,AgotoZ HK
17506,794,ARTERIA Networks Corporation (UCOM)
4750,793,CS Loxinfo
24739,792,Severen-Telecom
6364,792,Atlantic.net
60631,789,Pars Parva System LLC
23961,788,Misaka Network Inc. (Asia)
214000,788,CAGRI DEMIR trading as VOXNET
48347,787,MTW.RU
208323,786,Foundation for Applied Privacy
48161,785,NextGen Communications SRL
34177,785,CELESTE
4515,785,PCCW IMS
41704,784,Ufanet Orenburg Branch
136384,784,Optix Pakistan
137085,784,Ani Broadband Service
142036,784,Hosteons Pte. Ltd.
138156,783,CSNE-NETPLAY-AS
151338,780,POLONETWORK
49218,778,Nizhnetagilskie Kompyuternye Seti
9155,776,Solutions by STC
25472,775,WIND HELLAS TELECOMMUNICATIONS
24945,775,Telecommunication Company Vinteleport Ltd.
6661,773,Post Group Luxembourg
140825,772,Thien Quang Digital technology joint stock company
41134,772,PJSC Rostelecom
7155,770,ViaSat
138950,770,Jiangsu Wuxi International IDC network
1836,770,green.ch AG
39493,769,CJSC Kolomna-Sviaz TV
39927,769,E-Light-Telecom
265919,769,BB Host Datacenter
48314,768,IP-Projects GmbH & Co. KG
58542,768,Tianjij300000
204770,768,Cherry Servers US
132770,767,Gazon Communications India Limited
134823,767,Sky Digital Co.
12768,765,JSC 'ER-Telecom Holding'
1835,765,Forskningsnettet
11976,764,Fidelity Communications
265691,764,WI-NET TELECOM
45305,764,Lintas Data Prima
133944,763,trafficforce UAB
48874,761,HOSTMAZE
49367,761,Seflow S.N.C. Di Marco Brame & C.
131423,761,Branch of Long Van System Solution JSC - Hanoi
57658,761,Joint Stock Company 'AUTOASSISTANCE'
198610,761,BeGet
63526,760,Systems Solutions & Development Technologies Limited
45543,759,Saigontourist Cable Television Company Limited
62336,758,PURtel.com
132634,758,Direktorat E-Goverment Kementerian KOMINFO
21599,756,Cable Onda
56478,754,Hyperoptic
13045,753,htp
12683,753,PJSC Rostelecom
36907,752,TVCabo Angola
4787,751,CBN Internet
45588,750,Bangladesh Telecommunication Company Limited(BTCL)
262186,748,TV AZTECA SUCURSAL COLOMBIA
40156,747,The Optimal Link Corporation
9770,745,SPEEDONSTV
10010,743,TOKAI Communications Corporation
138842,742,Internetwork Komunikasi Indonesia
6876,741,TENET
268581,741,QNAX Data Center
4007,741,Subisu Cablenet
196921,741,Wireless Mobile Data Company
21487,740,PJSC Rostelecom
147049,740,PacketHub AS147049
12091,740,MTN SA
61173,738,Green Web Samaneh Novin
37350,737,Dynamic Data Solutions LTD
21430,737,WIA
13194,735,Bite Lietuva
3219,734,Ministry of Local Government and Regional Development
200000,733,Hosting Ukraine
1897,733,NOS COMUNICACOES S.A.
199636,733,Free Pro SAS
146943,732,TIER4CLOU-AS
28118,731,Altice Dominicana
57800,731,Cadr-TV LLE TVRC
59787,730,WEBSP LDA
135607,730,Infinivan
31263,729,Mynet Italia
210402,729,Halasat FTTX
11014,728,CPS
18182,728,So-net Entertainment Taiwan Limited
41998,727,NetCom BW
48386,725,Misaka Network Inc.
43278,725,Castles
28267,724,IMAXXTELECOM
29061,724,Saimanet Telecomunications
31214,724,TIS Dialog
766,724,RedIRIS/Red.es
41281,724,KeFF Networks
13370,723,LocalTel Communications
215787,723,TELE90 Telecom GmbH
57389,723,ZNET Telekom Zrt.
29247,723,Cosmote Mobile Telecommunications S.A.
12991,722,Amt der Ooe. Landesregierung
266274,722,NETWEST TELECOM
33779,721,Wataniya Telecom Algerie
137266,721,CHINATELECOM Hubei province Wuhan 5G network
28146,721,Mhnet Telecom
140791,721,BKHOST TECHNOLOGY VIETNAM JOINT STOCK COMPANY
133255,720,Elxer Communications Private Limited
5416,719,Batelco
13440,719,Operbes S.A. de C.V.
47441,718,TRUNK MOBILE
214382,718,Hostlayici Internet ve Bilisim Hizmetleri
9051,717,IncoNet Data Management
50261,717,ACE Telecom Kft
208677,716,'Cloud Technologies' LLC trading as Cloud.ru
269076,715,L DA COSTA SILVA COMUNICAÇÕES
394353,715,USC/ISI B-ROOT
38701,715,Piranha Systems
29182,714,JSC IOT
46573,714,LayerHost
56694,714,SmartApe
12586,714,GHOSTnet
394814,714,ISP4Life INC
139659,713,LUCIDACLOUD
7679,713,QTnet
273683,713,ALLREDE TELECOM LTDA
213802,712,Tianfeng (Hong Kong) Communications Limited
212552,711,BitCommand LLC
132771,710,Fibre Air Services
139220,710,Sichuan Chuanxn IDC
271916,710,TELECABLE BANILEJO S.R.L
34470,709,PortTelekom LLC
55699,705,Starnet
47626,703,Timer
59257,702,CMPak
15399,701,Wananchi Group
24122,699,BDCOM Online
215411,699,danis danisman
28458,697,IENTC Telecom Mexico
20875,694,JP HT d.d. Mostar
133700,694,Gleam worldwide services pvt ltd.
28186,694,ITS Telecomunicações
39608,693,Lanet Network
51570,692,JSC 'ER-Telecom Holding'
10030,691,Celcom (M)
43513,691,Nano IT
11432,690,Telium Telecomunicações Ltda
262161,689,COTES Ltda.
139982,689,PT Buana Visualnet Sentra
211126,689,hosting.com MEX1
24203,688,XLSmart AS24203
9319,687,HCN CHUNGBUK CABLE TV SYSTEMS
4657,687,StarHub AS4657
11404,686,Wave Division Holdings
27983,686,Red Intercable Digital S.A.
208102,685,Individual Entrepreneur Rylov Roman Yrevich
198020,683,Verda Cloud
137967,682,Stardust Telecom
208885,682,Noyobzoda Faridduni Saidilhom
40355,679,Sundance International LLC
30936,678,RENET COM Ltd.
214918,678,ESAGAMES HOSTING SHIELD S.R.L.
55839,678,Microsense
14988,676,Botswana Telecommunications Corporation
42908,676,Nordic Telecom
16628,676,DedFiberCo
38758,675,Hipernet Indodata AS38758
135799,675,Rapidnet Pvt Ltd
19037,675,
32244,675,Liquid Web
24164,674,TFN MEDIA
48707,673,AS48707
151734,673,WEBYNEDC-AS-IN
28165,672,Wireless Comm Services LTDA
27411,672,LeaseWeb USA / CHI-11
327782,672,Metrofibre Networx (PTY) Ltd
52963,672,JATIMNET TELECOM
207633,672,KADIR HUSEYIN TEZCAN NOSSPEED INTERNET TEKNOLOJILERI
27889,671,Telecomunicaciones MOVILNET
31117,670,Energotel
31543,669,myNET
42560,669,Telemach BH d.o.o. Sarajevo
138926,669,Netpoint IT & Communications
20676,668,Plusnet GmbH
23520,668,LIBERTY-NETWORKS
52263,668,Telecable Economico S.A.
12709,666,Melita
42682,666,JSC 'ER-Telecom Holding'
205647,666,AFAGH
397032,666,SPARKED
9919,665,New Century InfoComm Tech Co. Ltd.
139880,664,COLOURS Fiber
57227,664,Subnet
29357,663,Ooredoo Kuwait (Wataniya Telecom)
54290,662,Hostwinds
51369,661,LLC 'TRC FIORD'
15570,660,PACKETFABRIC (UK) LTD
400992,660,ZHOUYISAT-COMMUNICATIONS
53514,660,UHQ
139994,658,XLSmart AS139994
50241,657,UnitTelecom
22616,656,Zscaler AS22616
262689,655,ATENTO TELECOM
202098,655,ENEL ENERGIA
198967,654,BITel
51074,654,GOSTARESH-E-ERTEBATAT-E MABNA COMPANY
132280,653,SYMPHONY THAI - Internet Services
50926,653,Axarnet Comunicaciones S.L.
37371,652,Hormuud Telecom Somalia
13101,652,TNG Stadtnetz GmbH
31566,652,SkyNetwork Ltd.
39824,650,JSC Alma Telecommunications
16814,650,IPLAN Telecomunicaciones - NSS S.A.
15582,649,JSC Comcor
12334,649,R Cable y Telecable Telecomunicaciones S.A.U.
270764,649,Ecxon Datacenter
37049,648,SADV
31725,648,ISP Shtorm LTD
34081,647,Server24
50581,647,UTG
7602,646,Saigon Postel Corp.
21130,645,IOMART CLOUD SERVICES LIMITED
396362,644,LeaseWeb USA / NYC-01
398779,643,Ace Host LLC
37468,643,Angola Cables
150279,642,Lintas Network Solusi
36441,641,University of Georgia
10066,640,GAYANET
199064,640,QWANT
48330,640,Sinev Maksim Viktorovich
7489,640,HostUS
133301,639,DWAN SUPPORTS P
23966,638,LINKdotNET Telecom
56089,637,Offratel L@goon
212271,635,C1V hosting
15958,635,CETIN Ltd. Belgrade
212175,635,Stelia
328539,634,Giga for Telecommunication and Technology
31404,634,LYCATEL DISTRIBUTION UK LIMITED
138871,633,Trans Indonesia Superkoridor
44056,632,Trytek LLC
271951,629,4 EVER PLUG  C.A.
45775,627,WISH NET
203061,627,IT Proximus
207416,627,
45374,626,CCS
196735,625,JON.CZ
52228,623,Cable Tica
51604,623,JSC 'ER-Telecom Holding'
58895,622,Ebone Network
17754,620,Excell Media Pvt Ltd
23889,620,Mauritius Telecom Ltd
206026,619,Kar-Tel LLC
152586,619,Kuroit (India)
134542,616,China Unicom IP network
57332,616,TOM-NET
27964,616,RSONet
135523,615,Multinet Broadband
58678,615,Intech Online Private Limited
52363,615,Jumpnet Soluciones de Internet
132559,614,Deshkal Network Pvt Ltd
22411,613,Gtd Perú
25515,612,PJSC Rostelecom
34533,612,JSC 'ER-Telecom Holding'
213725,611,03AI LTD
63838,611,Hengyang
272928,610,272928
59497,607,Buknet
197235,607,Avantel Samara
45557,606,VNTT
24700,606,WEB3 Leaders INC
132153,606,CT-SHANXI-MAN-2
63018,606,US Dedicated
17426,606,Primenet Global Ltd
135967,606,Bach Kim Network Solutions
199325,606,Semplify
399244,604,AME Hosting LLC
8821,603,WWZ Telekom
15897,603,Vodafone Telekomunikasyon A.S.
52495,602,Cotel Ltda.
4785,602,xTom Japan
23106,601,AMERICAN TOWER DO BRASIL
61908,601,Nova Net Telecomunicações Ltda
8849,600,Melbicom
39855,600,Mod Mission Critical AS39855
216127,600,NUXTCLOUD
9988,598,Myanma Posts and Telecommunications (MPT)
132115,598,INDINET SERVICE
19182,598,TELEFÔNICA BRASIL AS19182
11776,597,Breezeline
41564,596,Packet Exchange AS41564
18207,596,YOU Broadband India Pvt. Ltd.
51184,595,fonira Telekom
34797,595,SYSTEM-NET
12764,595,AKNET Ltd.
26347,595,DreamHost
272122,594,G-Network
24722,594,Babilon-T
200107,594,Kaspersky Lab Switzerland GmbH
138982,593,Hubei Jiangxia IDC
58314,593,SvyazResurs-Kuban LLC
37069,593,The Egyptian Company for Mobile Services (Mobinil)
11290,592,Cogeco Connexion
25184,592,Afranet
15397,591,TelenorMontenegro
44092,591,HAL Service
206924,590,BENJOJONET
214898,589,CH-KANTON-BASEL-AS
15751,589,Meteor Mobile Communications Limited
132934,589,Skymax Broadband Services
9927,589,PhilCom
12312,588,ecotel communication ag
269359,587,CANAA TELECOMUNICAÇÕES LTDA - ME
149457,587,Angel cloud Limited
38091,586,HELLONET
51177,586,TIPZOR MEDIA SRL
51004,585,Sakhalin Cable Telesystems Ltd
9335,585,NT(CAT) Data Center
138421,584,China Unicom
16202,584,PŸUR - Mitte
272102,584,Besser Solutions
9698,582,YOUNGDOONG
141549,581,KERALA FIBRE OPTIC NETWORK
133957,579,SOL-BD
399979,578,49.3 Networking LLC
45352,578,IP ServerOne Solutions
210976,578,Timeweb LLP
28725,576,CETIN
1117,576,Universitaet fur Bodenkultur Wien
140308,576,CHINATELECOM Guangdong province Zhuhai 5G network
17839,575,DREAMPLUS
133296,575,Web Werks DataCenter
1002,575,Bytefilter LLC
9902,573,NEOCOMISP LIMITED
57858,573,Angelnet Limited
399629,572,BL Networks
134697,569,LAUNTEL
42277,568,Limited liability company Kursktelecom
14340,568,Salesforce.com
2734,567,CoreSite
8368,566,DSTNY
45700,566,PT Starlink Services Indonesia
327750,566,JENNY
3737,565,PenTeleData
33991,565,Igra-Service LLC
52341,564,WOM
37284,563,Aljeel Aljadeed for Technology
6503,562,Axtel S.A.B. de C.V.
58659,562,Quest Consultancy
49683,562,MASSIVEGRID LTD
8697,561,Jordan Telecommunications
209693,561,OC NETWORKS LIMITED
61317,560,Hivelocity Inc. fka Digital Energy Technologies Limited (Global)
64079,560,China Telecom Global Limited
135923,559,SCTV INFRASTRUCTURE BUSINESS INVESMENT COMPANY LIMITED
38482,558,Biznet ISP
269832,558,MDSTELECOM
134761,558,CHINANET NINGXIA province ZHONGWEI IDC network
133199,558,SonderCloud Limited
208972,558,GIBIRNET
48678,558,PENDC
138298,558,A2j Data Services
56329,558,Gigaclear
16045,558,BULINFO HOSTING
34927,557,FogNet - iFog GmbH
931,557,Hyonix
20773,557,Host Europe GmbH
24342,557,BRACNet
264837,555,CORPORACION VISUAL NUEVA ESPARTA C.A
28760,555,Infotech EDV-Systeme GmbH
45271,555,Vodafone Idea Ltd
59835,555,Dreamhack AB
135959,554,Onebim Vietnam Limited Company
399804,554,HOSTODO
24631,553,Tose'h Fanavari Ertebabat Pasargad Arian Co. PJS
52129,553,PROOFPOINT-ASN-EU
25248,552,Radiokomunikace
3758,551,SingNet
15706,551,Sudatel Telecom Group
214716,551,WEYRO LTD
41549,550,Elektrizitaets- und Wasserwerk der Stadt Buchs SG
24651,550,Balticom
1659,550,Taiwan Academic Network(TANet)
265867,549,Trans Ocean Network
37645,549,ZAP-Angola
8399,549,Sewan SAS
196949,549,Natalia Sergeevna Filicheva
39551,549,CTTI
197275,546,ASLINKTELECOMNN
45595,546,Pakistan Telecom Company Limited
396073,546,Spin Servers
8308,546,NASK
1054,546,ZONT-LLC
43451,545,Slovanet/RadioLAN
13306,544,Unics EOOD
133398,544,Tele Asia
399820,544,Atomic Networks LLC
50474,544,O2SWITCH
27768,543,Compañía Paraguaya de Comunicaciones S.A.
12418,542,Quantum CJSC
38266,542,VIL-AS-AP
14315,542,1GServers
36937,542,Liquid Telecom SA
202448,540,MVPS
134286,540,NET FOR CHOICE
25454,539,Orange Moldova
19165,539,Webpass
35311,538,PR-TELECOM Zrt.
59223,538,CHINANET Qinghai province IDC network
263767,538,CORPORACIÓN GALA IT C.A.
8267,538,Academic Computer Centre CYFRONET AGH
43197,538,TT mobile
21277,537,Newroz Telecom
138160,537,ZTNETCOLTD-AS-AP
37517,536,CV Telecom
21193,536,CTTI-XTEC
24378,535,Total Access Communication PLC.
139642,535,Smart Link
393886,534,LeaseWeb USA / MIA-01
210218,534,Open Fiber Italy
27839,533,Comteco
269795,533,MLV
36935,532,Vodafone Data
2611,531,BELNET
196705,531,Ardinvest LTD
62610,531,Zenlayer Inc
262854,529,AFINET SOLUCOES EM TECNOLOGIA DA INFORMACAO
52362,528,Servicios Innovadores de Comunicación y Entretenimiento S.A.
58172,528,Freedom Telecom AS58172
4818,528,CelcomDigi
268437,527,Braxtel Telecom e Ti
4181,527,TDS Telecom
137526,526,Plusnet Inc
18081,525,Kintetsu Cable Network Co.
151595,525,PT Merdeka Media Teknologi
8585,525,Crnogorski Telekom a.d.Podgorica
39686,525,Eurofiber
49718,525,Nizhnevolzhskie Telecommunication Networks Real
270068,524,WOW PERU
60740,523,Joint-Stock company 'Arctictelecom'
44103,523,Bakker IT
9070,521,Cooolbox
214668,521,AXUSHOST
215148,521,Delta Telecom Ltd
10094,521,Unified National Networks
14868,520,Ligga Telecomunicações S.A.
9371,520,SAKURA internet AS9371
47887,519,Neu Telecom and Technologies (Damamax)
38700,519,SMILESERV
8661,517,Posta dhe telekomi i Kosoves
31775,517,Greenlight Networks
133499,516,HostRoyale Technologies Pvt Ltd
50010,516,Ooredoo Oman
35816,516,Lancom Ltd.
61888,516,GFT COMERCIO DE TELEFONIA E COMUNICACAO
28202,516,Rede Brasileira de Comunicacao
210135,516,Yug-Telecom-K Ltd.
45284,515,Wireline Solution India Pvt Ltd
25512,515,CD-Telematika a.s.
207083,514,HostSlim
43139,514,Maximum-Net
138590,514,Prime Networks
7992,513,Cogeco Cable Canada
55501,513,Web Concepts
6597,512,Coloblox Data Centers
3741,512,NTT DATA IS South Africa
206257,512,LLC LANA-IT
64199,512,TCPShield
60798,512,Servereasy Srl
43727,512,KVANT-TELECOM
8070,512,Microsoft Corporation
47895,511,Erline
5056,510,Aureon Network Services
213382,510,CubixServ
133800,509,Biznet Gio Nusantara
60042,509,OnTelecom
45538,509,Online Data Services
211908,509,Horizon Scope - Z5
51346,508,Tojiktelecom
269194,508,ST1 INTERNET
7195,508,EdgeUno
206358,508,Qendrim Kryeziu trading as N.P.SH 'ISP - Broadcast
265523,508,Sierra Madre Internet SA de CV
45701,508,GlobalXtreme
3561,507,Lumen AS3561
137698,507,Haerbing  Heilongjiang Province P.R.China.
16345,507,BEE
28166,507,Telecom South America
58965,507,ANJANI BROADBAND SOLUTIONS
52048,506,SIA RixHost
35656,505,JUNet
9119,505,Softnet Europe
35244,505,PŸUR - Sued
131602,505,Hsin Yeong An Cable TV
137689,505,IOT Jiangsu network Chinatelecom P.R.China.
38972,502,Suhoy Log Intersat Ltd.
49770,502,Internetport Sweden AB
50477,502,Svyaz-Energo Ltd.
213520,502,Senko Digital
56207,502,ComClark Network & Technology Corp
400587,501,Ryamer
138167,501,TrueNET
151487,501,Awesomecloud Limited
30764,499,PODA
28509,499,izzi telecom (AS28509)
202297,499,SkylonHost
37053,497,RSAWEB
206996,497,ZAP-Hosting GmbH
24207,497,NettoCyber Indonesia
51713,497,hosting.com LON1
139180,496,Shandong eshinton Network Technology Co. Ltd.
19863,496,Guyana Telephone & Telegraph Co.
43588,496,iHost
57494,495,Adman.com
263432,494,CORPORATIVA TELECOMUNICACOES
47610,494,RWTH Aachen University
62214,493,RackForest
262907,493,Brasil TecPar (Avato)
147201,492,M NETPLUS COMMUNICATION SERVICES PVT LTD
2586,491,Elisa Eesti
8427,491,Joint Stock Company TransTeleCom
39486,491,HostRoyale Technologies Pvt Ltd
27738,490,Ecuadortelecom
34977,490,PROCONO
328867,490,Corebach Backbone
141067,490,Trisula Media Data
210743,490,Babbar SAS
9790,490,2degrees Next Gen
27775,489,TeleSur Suriname
39642,489,Sinal
59165,489,Auspice Infratel
47288,489,FIXNET TELEKOM LTD. STI.
270438,489,GBNET
262773,488,PROXXIMA TELECOMUNICAÇÕES
134366,488,Yunify Technologies (HK) Limited
20857,487,TransIP BV
203995,487,Lyse Tele AS
149116,487,National Hospital of Tropical Diseases
138311,487,Limerick Technologies
272955,486,GRUPO TECNOLIFE C.A.
198093,486,DFRI
399646,486,DartNode.com
31510,486,Innsbrucker Kommunalbetriebe
140293,484,CHINATELECOM Jiangsu province Changzhou 5G network
41789,484,LLC Teledyne Systems Limited
201211,484,LLC 'Tvoi Telecom'
31257,484,Orion Telecom
61223,484,LINKFOR LLC
153897,484,I PLUS
132774,484,Niss Internet Services Pvt. Ltd.
15440,483,Baltnetos Komunikacijos Customers
43357,483,Owl Limited
35598,480,INETCOM
202044,480,Getechbrothers Internet
14638,480,Liberty Cablevision of Puerto Rico
35298,480,PJSC MegaFon
8449,480,ElCat AS8449
23089,480,Hotwire Communications
211301,480,Unesty
48894,478,Optimus IT d.o.o.
210630,478,
31148,478,Freenet Ltd (tm O3)
209242,478,Cloudflare London
20853,477,ETOP Sp z o.o.
262807,477,Redfox Telecomunicações
20294,476,MTN Uganda
21575,476,ENTEL PERU S.A.
200966,476,Prometon LLC
59078,475,Yunify Technologies Inc.
12929,475,Telia Norge (mobile)
139983,475,BCmedia
25139,474,TVCabo Mozambique
42991,473,BioNet
33983,472,ARTMOTION
53066,472,VETORIALNET INF. E SERVIÇOS DE INTERNET LTDA
25198,471,ZetServers
134319,471,Elyzium Technologies
262813,471,RJNET (NETANGRA)
262391,470,ACESSOLINE TELECOMUNICACOES LTDA
5645,470,TekSavvy Solutions Inc.
3491,470,PCCW Global
7642,470,Dhiraagu Internet Services
204287,470,HostRoyale Technologies Pvt Ltd
39647,469,Redhosting
29084,468,Comnet Bulgaria
202870,468,Dimensione
9617,468,JCOM Co. Ltd.
213732,468,Peyman Ertebatat Pouya Company (Ltd)
9158,467,Telenor Denmark
134316,466,IAXN TELECOM
12494,465,OOO 'Post ltd'
44724,463,Octopusnet
52613,463,Giga+ Fibra - SP
8675,463,PJSC Rostelecom
16839,462,Service-now.com
202015,462,HZ-US
16246,462,Nej.cz s.r.o.
18233,461,PT&T
60754,461,Dianet Ltd.
44735,461,Nova hf
134765,460,CHINANET Yunnan province IDC1 network
13916,460,Proofpoint Inc.
271922,460,GEO FIBER
271791,459,Norte Conecta
29667,459,Atlantis Net
268323,459,AZZA TELECOM
44278,459,GRANACABLE S.L
27665,458,Columbus Communications Trinidad LTD
50825,458,UVT Internet
8749,457,Redcom-lnternet
19711,457,Swaziland PTC
29076,457,Filanco AS29076
203542,456,IT-PROF LLC
24691,456,Togocom
269730,456,Tecnoven
28403,456,RadioMovil Dipsa S.A. de C.V.
327693,456,Echo Service Provider
267096,456,HELLO WEB TELECOMUNICACOES E SERVICOS
132933,456,Charotar Broadband
202779,456,EvobitsIT
262197,455,Tigo Costa Rica
17494,455,Bangladesh Telecommunications
198726,455,WEMAConnect GmbH
197695,454,'Domain names registrar REG.RU' Ltd
197155,453,ARTNET
272547,452,Servicos de Infraestrutura e Datacenter
138077,452,Abhinawa Sumberdaya Asia - AS138077
56882,452,LEAST COST ROUTING TELECOM SL
30893,451,no ack hosting network
15366,451,DNS:NET Internet Service
33576,450,Digicel Group
9500,450,One New Zealand Ltd.
20057,450,AT&T Enterprises LLC
216099,450,EMRE ANIL ARSLAN
6878,449,T-Systems International GmbH
50543,448,JSC 'ER-Telecom Holding'
139831,447,DITO Telecommunity Corporation
64037,447,First n Fast IT Ltd
329490,447,Promethean Consulting Limited
9676,446,SaveCom
27845,446,Empresa de Recursos Tecnologicos
37282,445,MainOne Cable Company
43375,445,EUROPEAN PARLIAMENT
59642,445,Cherry Servers NL
394474,445,WhiteLabelColo
267920,444,Saldivar Sosa Rodrigo Agustin (RAYNET)
60064,444,HostPalace (Global)
215672,443,MoeChuang Network
43395,443,Pooya Parto Qeshm Cooperative
150371,442,Pace Telecom and Brodcasting
43928,442,MVMI ZRt
9694,442,Seokyung Cable Television Company
52974,442,Henet Telecomunicacoes Ltda
14670,442,hosting.com USE1
400655,442,
9087,441,Rackdog LLC
272786,441,x99.cloud AS272786
198537,441,KAMNET Kamil Turon
204102,441,LLC SmartGrupp
50049,440,RedSwitches
9605,440,NTT DOCOMO
135777,440,Shreenortheast Connect and Services
43366,440,OSSO
9115,440,Hostopia a HostPapa Inc. company [Europe]
35645,439,Limited Liability Company 'VLADINFO'
38195,439,Superloop
212815,439,★ Dyjix SAS
41275,438,Lovitel LLC
42109,437,Viva Armenia AS42109
213795,437,Mustafa cakir
6461,436,Zayo
212027,436,PebbleHost
29194,436,MTS PJSC
50436,435,PŸUR - CIN
6772,435,ImproWare
131178,434,EZECOM Co. Ltd.
61919,434,AR3 Servicos em Tecnologia da Informaca
24165,433,TFN MEDIA PHC
27837,433,Dialnet de Colombia
46198,433,Trilogy Dominicana AS46198
198589,432,Al-Jazeera Al-Arabiya
28300,432,Speed Serviços de Internet Ltda
36891,431,Icosnet
34123,431,Netorn LLC
37680,431,Cool Ideas
213194,431,Nechaev Dmitry Sergeevich
216334,430,New Hosting Technologies LLC
24608,430,H3G S.p.A.
202660,430,'Uzbektelekom' Joint Stock Company
44143,429,A1 Srbija d.o.o.
12390,429,Kingston Communications
264617,429,Grupo Panaglobal 15 S.A
202613,428,Aruba S.p.A.
203346,427,Proper Support LLP
41336,427,Ministry of public administration Republic of Croatia
24822,427,OPC Networks Kft.
216300,427,Closed Joint Stock Company 'AbkhazMedia'
6206,426,Netrouting
17747,426,Siti Cable Network Limited
203446,425,SMARTNET LIMITED
263237,425,PowerHost Chile
262352,425,NOVA TELECOM  AS262352
25106,424,Mobile TeleSystems
23347,424,ZYC Network
22869,424,CABLECOLOR
56582,424,NETFACTOR-ASN
262643,423,BRCONECTA
49724,423,Vainah Telecom
11855,423,Unitas Global
35432,423,Cablenet Communication Systems
41268,423,LanTa
34295,423,Geo BG Net SPLtd.
25540,422,Alphalink
11260,422,Eastlink
56380,422,''IT FRUIT'' S.R.L.
21003,422,General Post and Telecommunication Company (GPTC)
14782,422,The Rocket Science Group LLC
262632,421,Graja Fibra Telecomunicações Ltda
24641,421,FASTER CZ
204601,420,Zomro B.V.
44094,419,Webhost LLC
203758,419,EUGameHost
43205,418,Vivacom Bulgaria EAD-Bulsatcom
29582,418,OPTISPRINT
56655,418,Gigahost AS
28669,418,Vero Internet AS28669
131293,418,National Telecom Public Company Limited (NT)
51582,417,DCC-BG
16592,417,ICOMSA S.A. de C.V.
21378,416,PJSC Rostelecom
206888,416,HanMing HK Limited
35830,416,Fast Servers (Pty) Ltd
41750,415,Megaline Ltd.
8615,415,Central Telegraph
208647,415,
213385,415,LOOK WEB HOSTING AND WEB DEVELOPMENT LTD
38193,415,Trans World Associates
327761,414,Access Point Technologies
39435,414,JSC 'ER-Telecom Holding'
48004,414,PE Tsibrankov Konstantin Igorevich
151847,413,Fastmail Pty Ltd
58946,413,GRAMEEN COMMUNICATIONS
46785,413,QUASAR DATA CENTER LTD.
132924,413,Ero Wide Comm Private Limited
15808,413,AccessKenya Group
27715,413,Locaweb S.A.
38631,413,LINE Corporation
215467,412,Skhron
8720,412,Aspan telecom
135780,412,AirFiber Networks
56889,412,
197897,411,5KOM OOD
56487,411,Sotrudnik LTD
211995,411,a2z
41754,410,JSC 'ER-Telecom Holding'
401479,410,Database Mart LLC
327712,410,Telecom Algeria
26832,410,Rica Web Services
8387,409,T-Systems Austria GesmbH
206892,409,Rendszerinformatika
48492,409,I.Q Online for Internet Services and Communications LLC
205964,407,360 IT
9044,407,BSE Software GmbH / SolNet
28716,407,Retelit Spa
39812,407,KAMENSKTEL
263075,407,TV Cabo de Santo Anastacio
209723,406,EXPERT NETCLOUD LLP
21309,406,Acantho
45184,406,Den Digital Entertainment
327812,406,Metacom Pty Ltd
41887,406,Prolocation
216046,405,Tele.Co.Albania SHPK
52571,405,G2G Telecom
53098,405,NEWNET CONSULTORIA INFORMATICA LTDA
28270,404,Multiplay Telecom
37130,404,SITA Network
59253,403,Leaseweb Singapore
17547,403,M1 Net Ltd
205774,403,TONET d.o.o.
41508,402,IWACOM Sp. z o.o.
133612,402,Vodafone Hutchison Australia
27879,402,Informática y Telecomunicaciones S.A.
20454,402,SECURED SERVERS LLC
214961,401,Stellar Group SAS
23872,401,delDSL Internet
29355,401,KCell JSC
50928,401,PJSC MegaFon
208485,401,
15623,400,Cyberlink
39264,399,'Region Svyaz Konsalt' LLC
28201,399,VALENET
262663,398,METROFLEX
269814,398,PROLUX COMSER
199912,398,Layer7 Networks GmbH
135758,397,Alacriy Net System Service
327724,397,National Information Technology Authority Uganda
132768,397,Five network Broadband Solution
51612,397,Alfatel plus Ltd
270270,397,Gama Telecom
47764,397,Mail.Ru Group
213035,396,Serverion
137619,396,Fastnet Broadband Services
149147,396,GOFIBER SOFTWARE TECHNOLOGY COMPANY LIMITED
44493,395,Chelyabinsk-Signal LLC
803,395,Saskatchewan Telecommunications
200924,395,Stiegeler Internet Service
62651,395,Black Oak Computers (MidAtlantic)
201233,395,dhs
35908,394,VPLS
8905,394,Digit One
262459,394,Osirnet Info Telecom
52871,394,Mowry
203459,394,AL-MARAJ AL-ALAMIYA Co.
29614,393,Telecel Ghana
134351,393,Leaseweb Japan
24337,393,Best Telecom
9125,393,Orion Telekom
56300,392,MYRepublic Singapore
152800,392,PT Giga Media Internet
152605,391,ZCOMNETWORKS-AS-AP
41096,391,TOV TV&Radio Company 'TIM'
10299,391,EMPRESAS MUNICIPALES DE CALI
134294,391,R P World Telecom Pvt Ltd
208220,390,offerhostinc
206286,390,ONEOF1SERVERS
42555,390,Opticcom Bulgaria Ltd
57724,390,DDoS-Guard.net main network
51430,389,AltusHost
262606,389,MICROTELL (MELL)
52783,389,ALCANS TELECOM LTDA
400754,389,GoDaddy.com LLC
18206,388,VADS Berhad
197477,388,Nerdscave Moritz Mantel
57323,388,CJSC 'Kubanoptprodtorg'
52041,388,Scaleblade
59588,388,Zain-IQ
24585,387,Swiss Life
262588,387,EXPLORERNET INFOLINK TECNOLOGIA E TELECOMUNICACOES
50716,387,Telecom.ru Ltd
31376,386,Smart Telecom
42306,386,Edera Group
60757,386,Optinet
43037,385,Seznam.cz a.s.
266886,385,HOSTING EN LA WEB
25424,385,InterneXt 2000
38600,385,Smart Axiata Co. Ltd.
48441,385,ISP MagLAN
201341,385,Tesonet Ltd
202468,384,AbrArvan CDN and IaaS
52477,384,ApInter
41075,384,ATW Internet Kft.
44443,384,LLC Inovatsiyni Telekomunikatsii
13287,384,NIXVAL
199284,383,ThüringenDSL/encoLine
15830,383,Equinix as15830
202053,383,UpCloud
197555,383,
24534,383,Transhybrid Communication
214138,383,Host Zentrum
21017,382,PJSC Rostelecom
151690,382,FAB FIVE NETWORK PRIVATE LIMITED
749,382,DoD Network Information Center AS749
6698,381,Virtual Systems AS6698
45287,380,Varnion Technology
14232,380,Telpin - Cooperativa Telefonica Pinamar Ltda.
7623,380,Gyeongbuk Cable TV
270814,380,ZAAZ PROVEDOR DE INTERNET E TELECOMUNICACOES
138746,380,Live Fibernet
202736,380,WISDOM
10225,379,Nettlinx
216234,379,Komskov Vadim Aleksandrovich
32875,379,Wowrack.com
152565,379,Joy Services
393336,378,Catalyst Host LLC
24163,378,TFN MEDIA UCT
262994,378,LINX SISTEMAS E CONSULTORIA LTDA
47321,378,Autonomous Non-Profit Organization 'Institute of Engineering Physics'
49187,378,YOUTHIDC LLC
394380,377,LeaseWeb USA / DAL-10
30823,377,aurologic GmbH
139490,377,Aspt Networks
263210,377,HV TELEVISION
131414,376,Long Van Soft Solution JSC
267843,376,TCA SERVICES C.A.
24154,375,Asia Pacific Broadband Fixed Lines Co. Ltd.
133776,375,Quanzhou
151729,375,SWIFTIFY2-AS-IN
35125,375,PJSC Rostelecom. Smolensk branch
15311,375,Telefonica Empresas Network
264446,375,MIDIX TECNOLOGIA
56534,375,Comfortel
202496,374,trafficforce UAB
135951,374,Webico Company Limited
135223,374,Netway Internet Pvt Ltd
213640,374,Talido LTD
131353,373,NhanHoa Software company
29107,372,Synapse Network
42473,372,Anexia
6789,372,CRELCOM
30986,371,Scancom
24626,371,Joint Stock Company TransTeleCom
209193,370,SUPER CELL NETWORK FOR INTERNET SERVICES LTD
28546,370,Servnet Mexico S.A. de C.V.
214677,369,DeluxHost
28075,369,SUPER - ARLINK
262595,369,OnNet Telecomunicacoes
207547,369,Svyaztelecom LLC
31272,368,WildPark Co
135234,368,SHERIE PLEXUS ISP
33512,368,Gateway Processing Services
21413,367,envia TEL
135059,367,Lao Asia Pacific Satellite
209366,367,SEMrush CY LTD
5394,366,Unidata S.p.A.
855,366,Bell Aliant Inc.
11814,366,Distributel Communications Limited
13099,366,'AZ-EVRO TEL' LLC
52573,366,UNE TELECOM LTDA
33566,366,Knoxville Utilities Board AS33566
12332,365,PJSC Rostelecom
215645,365,Kayizer Teknoloji Ltd. Sti.
262753,365,VOCE TELECOM
211621,364,West-TV LLC
135248,364,VORTEX INFOCOM PRIVATE LIMITED
136969,364,KK Networks Private Limited
5573,364,PJSC Rostelecom
27,364,UMDNET
50578,364,SteamVPS SRL
52423,363,Data Miners
59668,363,Turon Media
215930,363,CIPHER OPERATIONS DOO BEOGRAD - NOVI BEOGRAD
263500,362,BIGLINE TECNOLOGIA
35328,362,DSI DATA
8257,362,Slovanet/Broadband
135478,362,CBN Broadband
51812,362,KTVS Ltd.
23671,362,PT. SaranaInsan MudaSelaras
61976,362,JSC Selectel
22351,361,INTELSAT
18053,361,Special Communication Organization
138128,361,SOLNET INDONESIA
46887,360,Crown Castle
42548,360,PJSC Rostelecom
262659,360,Vero Internet AS262659
199653,359,Aruba SAS
23265,359,Pocketinet Communications
9488,359,Seoul National University
209059,358,G COM
25328,358,HEP-TELEKOMUNIKACIJE
50181,358,KabelszatNet-2002. Musoreloszto es Kereskedelmi Kft.
211138,358,PRIVATEHOSTING-NET
34058,357,lifecell
49304,357,SAKURA LINK LIMITED
28294,357,Giga+ Fibra - MG
41202,356,Unitel Uzbekistan
8251,356,NFX z.s.p.o. (FreeTel s.r.o.)
271388,356,WEB Provedor
29687,355,Geodim
31149,355,Multidisiplin Company Express
55821,355,Radius Telecoms Inc.
25521,355,Industrial Media Network
12978,355,ANDROMEDA TV DIGITAL PLATFORM ISLETMECILIGI A.S.
7849,355,Crocker Communications Inc
135025,355,NexLogic Telecommunications Network Inc.
7049,354,Silica Networks
136038,354,HDTIDC LIMITED
18103,354,Neuviz Net
17911,354,Brain Telecommunication
212504,353,AdKyNet SAS
136255,353,Mytel
263238,352,Fibramax
50131,352,Spartan Host Ltd
13904,352,Cherryland Services Inc
40934,352,Fortinet
11161,352,DIGITALVIRT
56322,351,ServerAstra
205399,351,Hostigger INC.
266841,351,GALANET SOLUTION C.A.
33763,351,Paratus Africa
42532,351,Veesp SIA
39120,350,Convergenze S.p.A.SB
135921,350,Maxserver Company Limited
38713,350,Satcomm
47169,349,MVM NET Zrt.
204646,349,web2objects GmbH
41330,349,T2 Novosibirsk
18986,349,Calligo (Canada)
23991,349,Ranks ITT
31224,349,PJSC MegaFon
153038,349,BUSINESSZONELIMITED-AS-BD
22689,348,Internet by Sercomtel
262194,348,Dese Technologies Argentina
16116,347,Pelephone Communications Ltd.
27419,347,Big River Telephone Company LLC
197075,347,Active Network S.p.A.
52436,347,Cable Televisora Color
12846,347,PJSC Rostelecom
64457,346,Matteo Fruhwald trading as PipeHost e.U.
15404,346,COLT Technology Services Group Limited
26611,346,COMUNICACIÓN CELULAR S.A. COMCEL S.A.
151637,346,Erdenet Mining Corporation
58772,345,CHINANET Fujian province Fuzhou IDC network
24921,345,Latvijas Mobilais Telefons AS24921
265198,345,BLUE3 INTERNET
44925,345,1984 ehf
48728,344,Vodafone Qatar
207790,344,SWN Stadtwerke Neumünster
35032,344,NIS
28191,344,Jupiter Telecom
52995,344,TECHNet Informática
24525,344,Solusi Aksesindo Pratama
151498,344,Bhutan Power Corporation Ltd
58543,343,Guangdong
27323,343,Worldlink
47217,343,Planetel
21040,343,Datapark
198037,342,SPACECORE SOLUTION LTD
51407,342,Mada Al-Arab
5385,342,Russmedia IT
204666,342,Jiri Tlapak
43994,342,SMARTNET
211179,342,
51320,341,Wireless Logic Limited
29286,341,Eutelsat - Skylogic
48166,341,Fortex-Telecom
52860,341,Isaque Oliveira de Santana
36996,340,Telecom Namibia
400175,340,Microtronix ESolutions LLC
58329,340,rackplace
44901,339,BelCloud Ltd.
263740,339,Corporacion Laceibanetsociety
215346,339,Big Data Host LLC
12886,339,LEW TelNet
1930,339,FCCN - Fundacao para a Computacao Cientifica Nacional
14840,339,BR.Digital
268645,338,AJA DIGITAL
213541,338,WS Telecom Inc
262417,337,UltraTelecom
36905,337,Creolink Communications
44217,336,IQ Networks for Data and Internet Services Ltd
47232,336,ISP Alliance
210315,336,RealTime
52967,336,Veloso Assessoria em TI EIRELI - ME
262273,336,I T Tecnologia e Informação Ltda
57474,336,Nazhin Sepahan IT and data processing plc
8562,335,A1 Telekom Austria AG
35706,335,Net at Once
37196,335,Sudatel Senegal
53155,334,Joaçaba Telecomunicações Ltda ME
48969,334,Parus-Telecom Ltd.
25108,334,iomart - Asia/Middle East
207375,334,Fiber Operator
60095,334,Ufanet Nizhniy Novgorod Branch
213737,334,AYOSOFT LTD
263223,334,SATELITES Y TELECOMUNICACIONES C.A
270531,334,POLVO TELECOMUNICACOES EIRELLI
207333,334,Hoster.KZ - Astana
49273,333,Ucell
48190,333,T2 Ekaterinburg
48715,333,Sefroyek Pardaz Engineering PJSC
8778,333,Slovanet
9354,333,Community Network Center Inc. (CNCI)
25229,333,Volia
42003,333,OGERONET
30992,332,MTN Cameroon
35518,332,sasag Kabelkommunikation AG
204650,332,Toloe Rayaneh Loghman Educational and Cultural Co.
39501,332,NGSAS NedaGostarSaba
12372,332,Cubic Telecom Limited
207252,331,Realtox Media
33871,331,Norilsk-Telecom JSC
272996,331,SINCERE NETWORKS B.V.
133752,331,Leaseweb Hong Kong
32489,331,Amanah Tech
38527,331,Medialink
7311,331,Frontier Networks
35646,331,Grazer Wechselseitige Versicherung AG
1273,330,Vodafone Global Network
140227,329,Hong Kong Communications International Co.
34187,329,Renome-Service: Joint Multimedia Cable Network
55769,329,SEATEL(CAMBODIA)
6412,328,Zajil International Telecom Company K.S.C.C
10175,328,Kumho Cable
203680,328,Araz Tech LLC
45839,328,Shinjiru Technology
47914,328,IP-Home
33185,327,Hive Data Center
45722,327,Widya Intersat Nusantara
7565,327,BDCOM Online Limited
53078,327,ACESSE COMUNICACAO LTDA
132453,326,Tripleplay Broadband
139021,326,WEST263GO-HK
22843,326,Proofpoint Inc.
36149,326,Hawaiian Telcom
3262,326,Sarenet S.A.
5400,326,BT
139879,326,Galaxy Broadband
23949,326,Comtronics Systems
25180,325,Exponential-e
397270,325,NetInformatik
201767,325,'Uzbektelekom' Joint Stock Company
41034,325,Ltd. 'SPA'Impulse'
211381,325,Podaon SIA
273173,324,TELECOM 3 C.A
135744,324,VeloxR Telecom Pvt Ltd
28683,324,SBIN
397044,324,My Tec Sa
7474,324,SingTel Optus
6858,323,Comlink Ltd
150297,323,Golden Myanmar Business Exchange Co. Ltd
34718,322,TEXNOPROSISTEM
38673,322,Korea Cable TV Kwangju Broadcasting
38934,322,Pride
8580,322,MTS PJSC
267124,322,Rede Virtual Net
37133,322,Airtel Tanzania
59463,322,NESEBAR-LAN-AS
21491,322,Uganda Telecom
52981,321,SIGA FIBRA
23243,321,COMCEL GUATEMALA S.A.
34661,321,Briz
3226,321,MARK-ITT
38001,321,NewMedia Express Pte Ltd
205016,320,HERN Labs
32002,319,RackGenius
44512,319,KONVERTO
21353,319,JSC 'ER-Telecom Holding'
149240,319,Megatel Networks Private Limited
263661,319,BRASIL DIGITAL TELECOM
52260,318,National Telecom S.A (NATCOM S.A)
49126,318,IHS Kurumsal Teknoloji Hizmetleri A.S
201749,317,SuperCell Network
37451,317,Congo Telecom
149369,317,DEKADATA
147303,317,ColoCone
49889,316,Crystal Telecom Ltd
44507,316,Kostroma Municipal Telephone Network
137630,316,WINET COMMUNIATIONS
203622,315,GSP LLC
52393,315,Corporación Dana S.A.
262369,315,ok virtual provedor de internet ltda
28919,315,Stadtwerke Kufstein
213455,315,Alfold.NET Ltd.
38320,314,Maxindo Mitra Solusi
132778,314,RVSMNEW-AS-IN
58912,314,Chittagong Telecom Services
210413,313,SmartLink-KRG
269946,312,BOOM SOLUTIONS C.A.
13127,312,Odido AS13127
197524,312,LEONET Group GmbH
7506,312,GMO Internet Inc.
1547,312,JSC InterDnestrCom (IDC)
51200,312,Digital Dialogue-Nets
51783,312,The Center of Dedicated Servers LLC
8496,312,Optibit
31477,311,Duocast
23893,311,Bangla Phone
45669,311,Mobilink
24544,310,Overcasts Limited
59580,310,Batterflyai Media ltd.
55341,310,ORANGE INFOCOM PVT LTD
133001,310,Airnet Cable And Datacom Pvt Ltd
397283,310,RocketNode
48479,310,KUBAN-TELECOM Ltd.
28665,310,PredialNet Provedor de Internet Ltda
150750,310,IN CABLE INTERNET
204800,310,hosting.com SGP1
13000,309,Leon
44869,309,Fibia
37037,309,Orange Madagacar
33885,309,Ownit Broadband AB
24812,309,NPK Home-Net
199414,309,NeoProtect
25124,309,DATAK
39032,308,East Telecom
4382,308,Indonusa System Integrator Prima
131366,308,Lanit Technology and Communication Joint Stock Company
138452,308,Click Earth Online
31679,307,Slovanet a.s.
27725,307,Empresa de Telecomunicaciones de Cuba S.A
50019,307,TURKLOKASYON TELEKOM VE BILISIM TEKNOLOJILERI
48128,306,Obyedinyonniye Lokalniye Seti
271,306,BCNET
203971,306,AzFiberNet
199276,305,Tele.co.Albania Sh.p.k
49532,305,Eonix E.U. Region
9208,305,WIN
44407,305,Linkt
212531,305,Interneto vizija
140832,305,Vietnam F Tech. JSC
262673,304,Vero Internet AS262673
199415,304,YORKHOST
138782,304,Swibi Airnet Broadband Services Pvt Ltd
139201,303,Jiangxi Jiujiang IDC
57293,303,ag-telecom-katv1
23951,303,CITRANET
2715,303,Fundacao de Amparo a Pesquisa
133720,303,ZESS NETWORKS PVT LTD
59191,303,PEERCAST TELECOM INDIA
137172,302,ALL CONNECT NETWORK SERVICES PRIVATE LIMITED
138968,302,Rainbow Network Japan
140171,302,Reisnet Broadband Pvt Ltd
20910,301,BALTCOM
52262,301,Telefónica Celular S.A
20598,301,Cyber Space
12570,301,itself s.r.o.
263481,301,Nova Serviços de Comunicação Multimídia
34883,301,FH JOANNEUM Gesellschaft mbH
215026,301,
40244,301,Turnkey Internet
210718,301,FIVE CYBER HOST SECURITY
5602,300,Retelit S.p.A. (formerly KPNQwest Italia)
271129,300,Rt Comunicações LTDA
203451,300,K-telekom LLC
30598,299,CCL-ASN
133278,299,Dehradun E-net Solutions
20545,299,GRENA
8342,299,RTCOMM
19624,299,Data Room Inc
30985,299,Orange Mali
131183,299,Empowering Net (epnet)
215051,299,Damian Chlebda
41897,298,Sat-Trakt
59890,298,Kabel-TV Lampert
37100,298,SEACOM
45194,298,Syscon Infoway
24432,298,Robi Axiata Ltd.
55410,298,Vodafone Idea India
56503,298,PJSC 'Badr Rayan Jonoob'
138239,298,Vaishnavi Online Internet Services Pvt. Ltd.
202796,298,JSR IT
201691,298,Fannavari Etelaate Samane Kavoshgar Ide Ltd.
134236,298,Tetrasoft
27668,297,ETAPA
47159,297,Celldomolki Kabeltelevizio Kft.
12350,297,VTX Services SA
50467,297,Beskid Media
150462,297,PT Air Lintas Komunikasi
17439,297,NTT Communications India Network Services Private Limited
30148,297,Sucuri
268051,297,NEXFIBRA TELECOMUNICACOES LTDA
15659,296,NextGenTel
208450,296,MEGAHOST_KZ
63150,296,BAGE
58309,296,Langate Ltd
19186,296,GMCHOSTING
15614,295,Dragon Internet a.s.
35370,295,Ainet Telekommunikations-Netzwerk
50060,295,ANNET
262404,295,JC SERVICOS DE INTERNET LTDA
263672,295,Consult Telecom Provedor LTDA ME
30971,295,nic.at
138651,295,Spider Net
13767,294,DataBank
34758,294,Axera AS34758
35815,294,LLC Cifrovie Seti Urala
18144,294,EnecomInc.
137987,294,SK Link
20278,293,Nexeon Technologies
18419,293,DA DA BROADBAND
28258,293,Vero Internet
48309,293,Ariana Gostar Spadana (PJSC)
134707,293,RoyalCable
152705,293,
138415,292,YANCYLIMITED-AS-HK
52339,292,Lima Video Cable
209604,292,TWO E Telekom
30781,292,Free Pro
29097,292,Hostpoint
21183,292,ABCOM
262761,292,Sinal BR Telecom
31430,291,TC TEL CENTER AS31430
50495,291,Web2Objects Frankfurt
18106,291,ViewQwest
44377,291,MAGIC NET D.O.O.
55653,291,Skyline Semesta
29262,291,iDealHosting LTD
264358,291,PETRANET INTERNET LTDA
134926,291,Micro Hosting Private Limited
52602,291,SKORPION SISTEMA DE TELECOMUNICAÇÕES
201670,291,Infotech-Grup SRL
152390,290,PT Intercloud Digital Inovasi
24527,290,Hanasta Dakara
262749,290,Telecom Leopoldina Ltda
34139,290,JSC DIVO
268467,290,RKR INTERNET
963,289,N963
43612,289,A1MK-43612
12963,289,Volz
34244,289,Teleservice Bredband Skåne AB
34606,288,BBBell
26154,288,VOIP ME
46690,288,Southern New England Telephone Company and SNET America Inc.
59187,288,NEEVCLOUD.COM
64050,287,BGP Network Limited
56209,287,R K Infratel Pvt Ltd
15723,287,AZERONLINE
214483,286,FIBERPOWER LLC
216383,286,
269771,286,PRINTER-NET-SERVICE C.A.
29648,285,PJSC MegaFon
17962,285,ShenZhen Topway Video Communication Co. Ltd
58689,285,ICC Communication
62442,285,Dade Samane Fanava Company (PJS)
50837,284,CloudSigma
41931,284,EURONET NORBERT SANIEWSKI SPOLKA JAWNA
53184,284,Vero Internet AS53184
133623,284,Planet Cable Inc.
42239,283,Ltd. 'Cypher'
265721,283,Cable Atlantico
50718,283,Herrmann Fabian
35362,283,Company 'BEST'
42387,283,Limited Company Svyazservice
48739,283,SPUTNIK LLC
26827,283,EPB Fiber Optics
199218,283,Proton AG
38466,282,U Mobile
8517,282,ULAKNET
33588,281,Charter Communications LLC
4796,281,Institut Teknologi Bandung
263355,280,GTR NET PROVEDOR DE INTERNET EIRELI
151992,280,Jet Cyber Net
134540,280,Tata Tele Business Services (Broadband)
45650,280,Vianet Communications Nepal
152320,280,Goalnow Network Technology
25403,279,Firm Delta PE
6703,279,PRIVATE JOINT-STOCK COMPANY 'FARLEP-INVEST'
267458,279,K2Network
262387,279,Intermicro Ltda
29072,279,Regional Digital Telecommunication Company LLC
270641,279,YAS TELECOMUNICACOES EIRELI
137074,278,Responsible Internet Sustainability Effort
140641,278,YOTTA NETWORK SERVICES
12593,278,Ukrcom
9129,278,MTN Business Kenya
9832,278,ISNNET
31027,277,GlobalConnect AS31027
27696,277,Columbus Networks Honduras
7693,277,KSC Commercial Internet
46562,276,Performive
52673,276,WI-MAX INTERNET LTDA
52711,276,FASTNET TELECOM
28182,276,JUPITER PROVEDOR DE INTERNET
24389,276,GrameenPhone
328331,276,POA INTERNET KENYA
210616,275,SM Ltd.
208077,275,AS
52892,275,Coprel Telecom LTDA
199883,275,ArubaCloud Limited
199809,274,Maxtel LLC
15672,274,OOO Telecom TZ
203576,274,Onur Ekren
29405,273,VNET a.s.
25306,273,INSTITUTE ISIRAN
197414,273,
212249,273,EG Veri Merkezi Teknoloji Ltd. Sti.
19114,272,Otecel
204170,272,Awasr
63647,272,Beijing WangJu Interworking Information Technology Co. LTD
29289,272,Georgian Technical University
140815,272,HTTVSERVER TECHNOLOGY COMPANY LIMITED
25846,271,Cloudnium LLC
44656,271,2provide
45433,271,Kappa Internet Services
135932,271,Viet Storage Technology Joint Stock Company
200154,271,IZONE LLC
135360,271,Argon Data Network
132754,271,REALTEL NETWORK SERVICES
20723,271,AVONET
198930,271,Vereinigte Stadtwerke Media
52862,270,Redenilf Serviços de Telecomunicações
47702,270,Discovery
262285,270,Vivas Network
24550,270,Websurfer Nepal Communication System Pvt. Ltd.
52402,270,INTERCITY COMUNICACIONES
207369,270,Skynet Telecom LLC
269729,270,GRUPO MULTICABLES DE CORTES
329184,269,Host Africa DPA
210906,269,UAB 'Bite Lietuva'
35986,269,Allegiance Communications
6389,269,AT&T Enterprises LLC
140822,269,ANPHATIDC
35654,269,Cores Networks
28122,268,YAHOO DO BRASIL INTERNET LTDA.
8255,268,Euro-Information-Europeenne de Traitement de l'Information SAS
34547,268,Telesmart Telekom
138886,268,Data Buana Nusantara
270824,268,ENX Services
51350,268,Fachhochschule Technikum Wien
48199,268,Tehno-Pro LLC
21341,268,Soroush Rasanheh Company Ltd
34762,267,Combell
29190,267,MTS PJSC
262847,267,Hoinaski & Sklasky
12414,267,Solcon Internetdiensten B.V.
41743,267,OPTIMASET Ltd.
44027,267,SPITAMEN_ALEXANDER_INTERNET-AS
131210,267,Yashash Cable Network Pvt Ltd
51684,266,ASIACELL
39184,266,UltraNET Bulgaria
263905,266,New Group Telecom
135801,266,C32 Broadband
29046,266,Radiobaylanys LLP
27953,266,Nodosud S.A.
28032,265,InterNexa Peru
10219,265,Skymedia Corporation LLC
212374,265,Virtuozzo International GmbH
268976,265,Weclix Telecom
151157,265,CHATSIGNAL PVT LTD
140607,264,Sign In
20960,264,TKTelekom
33846,264,Dataport AoR
206991,264,IXIR
210369,264,
49551,264,Teleseti Ltd
56150,264,Viet Solutions Services Trading Company Limited
49368,264,DomoLAN
20661,264,State Company of Electro Communications Turkmentelecom
62005,264,BlueVPS
151852,264,FUTE JOINT STOCK COMPANY
41302,264,KVS Ltd
44684,263,Mythic Beasts Ltd
13150,263,Cato Networks
4835,263,China Telecom (Group)
36923,262,Swift Networks
262468,262,ATEL TELECOM
197204,262,Telemaks
37018,262,Galaxy Backbone
152868,262,THX Corp.
37168,262,Cell C
28580,262,FasterNet
51784,261,X-City
50113,261,NTX GROUP
9471,261,ONATI
23678,261,MyKRIS ASIA KL
399512,261,Suite224 Internet
265204,260,YSABELLA KRISTINA CALCAGNO RODRIGUESD
3308,260,Telia Denmark
198102,260,Xstream
38712,260,Telnet Communication Limited
50673,260,Serverius
205585,260,Noyan Abr Arvan Co. ( Private Joint Stock)
51020,259,Al-Jazeera Wifi
208909,259,Gurbtec Iguana Telecom SL
138755,259,City Online Ap Private Ltd
50254,259,Sky Engineering LLC
205847,259,GoFibre
61941,258,Enove Internet
35425,258,Bytemark Limited
35191,258,ASTA-NET S.A.
57353,258,vitroconnect GmbH
31638,258,Lepida
26006,258,Exodo LLC
30855,258,Tele-plus LLC
262731,257,CTINET SOLUCOES EM CONECTIVIDADE E INFORMATICA LTD
28598,257,Giga+ Fibra - N/NE
63242,257,LightSpeed Communications
272061,257,CROSS CONNECT LAC
134375,257,Fusionnet Web Services
396507,257,Emerald Onion
62744,256,Quintex Alliance Consulting
33874,256,VFM
42837,256,Extra Line LLC
265370,256,G G Tecnologia de Informação LTDA ME
49115,256,E-MAX INTERNET & IT
7224,256,AMAZON-AS
141039,256,PacketHub AS141039
327901,256,Level-7 Internet
131717,256,Citra Jelajah Informatika
199995,256,Omega Telecom
15974,256,Volgatranstelecom
38719,256,Dreamscape Networks
31499,255,MOTIV
55850,255,Mercury NZ
932,255,XNNET
35539,255,Information and Communication Technologies
270161,255,Television Internacional S.A. de C.V.
210656,255,Yandex.Cloud LLC
29169,255,Gandi
10242,254,US Internet
136030,254,Redtone Telecommunications Pakistan
400371,254,PUEBLO OF LAGUNA UTILITY AUTHORITY
42742,253,InterkamService LLC
57795,253,NG-BLU Networks
134331,253,Smartlink Solutions India
135848,253,Digitax India Communications
138244,253,HOSTZOP-AS-IN
44575,253,SIA 'MWTV'
263725,252,MULTICABLE DE HONDURAS
35682,252,BEST INTERNET SOLUTION XK
270996,252,LINK PRIME TECNOLOGIA
34170,252,Aztelekom
51813,252,Joint Stock Company TransTeleCom
134345,252,Giga5 Fiber Network
50053,251,Individual Entrepreneur Anton Levin
198605,251,AVAST Software s.r.o.
7393,251,CYBERCON INC.
135756,251,VPS Broadband And Telecommunications
141275,251,Maxnet Digital
203557,251,SIA RixHost
152918,251,Liberally Network (BYOIP Service Asia-Pacific)
141126,250,Cubiespot Pilar Data Nusantara
57164,250,ViacheslavFitiunin
37678,250,Botswana Fibre Networks
28433,250,Doornet sa de cv
263008,249,UNI TELECOMUNICACOES
37204,249,Telone Zimbabwe
57013,249,Eurasia-Star LLP
135817,249,Esto Broadband
4621,249,UniNet Thailand
210538,249,KEYUBU Internet ve Bilisim Tic. Ltd. Sti.
50482,249,JSC Kazakhtelecom
12897,248,ENTEGA Medianet
48544,248,Tecnotel Servizi Tecnologici
17971,248,TMONE DC
207043,248,DEDIK SERVICES LIMITED
265379,248,JULIO CESAR DAS NEVES
12365,248,Sarkor Telecom
140659,248,Vonet Technology
39822,248,Center for Information Technologies 'Fobos' Ltd.
215402,248,
46026,247,BATAM BINTAN TELEKOMUNIKASI PT
216473,247,Bashinskii Vadim Ruslanovich
267251,247,TELEFONARNET TELECOMUNICAÇÕES
11816,247,SetarNet
196797,247,Joint Stock Company TransTeleCom
28135,246,ANID
263289,246,Palmasnet Informatica
28158,246,Ampernet Telecom
13178,246,DIGITAL COMMUNICATIONS
37002,245,REUNICABLE SAS
12611,245,R-KOM
39199,245,RADIONET !
12958,245,T2 Russia Network
8648,245,one.com Group AB and its subsidiaries
45293,245,Universitas Terbuka
47156,245,Malnet
41354,245,ITS Technology Group
41653,245,Aqua Ray
216211,245,CYBERVERSE AS216211
36974,244,MTN Cote d'Ivoire
136287,244,Falconet Internet
8990,244,Antenna Hungaria ASN8990
37054,244,TELMA
9326,244,CENTRIN
60119,244,Novosibirsk Telecommunication Company
22080,244,Broadbandtech S. A.
17069,244,Cotel Argentina
5033,244,Key Information Systems Inc.
133593,244,VIZAG BROADCASTING COMPANY
26481,244,Rebel Hosting
12730,243,PJSC Rostelecom
25549,243,JSC Avantel
270026,243,RED SERVITEL
203087,242,PE Fedinyak Sergey Vyacheslavovich
12360,242,KEVAG Telekom GmbH
48957,242,Telecommunications Resource Center
56045,242,China Mobile communications corporation
47154,242,
702,242,Verizon - EMEA
209788,242,CONVEX REGIONS
147038,242,China Telecom
42574,242,Novaya Sibir Plus
38506,242,PT. Pika Media Komunika
262691,242,CONECTA LTDA.
213493,242,NYRU
213404,242,YESONGIT NETWORK
20811,241,Brennercom
213606,241,
39065,241,SOHONET
28590,241,Directnet Prestacao de Servicos Ltda
210003,241,SKY ELBASAN sh.p.k
134732,241,Dot Internet
27729,241,Globalnet.hn
266962,241,ASN266962
264301,241,LNP SERVICOS DE TELECOMUNICACOES E INFORMATICA
37228,241,kt RWANDA NETWORK
36912,240,Orange Cameroun
51685,240,Micron-Media
267953,240,BNET SOLUÇÕES EM INTERNET
26277,240,ServerPoint
264496,240,IR Tecnologia LTDA
24440,240,Cyber Internet Services Pakistan
204986,240,Sparktel LLC
214528,240,Emir Baskopru
137365,240,PT DUTA VISUAL NUSANTARA TIVI TUJUH
211859,240,Ozkula Internet Hizmetleri Tic. LTD. STI.
63962,239,iTools JSC
37342,239,Movitel
58715,239,Earth Telecommunication
7633,239,Software Technology Parks of India
203217,238,Horizon Scope - IQ
27773,238,MILLICOM CABLE EL SALVADOR S.A. DE C.V.
55947,238,Bangalore Broadband Network Pvt Ltd
31423,238,Przedsiebiorstwo 'PROMAX' Spolka Jawna Zofia Formanek-Okroj Wieslaw Okroj
265743,238,SEÑALMAX
132215,238,Powergrid Teleservices Limited
22772,238,Login
208040,238,RSS (RAPID SOFTWARE SYSTEMS) CYPRUS LTD
59577,237,ISP LinkCom
47474,237,Virtual1 Ltd
10753,237,Level 3 Parent LLC
134177,237,Rural Broadband Pvt. Ltd
50158,236,Connect LLC
27813,236,Teledifusora
23884,236,PROENNET
199140,236,Orange S.A.
15935,236,ha-vel internet s.r.o.
21232,236,GGA Maur
50596,236,Informatsionnye Tekhnologii LLC
266539,236,LINQ TELECOMUNICAÇOES
136334,236,VORTEX NETSOL PRIVATE LIMITED
328364,236,Host Africa
138155,236,JAWAHARLAL NEHRU UNIVERSITY
133284,236,Airprime Internet Services Private Limited
200484,236,SENDINBLUE-ASN
215311,235,REGXA-CLOUD
394472,235,SWOI
33182,235,HostDime.com Inc
10396,235,Claro Puerto Rico
42864,234,Giganet Internet Szolgaltato
137076,234,TTSL-ISP DIVISION
271814,234,NEXTNET
50852,234,INTERRA Ltd.
136636,234,Sharplink Wireless Solution
10412,234,CIA. DE TECNOL. DA INFOR. E COMUNICAÇÃO DO PARANÁ AS10412
141159,234,Incomparable(HK)Network Co. Limited
29170,233,KujtesaNET
50835,233,EANCENTER TELECOM LLC
56740,233,DataHata
328638,233,Letaba Wireless Internet
149296,233,TIANFENG (HONG KONG) COMMUNICATIONS LIMITED
52630,233,MT-TELECOM SUL
47576,233,Netzware Handels- und IT-Dienstleistungs GmbH
45671,232,Servers Australia AS45671
263689,232,Telecable Central
47956,232,XFone 018
8970,232,Wroclaw Centre of Networking and Supercomputing
398830,232,Icomera US Inc.
28668,232,LPNET Internet Provider
328178,232,The Computer Hut
28613,232,HUGHES TELECOMUNICACOES DO BRASIL LTDA.
34550,232,LLC Intercon
48014,232,Albanian Hosting SH.P.K.
265551,231,TELEVISION POR CABLE TEPA
60806,231,ZICOM
263569,231,Direct Internet Ltda
7497,231,Computer Network Information Center of Chinese Academy of Sciences (CNIC-CAS)
55307,231,Asian Pacific Securitis Joint Stock Company
37063,231,Roke Investments International
265855,231,LEGON TELECOMUNICACIONES
328510,231,Ikeja Wireless
19889,230,Telviso Argentina
200982,230,Zelenaya Tochka TOMSK LLC
147293,230,Nearoute AS147293
13977,230,Consolidated Communications - NNE
24953,230,NETPLANET GmbH
14381,230,Caterpillar Inc.
41088,230,N_SYS s.r.o.
131759,230,PT. Web Data Solusindo
62633,230,HostRush
271136,230,ACK TELECOMUNICACOES LTDA ­ ME
44552,230,'Altura' ltd.
6663,229,Türk Telekom International
139009,229,Windstream Communication Limited
266032,229,T.A.LUIZ ELETRONICO LTDA - ME
47692,229,Nessus GmbH
138296,229,Juweriyah Networks
151164,229,Wireline Communication India Private Limited
197394,229,Telecommunications 21 century LLC
12684,229,SES ASTRA
1213,229,Asiera
38835,229,Buroserv Australia Pty Ltd
41360,229,NEOCOM Ltd.
44363,229,Energie Steiermark Breitband GmbH
44068,228,Arbital
10111,228,Zeofast Network Global
27800,228,Digicel Trinidad and Tobago
263411,228,ONIX TELECOM
134840,228,Myanmar Country Co.
21837,228,Opera Software Americas
32181,227,GigeNET
44803,227,Webdock.io ApS
60517,227,CABLEVISION
262253,227,ECONOCABLE MEDIA S.A.C.
42765,227,INFOTECH Liner
137166,227,Satellite Netcom Private Limited
28917,227,FIORD
57737,227,Joint Stock Company Angarsk Electrolysis Chemical Complex
28656,227,Brasil TecPar (Blink)
328480,227,TooMuchWifi
52965,227,1 Telecom Servicos de Internet
28265,227,ABCREDE PROVEDOR DE INTERNET EIRELI
54103,227,MOD Mission Critical
135244,226,Kedia Internet
21263,226,TeleData GmbH
203684,226,Imen Sanat Novin Alighapoo Private Joint Stock Company
210099,226,Tigova Turkey
263151,226,CONECT TELECOM
967,226,VMISS Inc.
151106,226,HostyCare
267788,226,IP TECHNOLOGIES S.A.S.
43060,226,IPLUS
132298,226,Antaranga Dot Com
11114,226,Wintek Corporation
43400,225,NEO-TELEKOM Ltd
51561,225,ICUK Computing Services Ltd
56665,225,Proximus Luxembourg
395839,225,HOSTKEY-USA
271425,225,Terracel Provedor de Internet
134884,225,ARICHWAL IT SERVICES
34137,225,PJSC Rostelecom
137160,225,BHARAT DATA SERVICES PVT LTD
140979,225,China Unicom Shanghai FuTe IDC network
45544,224,SUPERDATA
197248,224,Dravanet
15576,224,NTS Workspace AG
146902,224,BIGVENTURES MEDIA
51132,224,Arkaden bredband
62013,224,Click-COM
31204,224,ORANGE MOLDOVA S.A.
266651,224,R. M. TELECOM
29544,224,Mauritanian Telecommunication Company
201986,224,ArpiNet AS201986
28618,224,Linktel Telecomunicacoes
149137,224,TAN THANH AN INTERNATIONAL TRADE DEVELOPMENT COMPANY LIMITED
47263,224,CUBEHOSTING1
34656,224,COMPENSA TOWARZYSTWO UBEZPIECZEN SPOLKA AKCYJNA VIENNA INSURANCE GROUP
4907,223,BGPNET PTE. LTD.
215353,223,AtropolNetwork
55330,223,AFGHANTELECOM GOVERNMENT COMMUNICATION NETWORK
12455,223,Telkom Kenya
211279,223,Alianta-TV S.R.L.
64267,223,Sprious LLC
208417,223,SECUREEND LTD
202375,223,Digital Albox SL
23764,223,CTGNet
268725,223,Planex Telecom
6966,223,U.S. Department of State
209341,223,hosting.com FRA1
212655,222,YouFibre
44234,222,Gaya s.r.o.
50300,222,Custodian DataCentres
29584,222,AZEDUNET
47553,222,Misaka Network Inc. (BYOIP)
31167,221,Axione
150215,221,IDNIC-EBTEL-AS-ID
18101,221,Reliance Communications
149749,221,Morizt ID
397086,221,Vault Host
55293,221,hosting.com
59713,220,JSC 'ER-Telecom Holding'
30851,220,Sileman Sp. z o.o.
133201,220,ABCDE GROUP
135765,220,XConnect Data Centers
52771,220,Giga Byte Prod. e Serv. Inform. Ltda
137654,219,Netstra Communications
200735,219,MUENET
58821,219,Lintas Jaringan Nusantara
136514,219,Rashedur Rahman Onesky Communications
21921,219,New Hope Telephone Cooperative
133385,219,ATOM Myanmar
211895,219,Serverius Holding B.V.
16125,219,Cherry Servers
197522,218,Kalush Information Network
210731,218,Forening for DotSrc
50887,218,DC FIBER HOME SRL
17698,218,COMMUNITY NETWORK CENTER INCORPORATED.
215114,217,PLB-NET
135307,217,Golden TMH Telecom Co.
36890,217,MTN Rwandacell
58765,217,B-Tel Internet pvt Ltd
134564,217,NETFACTORY NETWORK AND DATA SOLUTION
203540,217,Witel Srl
42087,217,MTS PJSC
206119,217,Veganet-Telekom
42689,216,Glide
272696,216,Hosting Now
39442,216,UNICO
262481,216,Vero Internet AS262481
208397,216,INFOSTROY AS
7684,215,SAKURA-A
6752,215,ANDORRA TELECOM
141329,215,Udupi Fastnet
201746,215,Olivenet Network
265911,215,G6 Internet
269749,215,NETCOM PLUS
265189,215,i i telecom
265157,214,MICROTELL (MELL)..
197637,214,ropa carrier solutions
13354,214,zColo Dallas
273007,214,Fi-Ven
60673,214,Activcom
200689,214,TELEIMPIANTI
14615,214,Comporium Inc.
28205,214,Ibituruna TV por assinatura S/C Ltda
207805,214,Ercan Alacam
328148,214,Agence De l'Informatique de l'Etat
152377,214,Trimitra Aditama Koneksindo
262450,214,NORTENET TELECOMUNICACOES DO BRASIL LTDA - EPP
49223,213,'Everest' Broadcasting Company
55701,213,Usaha Adisanggoro
28263,213,Vero Internet AS28263
139952,213,Trisari Data Indonusa
205090,212,FIRST SERVER LIMITED
55256,212,Netskope
61121,212,Odintsovo
29555,212,JSC Altel
47196,212,Garant Park Internet
49048,211,JSC 'ER-Telecom Holding'
150706,211,Hong Kong Zhengxing Technology Co. Ltd.
271646,211,ULTRALINK
209531,211,OSTV
204272,211,ASARTA
31205,211,PJSC MegaFon
138131,211,NATANETWORK SOLUTION
52724,211,Adriano Telecomunicacoes Ltda Me
267721,211,FIORANI ALEJANDRO
196802,210,Wojskowa Akademia Techniczna im. Jaroslawa Dabrowskiego
34525,210,KOBA
140003,210,Rumah Sakit Umum Pusat DR Hasan Sadikin
56420,210,JSC 'ER-Telecom Holding'
136716,210,APPLE BROADBAND SERVICES
206980,210,AntiDDoS Solutions
140421,210,Aplika Data Nusantara
153656,210,OWGELS INTERNATIONAL CO. LIMITED
34767,210,Otto M. Steinmann e.U.
48815,210,Critical Case s.r.l
201409,210,HOSTSHIELD LTD
41843,209,JSC 'ER-Telecom Holding'
59729,209,GREEN FLOID LLC
41682,209,JSC 'ER-Telecom Holding'
202105,209,Wafai Net
62040,209,Innovative Telecommunications
33070,209,Rackspace Hosting
52308,209,AGUAS DEL COLORADO SAPEM
42396,209,Telesystems of Ukraine
13614,209,All West Communications Inc.
18501,208,CyberCloud Professionals LLC
11139,208,CWDOM
12843,208,TelemaxX
41297,208,ABAKS
7522,208,STNet Incorporated
28423,208,Truxgo S. de R.L de C.V
208959,208,SlashN Services Pte. Ltd.
21271,208,SOTELMA
35047,208,Abissnet
201826,208,LLC eratelecom company
262785,208,Giga+ Fibra - MG/RJ
269416,208,SEMEAR TELECOM
8660,208,Italiaonline
46231,207,Omnicity Inc
45430,207,Advanced Wireless Network Co. Ltd.(IIG)
17598,207,YBNTV
51645,207,JSC 'ER-Telecom Holding'
29075,207,IELO
269409,207,Rio Online Telecomunicações e Informática Ltda Me
52682,207,Brasil TecPar (W3)
264631,207,RED PARAGUAYA DE TELECOMUNICACIONES SA
150683,207,Fasttel Broadband
132445,207,Khetan Cable Network
21412,207,UAB 'CGATES'
141514,207,Sancfil Technologies Internet Services
29238,207,Nisatel
39045,207,Gazprom telecom LLC
8685,207,Doruk Iletisim ve Otomasyon Sanayi ve Ticaret A.S.
12508,206,Rainside
224,206,Uninett
210457,206,Kyonix Networks Limited
264780,206,HomeNet
60656,206,BOL BG IZTOK LTD
51468,206,One.com
38200,206,BTS Communications
50115,206,Lekol
17538,205,Circlecom Nusantara Indonesia
136897,205,Enjoyvc Cloud Group
34056,205,KievNet
56340,205,Grand
49628,205,SKYTEL
14813,205,BB-COLUMBUS
209046,205,ASGAL
42116,205,JSC 'ER-Telecom Holding'
328490,205,Unwired Communications
61208,204,SCORTEL SRL
58717,204,Summit Communications Limited AS58717
40786,204,Digicel Jamaica
16097,204,HLkomm
9644,204,SKTELECOM-NET-AS-KR
49125,204,Uteam
56677,204,Tele-Club Ltd.
36874,204,Cybersmart Ltd
49081,203,GLOBALFOUNDRIES Dresden Module Two LLC & Co.KG
133692,203,Fastnet Communication
139080,203,The Internet Data Center of Sichuan Mobile Communication Company Limited
52838,203,WN TELECOM
215365,203,Tom Gewiese
8920,203,JSC RTComm.RU
208864,202,Weserve B.V.
41627,202,ASPICKUPNET
22439,202,Perfect International Inc
2055,202,Louisiana State University
134489,202,S. B Link Network
215120,202,Evolus
45007,202,VIPNET PRIM Ltd
42846,202,GNET Internet Telekomunikasyon A.S.
207513,202,HOSTOFF
264974,201,TELECOM SCAE
48475,201,OSKOLNET-AS
62390,201,NEXONHOST
267205,201,JOTAZO TELECOM
265688,201,Sinergy
49835,201,Fundació Guifi.net
51162,201,JSC Kazteleport - subsidiary of Halyk Bank of Kazakhstan
48587,201,PE Zharkov Mukola Mukolayovuch
34917,200,Orlandonet ltd.
267280,200,YELLOW CONNECT MULTIMIDIA
135450,200,Berkah Solusi Teknologi Informasi
264111,200,RedeBr Telecom
137699,200,CHINATELECOM Jiangsu Suqian IDC network
137143,200,Minnal Digital Network
29287,200,Wien Energie GmbH
198983,200,TornadoDatacenter
31246,200,NETBOX
214738,200,WEHOST LLC
61125,199,SABOTAGE
58682,199,Level3 Carrier
41872,199,GIB-Solutions
58243,199,TELE AG
138089,199,Global Media Data Prima
40545,199,Empire Access
202391,199,Cooperative Afra ertebatat-e-sabet-e Rasa Co
62440,199,Terralink
6687,198,Kommunale Datenverarbeitung Oldenburg (KDO)
37424,198,MTN BENIN
153393,198,RACKVOLT CLOUD SOLUTIONS PRIVATE LIMITED
6677,198,Mila
28252,198,WorldNet Telecom
263269,198,RAGTEK TECNOLOGIA
57717,198,FiberXpress
52444,198,Pogliotti & Pogliotti Construcciones S.A.
28260,198,Altarede Corporate
9370,198,SAKURA internet AS9370
34666,197,JSC 'Global Erty'
39318,197,PS Internet Company LLP
210021,197,DIL Technology AS210021
41497,197,Qcom
50522,197,Sewan Nederland BV
8468,197,CityFibre
56981,197,JSC 'ER-Telecom Holding'
28640,197,VIPWAY Telecom
269999,197,UNIVERSIDAD MARIANA
35516,197,PJSC Rostelecom
34590,197,JSC 'ER-Telecom Holding'
21409,197,Ikoula
395965,196,Carrytel
13490,196,Buckeye Cablevision
44866,196,FOP Fedasiuk Oksana Petrivna
12693,196,e.discom Telekommunikation GmbH
9023,196,Oesterreichische Lotterien GmbH
264659,196,Sol Cablevisión S.A.S E.S.P
39835,196,goetel
22423,196,Altima Telecom
17854,196,SK Broadband Co Ltd
205254,196,Valin
207847,196,CloudBlast LLC
152949,196,AZ VIETNAM TECHNOLOGY JOINT STOCK COMPANY
41661,195,JSC 'ER-Telecom Holding'
23944,195,SkyCable Corporation
141433,195,NIS-AS-AP
38121,195,UPASSTV
38333,195,Symbio Networks
265185,195,VIANET LTDA ME
16960,195,Cablevision Red SA de CV
44247,195,Videosat 21 Vek OOD
56465,195,Therecom Ltd
17471,195,Grameen Cybernet
23338,194,DCS Pacific Star LLC
8636,194,MAXnet Systems
263019,194,QUICKNET TELECOM LTDA EPP
136697,194,In Broadband
140900,194,Getlinks
138655,194,TransWorldEnterpriseServices Net2
1403,194,EBOX
134875,194,Gatiman Broadband Pvt Ltd
49261,194,Lekstar Communication Ltd.
270035,194,CELSIA COLOMBIA
57172,194,Global Layer B.V.
18450,193,WebNX
39657,193,Comeser
49528,193,MARCIN MALOLEPSZY @ALFANET
133989,193,SBR Telecom
9934,193,Mongolia Telecom
134004,193,Foxtel Telecommunications
52747,193,Wsp Servios de Telecomunicaes
264932,193,STAYNET
208821,193,Durunet
264778,193,TotalCom Venezuela
262493,193,Alares_Internet
63878,193,Victory Network Indonesia
203791,193,OOO Kurier
46023,192,Quantum Tera Network
41676,192,JMDI
42248,192,Vida-Optics
136525,192,Wancom (Pvt) Ltd.
133007,192,UCN CABLE NETWORK
215284,192,Nest LLC
7727,192,HONDUTEL (Honduras)
12491,192,Gilat Telecom
210403,192,Groupe LWS SARL
271060,191,ASN271060
134326,191,Airdesign Broadcast Media
48847,191,WAVES
267384,191,ASN267384
263880,191,WANTEL TECNOLOGIA
42581,191,Inform Communications Ltd.
21351,191,Canal+ Telecom
13156,191,Cabovisao televisao por cabovisao sa
18540,191,Recovery Point Systems Inc.
28036,190,Telefonia Celular de Nicaragua SA.
51395,190,SOFTplus Entwicklungen
50316,190,4ALL
47376,190,WGB-LLC
48096,190,Enterprise Cloud Ltd.
399765,190,FasNET Services - Primary
201624,190,ARANEA LLC
20928,190,NOOR Data Network
43047,190,Stream-Network Ltd.
134026,190,UltraNet Services
44208,190,Farahoosh Dena PLC
53065,190,OpçãoTelecom
24521,190,DataUtama Dinamika PT
328856,190,VIJIJI CONNECT
59441,190,Hostiran DC Network
133847,190,Anpple Tech Enterprise
18187,189,Source Telecoms
45326,189,Broad Band Telecom Services Ltd (BBTS)
7459,189,Grande Communications
136280,189,Costel Networks
20879,189,DIGI ROMANIA S.A.
50186,189,Pronet Telekom Ltd
263189,189,GLG PERU SAC
15108,189,ALLO Communications
141312,189,ation Aspirare Technologies Private Limited
133384,189,Global Technology Co. Ltd.
25447,189,JM-DATA Telekom GmbH
136170,189,PT. EXABYTES NETWORK INDONESIA
34619,188,CIZGI TELEKOMUNIKASYON ANONIM SIRKETI
45143,188,SINGTEL MOBILE INTERNET SERVICE PROVIDER Singapore
8286,188,ZUT ACI Educational AS
12946,188,R Cable y Telecable Telecomunicaciones S.A.U.
209863,188,PROLVL Ltd.
328997,188,ORG-RA11-AFRINIC
153258,188,KAPTECH-AS-IN
135212,188,Digiway
28642,188,Contato Internet
49720,188,Gigacloud
2764,187,Vocus (PIPE/AAPT)
15457,187,NOS Madeira Comunicacoes S.A.
262812,187,K.H.D. SILVESTRI E CIA
52721,187,TOLEDO FIBRA TELECOMUNICAÇAO LTDA
134862,187,Ultimate Internet Services
138384,187,Rakuten Mobile
266428,187,R L A World Net LTDA
8426,187,Claranet
28318,187,CYBERTAP
51557,187,Isimtescil Bilisim A.S.
136119,186,Bali Towerindo Sentra AS136119
39577,186,Goodnet LLC
264104,186,ZINE TELECOMUNICAÇÕES PROVEDOR LTDA
204035,186,oneCorp
15868,186,Nalchik-Telecom Ltd
214532,186,
44285,186,Sefroyek Pardaz Engineering PJSC
132300,186,NIPA Cloud Space
151750,185,iNET SOLUTIONS
13347,185,MW-CABLE
7122,185,MTS
33548,185,Unwired Broadband
134928,185,Spiderlink Networks
61684,185,Totalweb - Provedor de Internet
9028,185,OHOST
58487,185,Rumahweb Indonesia
8728,185,INFONET EE
30238,185,Cisco Systems Ironport Division
56690,184,VNET
141356,184,Universe Action
153063,184,PT Juara Network Tegal
48964,184,Enterra
214351,184,FEMO IT SOLUTIONS LIMITED
21107,184,Blicnet
29303,184,Perm Internet Company LLC
214320,184,Sergei Saliukov
269822,183,Colombia Más Tv
28226,183,Avvio Telecom
328608,183,Africa on Cloud
262317,183,ROS Telecom
328436,183,Flashnet Technologies Limited
57250,183,Ru.Net Ltd.
52973,183,YIP Telecom
135818,183,Green Tech Net Com Pvt Ltd
197071,183,active-servers.com
63844,183,One Net Communication Ltd
8641,183,Nauka-Svyaz
49293,182,Digital Tehnology Ltd
200724,182,MTEL Austrija GmbH
149617,182,DIGIANA SPEED NET
207728,182,EUROHOSTER Ltd.
7794,182,Execulink Telecom
52551,182,SAMM Sociedade de Atividades em Multimidia LTDA
15640,182,MTS PJSC
140122,182,Omnet Infratech
16043,182,PJSC 'Vimpelcom'
209874,182,Tech Tide Portugal Unipessoal LDA
56246,182,Sumber Data Indonesia ISP
202254,182,LIFECELL DIGITAL LTD
14178,182,Megacable Comunicaciones de Mexico
198482,182,Pernik Lan Ltd.
52207,182,JSC 'ER-Telecom Holding'
141968,181,Industri Kreatif Digital
57910,181,Soluciones Corporativas IP (SCIP)
4922,181,Shentel Service Company
24806,181,INTERNET CZ
20866,181,LLC Promsvyaz-Invest
146993,181,DEEP BRIGHT LIMITED
206617,180,Neomedia
51175,180,Multiplay Sp. z o.o.
20804,180,EXATEL SA
263774,180,Marandu Comunicaciones
37542,180,Iclix
263717,180,SOL TELECOMUNICACIONES
48407,180,TIGRISNET
50012,180,BEST-LINK
28132,180,Tri Telecom
267388,180,Voafibra Comunicacao
138759,180,NETMAX COMPUTERS
400304,180,Crunchbits
205800,180,Steps Telecom
30922,179,MTS PJSC
44043,179,Cyber_Folks SRL
64249,179,ENDOFFICE
278,179,Universidad Nacional Autonoma de Mexico
50427,179,Orion Telecom Abakan
43873,179,Bazovaya Set LLP
3253,179,PJSC 'Vimpelcom'
268145,179,IPV7 SERVICOS DE TELECOMUNICACOES BRASIL
268537,179,TN FIBRA
266853,179,METROCOM CR
52413,179,MADACOM SRL
198381,179,Star Satellite Communications Company - PJSC
266757,179,GLOBAL FIBER PERU
61805,179,EMEX INTERNET
1114,178,Universitaet Graz
134033,178,Hi Reach Broadband
133861,178,SonderCloud Limited
25693,178,VIRMACH
12380,178,PJSC Rostelecom
50498,178,JSC 'ER-Telecom Holding'
264696,178,CABLEMAR
31113,178,Artkomm LLC
208324,178,NBTEL Downstream
31626,177,OOO 'ZVI Telecom'
328988,177,SAFARICOM ETHIOPIA (ORG-STEP1-AFRINIC)
267659,177,CONEXXUS SERVICO DE INFORMATICA
202940,177,ITC NG
29894,177,SCRTC
21230,177,MNET
208879,177,Teraline Telecom Ltd
61452,177,Restel S.A.
262851,177,Plim Telecom
39383,177,Annarsy SRL
395917,177,
34772,176,Neotel
31452,176,ZAIN Bahrain
38203,176,ADN Telecom Ltd.
4213,176,Evocative Global
150821,176,HD TECHNICAL INFRASTRUCTURE CONSTRUCTION COMPANY LIMITED
149360,176,Indo Telemedia Solusi
40995,176,Sibirskie Seti Ltd.
206238,176,Freedom Internet
263244,175,IperactiveNet
151330,175,PLAY BROADBAND
269107,175,J L TELECOMUNICACAO E MULTIMIDIA COMERCIO E SERVIC
328840,175,ST Digital
56468,175,mcnet
59466,175,EuroExpress
58322,175,Halasat Networks
44066,174,firstcolo
147237,174,CLOUDMINISTER TECHNOLOGIES PRIVATE LIMITED
264268,174,Teleturbo Telecomunicacoes
52765,174,MAXXNET TELECOM
9021,174,Is Net Elektonik Bilgi Uretim Dagitim Ticaret ve Iletisim Hizmetleri A.S.
207164,174,PRIMANET SRL
133693,174,Sri Krishna Internet Services
138064,174,Jinom Network Indonesia
9085,173,SUPERMEDIA
39574,173,Minet Slovakia s.r.o.
41630,173,Helios Domzale d.o.o.
9946,173,KCTV JEJU BROADCASTING
20161,173,TeraGo Networks Inc.
265363,173,RV-NET TELECOM
7941,173,Internet Archive
46015,173,Exabytes Network Malaysia
41371,173,BiKaDa TOO
210079,173,EUROBYTE
397031,173,GALAXYGATE
266579,172,Oni Serviço de Comunicação e Multimídia Ltda
34087,172,NTE Bredbånd AS
152179,172,HongKong Global Network
41786,172,JSC 'ER-Telecom Holding'
8280,172,Synapsecom Telecoms S.A.
33947,172,WLA Interservice Ltd.
38120,172,GBNTV
135217,172,Peak Air
53081,172,Netjacarei Telecon
137127,172,Navkar Supertech
264278,172,MICROTELL (MELL).
207459,172,TEKNOSOS BILISIM HIZMETLERI
136336,172,Thamizhaga Internet Communications
141266,172,Inri Communications
136224,172,City Online
47782,172,
132692,171,VpsCity
39845,171,2 Cloud Ltd.
12355,171,HeLi NET Telekommunikation
20590,171,Donbass Electronic Communications Ltd.
138955,171,Brisktel Private Limited
8334,171,LLC SETEL
327906,171,Embarq
269733,171,REDCENTRAL TELECOMUNICACIONES LTDA
44604,171,JSC KVANT-TELEKOM
265283,171,IAGO NET
328203,171,Platinum Index Data Communications Ltd
265777,171,SOLUCIONES WISP S.A.
142647,171,Nasstec Airnet
35320,171,ETT
25310,171,Vodafone (Access Network UK)
135354,171,NAVER BUSINESS PLATFORM ASIA PACIFIC
52284,170,Panamaserver.com
23679,170,Media Antar Nusa
10054,170,CMB Kwangju Broadcasting
34785,170,Stadtwerke Klagenfurt
34347,170,Citynet AT
37334,170,Data Fusion
47438,170,Pskovline
270550,170,TELECOMFIBER SERVICOS DE ACESSO A INTERNET
39273,170,Kalaam Telecom Bahrain
135188,170,E Net Entertainment
208413,170,RubyNet LLC
10557,170,Connect Northwest
199654,170,Oxide Group Limited
55862,169,Wan And Lan Internet Pvt Ltd
136873,169,MEGADATA-ISP
262989,169,Click Net Brasil Telecom
398721,169,oxio
138112,169,Megarap Mitra Solusi
53022,169,Grupo LIMA
51121,169,Foboss-Telecom LLC
262519,169,BIA PADUA INTERNET
37550,169,airtelcg
269895,169,WIRELESS COLOMBIA
29909,169,Metro Optic
52253,168,E-Networks Inc.
44558,168,Netonline Bilisim Sirketi LTD
2907,168,National Institute of Informatics
1916,168,Rede Nacional de Ensino e Pesquisa - RNP
17563,168,Nexlinx
55828,168,Drik ICT Ltd
9781,168,GCS-AS-KR-KR
151003,168,PT. Tri Akses Nusantara
22646,168,Hargray Communications
43989,168,Ehiweb
23316,168,Bel Air Internet
208425,168,YONCU
197304,168,Dilis Grup EOOD
272940,168,CELIES-NETWORK C.A
273141,168,MICARMITA S.A.S
61944,167,FFA SOLUÇÕES TECNOLOGICAS
140716,167,UNICOM JiangSu WuXi IDC network
51978,167,Wemacom Telekommunikation
42673,167,Skyware Sp. z o.o.
271188,167,VOCAL NET TELECOMUNICAÇÕES LTDA
263579,167,iSUPER Telecom
133838,167,INFOTEK
61889,167,BR.Digital Corporate
135724,167,Allnet Broadband Network Pvt Ltd
29633,167,KELAG
53054,167,
263073,167,DTEL
29413,167,komro
6758,166,Monaco Telecom
51580,166,Time-Net AS51580
131404,166,Masters Technology Corporation
60077,166,Asre Dadeha Asiatech
263346,166,Fonte Informática
20746,166,Telecom Italia S.p.A.
59134,166,PT. Datacomm Diangraha
269901,166,MARAVECA TELECOMUNICACIONES
7438,166,Telefonica Mexico (Movistar)
211356,166,MyTv-Alb SH.P.K.
211448,166,WEBCONEX
3605,166,Docomo Pacific
36939,166,Comores Telecom
263793,166,BACKBONE NETWORKS
25394,166,MK Netzdienste AS
49088,166,TELMEKOM
31103,165,Keyweb
47447,165,23M GmbH
8540,165,AMA netwoRX
49732,165,Joint Stock Company Tyvasviazinform
9340,165,Indonet
23546,165,Delcom Inc.
52030,165,Server Plan
201502,165,Societa Cooperativa JCom
59692,165,IQWeb FZ LLC
39153,165,Setel
39811,165,MTS PJSC
132618,165,Real Future Company Limited
16301,164,Novgorod Datacom LLC
31724,164,Svyazist LLC
265066,164,Conect Provedor de Acesso a Internet
48955,164,Internet Resources Management SRL
23584,164,PUSAN CABLE TV SYSTEM CO. LTD.
263124,164,ZAP TELECOMUNICAÇÕES
212910,164,Oros-Com Ltd.
37577,164,Orange Burkina Faso
20776,164,Outremer Telecom SAS
207992,164,Feelb
50670,164,VTEL JORDAN
265629,164,FiberComm Telecomunicaciones
4686,164,Bekkoame Internet Inc.
270065,164,CHILE TV CABLE
34456,164,Rialcom
29091,164,ipNX Nigeria
31203,164,Sharq Telekom
263744,164,Udasha S.A.
35141,163,A1 Bulgaria EAD
13333,163,Consolidated Communications - PA
43667,163,Vermont-IT Limited Liability Company
17885,163,XLSmart AS17885
146864,163,MEGNET
263656,163,BRSULNET TELECOM LTDA
39010,163,TerraNet
213354,162,INTERNATIONAL HOSTING SOLUTIONS LLP
62161,162,PRO-PING
11272,162,C Spire Fiber
39135,162,Fiber 1 Ltd.
37337,162,MUNI Equatorial Guinea
266346,162,ATIVA INTERNET
268314,162,EWERTON DA SILVA LOPES TELECOMUNICAÇÕES
212314,162,toCloud LLP
43567,162,ug-tele.com
328961,162,NET99
41820,162,PP 'New information systems'
327688,162,Screamer Telecommunications
134465,162,M/S HARVIL MEDIA
48147,162,Amin IDC
201525,161,HZ-CA
49902,161,SRR
50767,161,FIBERLINK Sp z o.o.
15694,161,ATMAN Business
28972,161,M-SOFT
43653,161,PEGONET
24499,161,Telenor Pakistan
135097,161,LUOGELANG (FRANCE) LIMITED
29134,161,Webglobe
39604,161,Non-public corporation MASARMAT
57378,161,JSC 'ER-Telecom Holding'
28554,161,izzi telecom (AS28554)
16333,161,A1MK-16333
265894,161,Portal.com STI eirele
32363,161,Total Highspeed LLC
135353,161,MD SHIRAJUL HAIDER T/A Cue Club Technology
134337,161,R2 Net Solutions
262504,161,Brasil TecPar (Nova Rede)
202700,161,Individual entrepreneur Kushkhov Azret Ali Alisakhovich
215421,161,LIKENET LLC
199634,161,Yedinaya Setevaya Kompaniya Ltd
16504,161,Granite Telecommunications
135834,160,Multicraft Digital Technologies
8529,160,Zain Omantel International
27995,160,CLARO CHILE
209335,160,Technical University of Munich
20810,160,Netcom Kassel
263868,160,BMFLEX Telecom Eireli - ME
51153,160,'Informational communications' LLC
42960,160,VH Global Limited
271957,160,SOMOS NETWORKS COLOMBIA S.A.S. BIC
48092,160,T2 Nizhny Novgorod
38017,160,Route object of Square InformatiX Ltd
135872,160,GTPL KCBPL BROADBAND
138191,160,Weblink Communications Ltd.
4637,160,Telstra (International)
12488,159,Krystal Hosting
21574,159,CENTURY TELECOM
21221,159,Infopact Netwerk & Communicatie
150027,159,Auriganet Digital Technologies
23487,159,CONECEL
140454,159,Pop Net Indonesia
215376,159,ML Cloud Ltd
31195,159,PJSC MegaFon
329322,159,BARMEDAS.COM LTD
31277,159,New Line Telecom
263790,158,RED POWER
3208,158,Algerian Academic Research Network
131392,158,GMO Vietnam
43940,158,Drustvo za telekomunikacije 'MTEL' DOO
57093,158,Yalta-TV KOM Ltd.
200613,158,Imeretinskay Riviera LLC
141342,158,FIBERISH
8416,158,Infoline
214120,158,LOGIC INFOTECH ELECTRICAL SPARE PARTS TRADING L.L.C.
57344,158,Telehouse
136902,158,Alegra Communication
6535,158,Telmex Servicios Empresariales AS6535
200239,158,BOGAHOST
64466,158,UNIVERSAL MOBILE SYSTEMS LCC
38532,157,Exabytes Network Singapore
135175,157,Facts Online Pvt Ltd
34503,157,YouNet Ltd.
48940,157,Link
133469,157,Multinet (Udaipur)
268468,157,MXCONECT SERVICOS DE COMUNICACAO
131464,157,Digi Jadoo Broadband
135983,157,Tino Group Joint Stock Company
29014,157,ScaleUp Technologies
328723,157,Telasera
52449,157,My Tech BZ
38901,157,EZECOM
213529,157,Sculk Ltd
58002,156,JSC Svyazinform
47794,156,Etihad Atheeb Telecom
9112,156,POZMAN
48149,156,Ivanteevskie telecommunicacii Ltd
203953,156,Hiper A/S
24554,156,Microscan Internet Private Limited
262145,156,Cooperativa de Electrificación Rural de San Carlos
47119,156,VL-Telecom Ltd
16143,156,RadioNet
205424,156,Ulunet Internet ve Iletisim Hizmetleri San. ve Tic. Ltd. Sti.
50923,156,Metroset Ltd.
20870,155,Joint Stock Company TransTeleCom
55944,155,Ooredoo Maldives Plc
25176,155,AC-Net Externservice
49985,155,IP4ISP
57760,155,Kinet
13193,155,Nerim
48431,155,Bozorg Net-e Aria
266592,155,LIFE INTERNET
42362,155,PJSC Rostelecom
63497,155,Arana Teknologi Indonesia
37191,155,Raya Holding
45062,155,NENET（China)
269004,155,MORE SPEED INFORMATICA E TELECOM
29690,155,AI Jeraisy Electronic Services Company Ltd.
37012,155,Comsys (GH) Limited
53075,155,Holistica Provedor Internet Ltda
134264,155,DIGI STAR INFO SOLUTIONS
28745,155,Joint Stock Company TransTeleCom
44375,155,Asmanfaraz Sepahan Company (P.J.S)
34887,154,Information Technology Center of the Republic of Tatarstan GUP
20634,154,Telecom Liechtenstein AG
31370,154,Gruppa MosLine
8200,154,Uplink LLC
203003,154,Magna Capax Finland Oy
147181,154,Flarezen
38553,154,DctecH Microservices Incorporated
49847,154,Pardazeshgar Ray Azma Co. Ltd.
9441,154,Next Online
267809,153,360NET
54614,153,CIK Telecom
271202,153,NavegNet Telecom
265312,153,Portal Conexão Ltda
266269,153,MVTELECOM
4739,153,iiNet
269051,153,UNIVERSO FIBER
25921,153,LUS-FIBER-LCG
34602,153,Starlink (Media Ltd)
151698,153,GREEN WEB SOFTWARE DEVELOPMENT PRIVATE LIMITED
201890,153,EHS
43274,152,Teleradiocompany Teleos-1 Ltd
34471,152,Free Technologies Excom
34267,152,PJSC Rostelecom
263561,152,RODRIGO BORGHI DA SILVA & CIA LTDA
147195,152,VAIDIK NETSOL OPC PVT LTD
38684,152,CMB Daejeon Broadcasting Co.Ltd
17726,152,Telecom Cambodia
152122,152,Borendro Online
272832,152,CIBERNET
49332,152,Lanet Network AS49332
151844,152,INetwork Pvt. Ltd.
9287,152,True Internet Data Center Thailand
61754,152,I3 TELECOMUNICACOES - EIRELI
53167,152,Sebratel Tecnologia
34867,152,Cosmonova LLC
37721,151,Virtual Technologies and Solutions
39906,151,CoProSys
21267,151,Wavenet Limited - AS21267
62907,151,ZSCALER INC.
50911,151,LLC 'Electron-Telecom'
33333,151,objx.net LLC
152729,151,Ha- Meem Denim Limited
199782,151,Teletime Ltd.
28009,151,Da.Vi.Tel. S.A.
263302,151,TORPEDOLINK TELECOM
49805,151,ANKSOFT
150034,151,FOFO NETWORKS PVT LTD
52686,151,F.J.FANTINI AMPARO ME
39401,151,Link+
52603,151,Supply Net Serviços
262727,151,AtualNet Provedor de Internet LTDA
56736,151,VASTRA GOTALANDS LANS LANDSTING
51300,151,Telecomunicazioni Digitali Fastalp Srl
262215,150,ITELKOM
39440,150,netplusFR SA
17306,150,Rise Broadband
20750,150,NetLan Ltd.
49821,150,Electrica
59833,150,JSC Sevastopol Telekom
52872,150,VOANET Telecomunicações Ltda.
12737,150,KrasPromStroy LLC
264830,150,Coop. de Luz y Fuerza Eléct. Industria y Otros Serv. PúblicosVivienda y Crédito de Punta Alta
9387,150,Augere Pakistan
63996,150,Mazeda Networks
61449,150,Research SRL
27924,150,Amplia
141253,150,Hyosec Solutions Private Limited
13296,150,INNOR Ltd.
136696,149,Arktel Networks
10297,149,eNET Inc
203018,149,Pamico
135269,149,Fast 4 Technologies
134942,149,Ashok Secure Broadband Network
138640,149,HelloTech Limited
42873,149,Max-Planck-Gesellschaft zur Forderung der Wissenschaften e.V.
50161,149,LLC 'VELES ISP'
28283,149,Adyl Telecom - AS28283
272025,149,NETV SPA
56082,149,ONE-NET-HK
9812,149,Oriental Cable Network Co. Ltd.
139554,149,Young Brain India
269715,149,InfinityGo Telecom
60117,149,Host Sailor Ltd
38493,149,Royal Green Online
137424,149,Integral Solutions Myanmar Co.
58477,149,Argon Data Communication
52901,149,Minas Telecom
57519,148,LTD Bukovel
60558,148,PHOENIX NAP LLC.
267296,148,WSAT CONNECTION COMUNICAÇÕES LTDA
57279,148,Sauron CZ
207348,148,Tehnoline Telekom d.o.o.
49524,148,Wolnext
16552,148,DigiCert DNS
3236,148,SERVER.UA
265627,148,NIDIX NETWORKS S.A. DE C.V.
137239,148,Fil Products Service Television
57000,148,LinkiWay DMCC
39729,148,Register - Settimo Milanese
270585,148,Rodrigo de Mello Gonçalves Lopes ME
37532,148,ZAMREN
136306,148,Texes Connect
17877,148,KX NexG Co. LTD
263982,148,POWERNET SOLUTIONS
28110,147,Rack Lodge
131215,147,Sanchar Telenetwork
210392,147,Azarakhsh Ava-e Ahvaz Co
51669,147,Home Computer Networks ltd.
24211,147,Detik Ini Juga
56580,147,Cybercom Ltd.
44542,147,AO Countrycom
264030,147,FIBERTELECOM
263915,146,Connectronic
51495,146,Telephone Network of Ashgabat CJSC
57626,146,E-Zorg B.V.
62365,146,SachsenGigaBit
138115,146,Deneva
4721,146,JCOM Co. Ltd.
269096,146,NORTH TELECOMUNICACOES
211484,146,YSZ TRADING CO. LIMITED
61920,146,Link Explorer
28539,146,XCIEN
35004,146,Netgroup-Service
268930,146,Ilhas Net
61263,146,Modern store group LLC
52485,146,networksdelmanana.com
39020,146,Comvive Servidores
136308,146,Deenet Services AS136308
133711,146,Home Broadband Services
265704,146,COOPERATIVA ARBOLITO
136515,146,Dasca Cable Services
139508,146,Wide Netcom India
61287,145,onway (schweiz) ag
56876,145,Ociris GmbH
2110,145,Enet Communications
28419,145,28419
29550,145,Team Blue Carrier Ltd
271689,145,AGE TELECOMUNICACOES LTDA
38625,145,CJONLINE
9136,145,WOBCOM
59895,145,Binary Racks
37190,145,ATLANTIQUE TELECOM (MOOV CI)
205516,145,NLS ASTANA LLP
57214,145,Vidikon-K CJSC
262367,145,SW COMERCIO E SERVICOS DE COMUNICACAO MULTIMIDIA
265684,145,Infinitum
139922,145,DISH MEDIA NETWORK PUBLIC LIMITED
62314,145,Atmospherica Ltd.
39699,145,Lounea Palvelut
41046,145,Nej TV a.s.
136364,145,Myguru Online India
60747,145,MODUS LLC
45356,144,Mobitel Sri Lanka
30873,144,YemenNet
56449,144,MULTIHUNER-PL
17727,144,NAP Info Internet
10118,144,Hutchison Telecommunications Hong Kong Holdings Limited
206176,144,GreenEdge B.V.
149422,144,VYBETELECOM
136171,144,Medha Hosting
41124,144,BTcom Infocommunications
139628,144,Mega TrueNET
132148,144,HORIZON TELECOM INTERNATIONAL COMPANY
35297,144,Dataline Net
996,144,JY Mobile Communications
6702,144,APEXNCC
208161,144,Pars Shabakeh Azarakhsh LLC
28750,144,VinNest ISP Autonomous System
198968,143,CYBERNETICOS
142527,143,KKD BROADBAND
6621,143,Hughes Network Systems llc
51809,143,BRSK
213873,143,OUIDO Hosting
42351,143,StreamNet EOOD
21565,143,Horry Telephone Cooperative Inc.
270095,143,CABLE MAGICO
266550,143,WOW TELECOM COMUNICACAO MULTIMIDIA
271904,143,CHARTER COMMUNICATIONS INTERNATIONAL DE VENEZUELA C.A.
49824,143,Astra-net
27742,143,Amnet Telecomunicaciones
27734,143,New Technologies Group N.V.
28227,143,NOVACIA TECNOLOGIA E TELECOMUNICACOES
134021,143,Airgenie Communications Pvt. Ltd.
264758,143,ISP GROUP SRL
50126,143,OOO 'Teleservis'
32748,143,Steadfast Networks
53991,143,Acronis AMER
328437,142,Link-Up Wireless
10143,142,Exetel Pty Ltd
39716,142,VIP Lublin
132296,142,Seven Star Digital Network
61512,142,GIGANET
30404,142,Blue Stream
197296,142,United Networks SE
206479,142,AceRDP Ltd
34042,142,MT-Telecom LLC
269843,142,BANTEL
215342,142,Teranet OOD
26727,142,Brandenburg Telephone Company
28431,142,RAUL DUARTE URITA
205119,142,TELEKS DOOEL Skopje
271855,142,MANGO NETWORK C. A. MANGONET C. A
28667,142,Vero Internet AS28667
139567,142,Nirija Solutions
214693,142,FUSIORA
10292,141,CWJ-1
28124,141,Ufinet Brasil S.A.
12361,141,
49117,141,DTnet Detva s.r.o.
59869,141,JuPiNet Kft.
43061,141,Stelkom d.o.o.
28178,141,NWI Telecom
1653,141,Vetenskapsradet / SUNET
269203,141,
140443,141,Herza Cloud
14979,141,Aeronet Wireless Broadband
210083,141,Privex
198050,141,ALFA-SYSTEM M. Piwowarski A. Widera Spolka Jawna
37549,141,Business Services
207810,141,VirusNet LLC
10269,141,Belize Telemedia
17139,141,ColoradoColo
59815,141,Kompeatelecom Ltd.
264439,141,OURINET TELECOM
212165,141,Alex Group LLC
134788,141,Parasat Cable TV
27364,141,Armstrong Utilities Inc
43714,141,Production co-operative Economic-legal laboratory
151333,141,ASCON TEL (PRIVATE) LIMITED
44679,141,INVITE Systems SRL
31863,140,Dacentec
39521,140,TNGNET B.V.
5520,140,Universitaet zu Koeln
41966,140,Skynet Sp. z o.o.
25164,140,Flughafen Zurich AG
209641,140,Tomas Kempinsky
45925,140,Teletalk Bangladesh
4581,140,Socket Telecom LLC
271001,140,Yepnet Tecnologia
52780,140,MAP Telecom
268444,140,G H J Holanda - ME
263478,140,DUFIBRANET TELECOM
39238,140,OKB PROGRESS
150774,140,Exabyte AS150774
199021,140,Greenline Ltd.
51659,140,LLC Baxet
198374,140,GESA-NET
24864,140,Raiffeisen Informatik GmbH & Co KG
328543,139,Sun Network Company
141739,139,China Telecom
197033,139,KOESIO NETWORKS
31122,139,Viatel Ireland
200736,139,MEDIANET INVEST M.I.K.E
139007,139,UNICOM InnerMongolia province network
210924,139,ssd networks
49357,139,Klick Ltd
262617,139,UWBR VOX Telecomunicações
26666,139,Interserver Inc
61649,139,CONECT TELECOMUNICACOES COMUNICACOES E MULTIMIDIA
263652,139,MAP Tecnologia Ltda
213282,139,ADAHOST
61937,139,Oquei Telecom Ltda
376,139,RISQ Network
149042,139,SiliCloud
150359,139,Cable Television TOYAMA
37649,139,SAGA AFRICA
213702,139,QWINS LTD
61858,139,PRIME SYSTEM TELECOM
57814,139,Cloud9
208586,139,Neotel 2000 S.L
41435,138,UnderNET
131706,138,TERABIT
203223,138,Unica Telecomunicazioni
6740,138,InterneXt 2000 s.r.o.
21211,138,Penkiu kontinentu komunikaciju centras
53038,138,IDC19 - WDI SOLUCOES EM TEC INFORMACAO
45766,138,Triangle Services Limited
206375,138,NETSPEED
266213,138,INOVA FIBRA
200964,138,ISIS-COM
56696,138,ASLIQUID-MPLS
12829,138,Angelsoft
50671,138,First Digital TV Ltd
60258,138,ENGINET LLC
49183,138,Galichina Telekommunication
211057,138,Astra for Telecommunication and IT Services
42525,137,GlobalConnect AS42525
48830,137,TransEuroCom LLC
151355,137,Software operation Foreign trade
28128,137,Infolic Comercial de Informatica
136861,137,ARTAMEDIA CITRA TELEMATIKA INDONESIA
137963,137,MT Microtel Technology Sdn Bhd
328880,137,STE INTERNET SMART SOLUTIONS
42512,137,X-COM
43068,137,Pladi Computers Ltd.
207490,137,Individual Proprietor Boris L. Grigoryan
58834,137,Guangdong Cable Corporation Limited
271415,137,S3 Net Soluções Inteligentes
151719,137,TACT COMMUNICATION PVT LTD
35278,137,SPRINTHOST.RU LLC
46042,137,Gunadarma University
9286,137,KINX Transit
43966,137,IT REGION
33387,137,NOCIX
200525,137,Hosting Ukraine LTD
212212,137,Power NMS VPP SRL
44964,137,DATAPLANET
23528,136,Bird
42366,136,TerraTransit
136342,136,Winux Communications
266641,136,Lavrasnet Servicos de Provedor de Internet Ltda
139555,136,ABROCOMM-AS-IN
134878,136,GLORIOSA INFOTEL IT SERVICES INDIA PRIVATE LIMITED
265225,136,ASN265225
17400,136,MSTELCOM SARL
131745,136,Cybertechtonic Pratama AS131745
209040,136,SeWiKom GmbH
61403,136,Sever Telecom JSC
205179,136,Virtualdeploy
35613,136,NetDataComm s.r.o.
268516,136,Midia Net Telecom
201178,136,Euronet Telekomunikasyon
199152,136,Virtual Data Center Inc
142064,135,VergeTel Australia
265586,135,INBTEL SA DE CV
141898,135,Milenial Inti Telekomunikasi
54434,135,WNM Communications
328698,135,VanillaTech
53142,135,Friburgo Online LTDA ME
56400,135,SPD Chernega Aleksandr Anatolevich
264114,135,RZ NET
29030,135,Telekabel AD
214560,135,Maxime Lescure trading as Hydra-Shield
269435,135,SISTEL FIBRA
196777,135,SKORUK ANDRIY OLEKSANDROVYCH
39912,135,oja.at
262715,134,Caezar Provedor de Internet LTDA
39216,134,AlsardFiber
133119,134,China Unicom IP network
20552,134,Horyzont Technologie Internetowe
25400,134,Telia Norge
47116,134,Intellihome
57218,134,'Rightel Communication Service Company PJS'
41491,134,Stadtwerke Kapfenberg GmbH
55652,134,SUMIDHAZ PERMATA BUNDA
203851,134,CSD Network Services Ltd
26863,134,Gameserverkings
135699,134,Stn Infotech Pvt. Ltd.
45317,134,Jaringan Lintas Utara
265317,134,TRIXNET SERVIÇOS DE TELEINFORMATICA
28889,134,LinzNet ISP GmbH
52606,134,BRASILNETS COM. ATAC. DE EQ. INFORMATICA
205467,134,Base IP B.V.
3580,134,Planet Networks
61849,134,RIO ONLINE. NET
197078,134,Yarnet Ltd
38771,134,Cyberplus Media Pratama
327804,134,Trusc
199657,134,TNtech
205275,134,ROMARG
265269,133,MEGA TELEINFORMATICA
140224,133,Nebula Global
60824,133,Fraunhofer-Gesellschaft zur Foerderung der angewandten Forschung e.V.
15475,133,
34318,133,ASAK Kabelfernsehen GmbH
16028,133,Orange S.A.
206961,133,Riccardo Gori
29852,133,Honest Networks
210519,133,ToshTeleQabul MChJ
38917,133,INTERCOMTEL Limited Company
56231,133,MEASAT Broadcast Network Systems
8439,133,JSC AIST
131442,133,Digital Network Associates Private Limited
134620,133,Pusinfolahta TNI
52928,133,JANAJA SERVICOS LTDA
42291,133,Istranet
31556,133,ARKADA-X Ltd.
28453,133,GK TELECOMUNICACIONES
42132,133,Digit One LLC
266597,133,JCNET
135206,133,Bluwaves Internet Services India
327700,133,MoRENet Mozambique
12008,133,UltraDNS
1133,133,University Twente
268321,133,SM Passos Kayser Sistemas de Comunicações
5511,133,Orange
197537,133,WISDOM CLOUD
42956,132,NAS - DI EOOD
20847,132,Previder BV
16326,132,SmalS vzw
53153,132,CINTE Telecom
52242,132,Yota De Nicaragua
266366,132,GIGA NET TELECOMUNICACOES
196638,132,PJSC Promtelecom
136841,132,MITRA TELEMEDIA MANUNGGAL
264023,132,SE77E TELECOM
31736,132,senseLAN
51825,132,Telzar
262729,132,Telemidia Sistemas de Telecomunicação
327991,132,Megasurf Wireless Internet
56167,132,Ufone Pakistan
42498,132,Gerkon
32,132,Stanford University
215481,132,FlexyNode
133524,131,Global Technology Co. Ltd.
29069,131,PJSC Rostelecom
10099,131,China Unicom Global
265175,131,AS SISTEMAS
30999,131,Emtel
45498,131,Smart Axiata
22611,131,InMotion Hosting
215096,131,
133200,131,NeocomISP Limited
213145,131,FIBIM FIBERNET GSM SANAYI VE TICARET ANONIM SIRKETI
149736,131,PT Satria Digital Media
12620,131,Ticinocom SA
47258,131,Premier Group Companies Telecom
133271,131,Willaegis Online
33921,131,Lebara Ltd
38744,131,AlwaysOn Network Bangladesh
3175,131,DataHouse AS3175
58952,131,Frontiir
21483,131,PJSC 'Vimpelcom'
207103,131,CONVEX KIROVGRAD
150900,131,VPSMMO COMPANY LIMITED
52639,130,MEGANET RJ
38565,130,Ncell Axiata Limited
35063,130,Chopin Telewizja Kablowa
54641,130,InMotion Hosting (IAD)
34315,130,
8968,130,BT Italia
210104,130,Wawtel
16904,130,Arvig
205400,130,VIVO CONNECTION spol. s r.o.
140220,130,Sky Network Television Ltd
149428,130,Code200 UAB
25520,130,JSC 'Futures Telecom'
7106,130,Independents Fiber Network
41465,130,Limited Liability Company VolgoGazTelecom
266401,130,ASN266401
56568,130,X-COMMUNICATION
132372,130,GB Network Solutions
48438,130,Corbina Telecom AS48438
38584,130,CubeXS Pvt Ltd Internet Service Provider Pakistan
21100,130,ITL Company AS21100
271186,130,EUNAPOLIS TELECOM LTDA
19180,130,Americatel Perú
262913,129,Konecta de Mexico S. de R.L. de C.V.
52794,129,Net Flex
135161,129,GMO Thailand
39560,129,KT-NET Communications
59862,129,Professional Link
134548,129,DXTL Tseung Kwan O Service
60904,129,ATC Telecom LTD.
44118,129,BalkanTel DOO
52951,129,Catanduva Sistemas a Cabo
263085,129,VIA FIBRA INTERNET LTDA
8047,129,General Communications Incorp
140787,129,LAM A ARCHITECTURE CONSTRUCTION COMPANY LIMITED
202269,129,BitCommand LLC
211748,129,
267033,129,serrasul telecom ltda
63885,129,Inovasi Tjaraka Buana
35790,129,Aktiebolaget Sappa
61699,129,Fernando Oliveira Cambuhy Informatica - ME
135202,129,Netfirre Communications
18345,128,Servers Australia Customers
37425,128,Somcable LTD
25528,128,A1 Hrvatska d.o.o.
62838,128,Reprise Hosting
39593,128,JSC 'Ufanet'
266113,128,ASN266113
28188,128,Pronto Net
135300,128,Myanmar Broadband Telecom
45245,128,banglalink
51522,128,ONLINE LLC
264738,128,Sebastian Souto
33923,128,ART-COM Sp. z o.o.
270766,128,UNE PROVEDOR DE INTERNET LGT61 EIRELI
269862,128,FASTNET Internet
44875,128,FRONTAL INTEGRATEG SOLUTIONS SRL
26619,128,Gtd Colombia
1378,128,Interbel Telephone Cooperative Inc.
42730,127,EVANZO e-commerce GmbH
24991,127,Datatrans Internet
201735,127,PROPHASE ELECTRONICS S.L.
263801,127,LINKEAR
264521,127,SLIM NET TELECOM
134874,127,Acme Diginet
135341,127,Orange Communication AS135341
262797,127,PROVALE SCM
5390,127,Euronet Communications B.V.
12399,127,q.beyond AG
36908,127,Vodacom Tanzania
266092,126,RCOSTADONASCIMENTO
27823,126,Dattatec.com
211090,126,DIL Technology AS211090
20626,126,Sandviken Network
138965,126,Streamtech Systems Technologies
29657,126,Last-Mile Ltd.
42965,126,net services
15805,126,MTN Cyprus
132761,126,Smartlink Solutions
131642,126,Pittqiao Network Information Co.
269743,126,UNIMOS EMPRESA MUNICIPAL DE TELECOMUNICACIONES DE IPIALES S.A. E.S.P.
268104,126,G7NET AS268104
42065,126,ZAO ElectronTelecom
133287,126,Andhra Pradesh State FiberNet
44270,126,TC TOR LLC
2547,126,Budapest University of Technology and Economics
206011,126,Freedom Krasnodar
201411,126,GOKNET iletisim A.S.
203972,126,LLC TatAISneft
213281,126,GREENFIBER
29278,126,Rackhost
51504,126,AS Telset
264262,126,BOSSNET PROVEDOR DE INTERNET
196742,126,EKRAN-AS
29108,126,Leitwert GmbH
57803,125,TeleServis Ltd
262318,125,HORIZONS
263047,125,Speednet Provedor de acesso a internet
58460,125,Digicel (PNG)
62564,125,LINVEO LLC
9821,125,PREGINET
198813,125,SychrovNET
29649,125,Limes sp. z o.o.
42232,125,PARISAT Tavkozlesi es Szolgaltato Korlatolt Felelossegu Tarsasag
206791,125,Slobozhenyuk B.Y. PE
25082,125,Viner Telecom LLC
197960,125,LIMITED LIABILITY COMPANY 'INTERNET SERVICE PROVIDER 'MEGA'
271244,125,FORTINET TELECOMUNICAÇŌES
263016,125,NDX Telecomunicacoes Ltda
199610,125,Nitrado (marbis)
135375,125,Today Communication
53209,125,Mantiqueira Tecnologia
133594,125,World Phone Infrastructure services private ltd
7643,125,Vietnam Posts and Telecommunications (VNPT)
198616,125,MediaKvant Ltd.
263966,125,WORLD WIFI TELECOMUNICAÇÕES
208781,125,UK-SMARTCT1
41631,125,Comfo
265411,125,E. B. De Melo Informatica e Consultoria -M
61832,125,Giga+ Empresas
42707,125,e-Quest IT Diensten
197862,125,Netfone Telecom Tavkozlesi es Szolgaltato KFT
62943,125,Bluebird Network
23507,125,AVSISP
400072,124,THUNDERBOX INC
39305,124,Groupe Convergence.com
205005,124,Micso - Nord
203964,124,4Tel Telekomunikacije
53080,124,Vero Internet AS53080
13118,124,PJSC Rostelecom
270677,124,TEK TELECOM LTDA
13092,124,Akademska mreza Republike Srbije - AMRES
262909,124,JK TELECOMUNICACOES
213010,124,Gening Nikita Dmitrievich
47262,124,Hamara System Tabriz Engineering Company
45905,124,Stargate Communications
28183,124,MICRON LINE SERVIÇOS DE INFORMATICA LTDA EPP
61621,124,Norte.Net Telecomunicações
329205,124,
52519,124,rodrigo przybycien
202993,123,Institute of Information Technologies of National Academy of Science Azerbaijan
215761,123,Muhammed Fatih ASAN
19740,123,LinkSecured Networks
33083,123,Axcelx Technologies LLC
133073,123,GloVine Melbourne Network
49242,123,Internet Union Spolka Akcyjna
16117,123,GAVLENET
22652,123,Fibrenoire / Vidéotron Affaires AS22652
201035,123,Lünecom Kommunikationslösungen GmbH
38680,123,CMB
37604,123,Desert Road Pty Ltd t/a Zebranet
267853,123,Silver Cable
46829,123,LAMHOSTING
272925,123,272925
5742,123,Consolidated Communications - IL
328977,123,Wavex Internet Service Provider LTD
34052,123,OOO NPP Logika
264162,123,NC BRASIL TELECOM E SERVIÇOS
13789,123,Unitas Global
17478,122,Bangkok Metropolitan Administration
39798,122,MivoCloud
5550,122,Gdansk University of Technology Academic Computer Center TASK
57728,122,HELIOS MB
15703,122,TrueServer
399077,122,Tcloudnet
267828,122,Señal Nacional
25531,122,PJSC Rostelecom
13430,122,THE WISP.NET CORP.
135247,122,K Net Solutions
17897,122,asn for Heilongjiang Provincial Net of CT
264562,122,Texnet Internet Fibra Óptica
134204,122,Business Network
133648,122,MNR Broadband Services
13316,122,SES Sistemas Electrónicos S.A.
52793,122,Kelvyn Sat Comércio e telecomunicações Ltda
22709,122,Lumos Fiber
53766,122,Arista SD-WAN
20895,122,'Yuzhniy TELECOM' ltd.
49749,122,VostokMediaSvyaz Ltd.
47361,122,Manufacturing-Technical company System Design LLC
135718,122,DISHAWAVES INFONET PVT. LTD.
35325,122,INCOMPLAST SERVICE
60651,121,Stek Kazan LLC
264508,121,INET TELECOM E INFORMATICA LTDA
199319,121,VOICE NET S.A.
210070,121,hotsplots
204144,121,Comfort XXI Century
210756,121,EdgeCenter
207676,121,Best Line Ltd.
39102,121,SatTel Corporation Ltd
52758,121,Global Network Telecomunicações do Brasil
34757,121,Sibirskie Seti AS34757
61753,121,CLEYTON DE SALES COSTA - ME
152569,121,WAVENET COMMUNICATIONS
2381,121,WiscNet
203695,121,Saypudinov Ayatula
62340,121,Infotelecom SP Ltd.
41110,121,DSLmobil GmbH
13760,121,Uniti Fiber
134113,121,Millennium Computers & Networking
274103,121,REDES DEL RIO S.A.S.
264217,121,Sem Fone Telecomunicações
267587,121,CLICK SPEED SERVICOS DE TELECOMUNICACOES
135222,121,MilesWeb Internet Services Pvt Ltd
150021,121,QUICKNET COMMUNICATION
28359,121,ZAAZ PROVEDOR DE INTERNET E TELECOMUNICACOES S.A
39074,121,Sepanta Communication Development Co. Ltd
44789,121,KabelszatNet-2002. Musoreloszto es Kereskedelmi Kft.
24994,121,Genesys Informatica
207743,120,SC Aside MCD SRL
196651,120,Informatik Schaffhausen (ITSH)
201476,120,ISP Alliance a.s.
43341,120,MDlink online service center
64200,120,Vivid-Hosting LLC
5606,120,GTS Telecom
147133,120,JMS INDONESIA
29319,120,Informational-measuring systems
42739,120,HAWE TELEKOM
131207,120,SINET-KH
270963,120,
6802,120,UNICOM
135697,120,Tachyon Communications
53072,120,INETVIP TELECOM LTDA
23953,120,ARTHA TELEKOMINDO
142529,120,INCUBIX UNIFIED SOLUTIONS
27833,120,BVNET
44533,120,Alexey Geiner
48437,120,PP 'Merezha'
198820,120,Limited Liability Company Radio Network
265475,120,INFOMENCK COMERCIO E SER. DE TELECOMUNICACAO
196854,120,ISATEL
329029,120,Mymanga Networks
53240,120,Net Onze Provedor de Acesso a Internet Ltda
48909,120,CityLine LLC
12453,120,Bernhard Kraft
202632,120,TXTV d.o.o. Tuzla
41557,120,Drustvo za telekomunikaciski uslugi TELEKABEL DOOEL Stip
57469,120,Stadtwerke Bruneck
271497,120,Confiber Telcomunicações ltda
60612,119,Albatros Ltd.
263544,119,Várzea Net Telecomunicações
52574,119,Wvirtual.net Serviços
203489,119,Wimore
39265,119,Stadtverwaltung der Stadt Bern
54858,119,Wave Broadband
43132,119,PJSC Rostelecom
63501,119,Mega Mentari Mandiri
265263,119,MULTI TELECOM E COMERCIO DE INFORMATICA EIRELI ME
264369,119,INHAMBUPE ON-LINE COM COM. E SERV. DE INFORMÁTICA
264210,119,W2I TELECOM E SERVICOS LTDA - ME
198279,119,Albanian Telecommunications Union
61053,119,Esnet
50616,119,ONE Telecommunications
34010,119,Yahoo-UK Limited
62205,119,Unitel LLC
199731,119,The Educational Center for Internet and New Technologies of the Nakhchivan Autonomous Republic
398704,118,Stacks Inc.
32167,118,LSHIY LLC (Customers)
35467,118,DDFR IT Infra & Security B.V.
25933,118,Vogel Telecom
34892,118,PJSC Rostelecom
138718,118,Ekowebtech It Services Pvt Ltd
55313,118,Hanel Communication JSC
58096,118,Viter Evgeniy Vasilevich
61304,118,Connect CJSC
42510,118,WDM-AS
152933,118,ZONECLOUD TECHNOLOGY JOINT STOCK COMPANY
133694,118,EMAXGLOBAL
60560,117,MEDICAL UNIVERSITY - VARNA Prof. Dr. Paraskev Stoyanov
48943,117,kapper.net
61079,117,Digi Italy S.R.L.
44513,117,Optima Italia S.p.A.
30838,117,Jerzy Krempa 'Telpol' PPMUE
270544,117,JB TELECOMUNICACOES & SOLUCOES
2018,117,Tertiary Education and Research Network of South Africa
44387,117,Radashevsky Sergiy Oleksandrovich
265705,117,HUGHES DE COLOMBIA S.A.S.
28254,117,Arganet Comunicação e Monitoramento Digital Ltda
204896,117,Vaxjo Kommun
272112,117,TELECABLE DOMINICANO
134806,117,Sky View Online
29081,117,WVNET Information & Kommunikation GmbH
265645,117,HOSTINGFOREX S.A.
153040,117,YouStable
34876,117,smart systems
52547,117,Brasil TecPar (Primatec MT)
64043,117,EUROTELBD-ONLINE-LTD-BD
53724,117,ExtraVM
28634,116,Life Tecnologia
137655,116,Angel Broadband
38987,116,Spoldzielnia Telekomunikacyjna OST
40980,116,Telematica Internet Service Provider
263824,116,Central TV and Internet Limited
53222,116,Seanet Telecom
37461,116,ORANGE GUINEE
50613,116,Advania Hosting
142488,116,NEXTIABB
133811,116,Inti Bangun Sejahtera
206854,116,Lesun communication furtherance engineers Co (Ltd.)
267883,116,267883
17583,116,Keumgang Cable Network
262323,116,STAR CONECT TELECOM LTDA
265735,116,Maxcom
138824,116,Gemilang Jaya Elektrindo
21466,116,Kabelfernsehen Bodeli AG
52982,116,GGT PROVEDOR INTERNET
132750,116,i2k2 Networks Pvt Ltd
37503,115,Unique Solutions Company Limited
2614,115,RoEduNet
135357,115,HONG KONG KOWLOON TELECOMMUNICATIONS CO.LIMITED
15605,115,Connesi
198089,115,IP Visie Networking
42155,115,Evard AG
43530,115,Limited Liability Company Irtelcom
35239,115,LLC Balttelecom
264933,115,NTi Telecomunicações LTDA.
28775,115,OOO TRANSTELECOM
13825,115,Troy Cablevision Inc.
264509,115,CONECTA AMAZONIA TELECOM
268710,115,YES FIBRA TELECOMUNICACOES LTDA
25249,115,Magticom
31619,115,City Stars
206446,115,CLOUD LEASE
328111,115,IP WORLD
13357,115,Irati Telecomunicações Ltda.
12119,115,ITV-3
136708,115,F2h Networks
131866,115,Digital Edge Korea Internet Access
42410,115,Point To Point Ltd.
51873,115,Arcade Solutions
201682,115,Liquid Web B.V.
263464,114,Souza Cortes Elet. Elet. Ltda ME
39791,114,Telco Pro Services a. s.
35506,114,INFORMATION SOCIETY S.A.
9230,114,Bangladesh Online
205262,114,Conred
15383,114,Paradigm
48778,114,IHK Gesellschaft fuer Informationsverarbeitung mbH
196954,114,epcan
198984,114,Bialnet
269025,114,NOVA REDE LTDA
35067,114,ProKK SE
149575,114,SITI VISION DATA SOLUTIONS PRIVATE LIMITED
267798,114,GENERACION WI-FI
263405,114,Vero Internet AS263405
262589,114,InterNexa Global Network
13876,114,FiberLight
23028,114,Team Cymru
29167,114,Netia SA
131471,114,Login.Me
56433,114,ASLANUA NETWORK
60849,114,NaiTel “Aqaba Digital Hub”
266514,114,Antonio J De Albuquerque ME
10001,114,mics network
23033,114,Wowrack.com
268068,114,TRAUDI INES SEHNEM
137959,114,VTL Network
197704,114,24IT MEDIA Sp. z o.o.
38513,114,Cloudeka
35394,114,CABLE AIREWORLD
264463,114,MEGA REDES TELECOM
48117,114,C.T.Net
199959,114,GWY IT PTY LTD
199487,114,NUVMI-HOST
11417,114,Northern Illinois University
152073,113,PT Media Balai Nusa
5377,113,Marlink AS
57630,113,84Grams
42346,113,NorthC Switzerland
39251,113,NETGUARD
52075,113,Wifirst
34703,113,LTD Pokrovsky radiotelefon
263453,113,INOVANET TELECOM
29125,113,PJSC 'Vimpelcom'
58593,113,Shanghai Blue Cloud Technology Co.Ltd
197793,113,Gigabit LLC
141421,113,MUX BROADBAND
37182,113,Tanzania Education And Research Network
27984,113,TeleRed
20807,113,JSC 'ER-Telecom Holding'
268317,113,CSTELECOM SERVICOS LTDA
8544,113,PrimeTel Telecom
9686,113,SKKU
264110,113,Econect Itapevi Telecomunicações ltda
30886,113,KOM i TEX
17931,113,Netforest
206926,113,Letit LLC
202651,113,Noor Al-Bedaya for General Trading agricultural investments Technical production and distribution internet services general services Information technology and software Ltd
134341,113,jdm broadband services
328527,113,PDS Networks Nigeria Limited
43321,113,Satelcom-Service Ltd.
265062,113,NETFORCE Telecom
44539,113,Redi LLC
59625,113,Korek Telecom Company for Communications LLC
135373,113,
262437,113,InNET Ponto Com
1756,113,Shiraz Hamyar Co.
150698,113,VCORE
147194,113,DEVCHAND TELESOFT
52368,112,ZAM LTDA.
201285,112,Kirzhachtelecom LLC
15378,112,T2 North-West
34362,112,Terrakom d.o.o.
2602,112,Fondation RESTENA
197451,112,Brno University of Technology
49798,112,SnailNet s.r.o.
48507,112,SibMediaFon
37136,112,Etisalat Benin
212396,112,FyfeWeb Hosting
132957,112,Pintwire Infomatics Private Limited
151590,112,PT Pandawa Global Telematika
211720,112,Datashield Inc.
47139,112,INDIGO TAJIKISTAN
57835,112,JSC ELEKTROSVYAZ
52575,112,Clara Luz Internet
5639,112,Telecommunication Services of Trinidad and Tobago
12496,112,IDNet
135426,112,ZTE CORPORATION
137263,112,NETEASE
58768,112,Daffodil Online
13768,112,Aptum Technologies
263099,112,STIW Sistema de Telecom. Inf e Wireless
271252,112,BHNET FIBRA TELECOMUNICACOES LTDA
47241,112,Joint Stock Company TransTeleCom
264685,112,REDES DEL OESTE
212508,112,Lowhosting Services
267829,112,CABLE VIDEO IMAGEN CANAL 5
64425,112,
61964,112,Freedom Magnitogorsk
6356,112,University of Florida
271899,111,GIGAPOP
41575,111,Intercity Ltd.
12772,111,Enforta Autonomous System
206170,111,Inleed
37009,111,Mobile Telecommunications Ltd
24889,111,Monzoon Networks AG
51043,111,Aspire Technology Solutions
131284,111,Etisalat Afghan
136284,111,Paradise Telecom
48882,111,OPTIMA-SHID-AS
15626,111,ITL Company AS15626
137868,111,Star Internet Service
25446,111,JSC 'ER-Telecom Holding'
151130,111,Skytech Broadband Private Limited
133014,111,Universiti Teknologi Malaysia
271475,111,FOXCONNECT
42910,111,PremierDC Veri Merkezi A.S. - Istanbul
264159,111,Inexa Tecnologia LTDA.
52876,111,PW NETWORK INFORMATICA E TELECOMUNICACOES LTDA
28398,111,INTERNET TELEFONIA Y TV DE MICHOACAN SA DE CV
398991,111,x99.cloud
271023,111,Tera Soluções
266270,111,WBR Informatica
4694,111,IDC Frontier Inc.
29436,111,Buryanov Konstantin Volodimirovich
43764,111,Sevlush
264635,111,CONECTIVE
24530,111,PT. Power Telecom
329437,111,VENNET
21804,111,Access Communications Co-operative
61923,111,SUNWAY TELECOM
15425,111,PODA a.s.
199967,111,Think Huge Ltd
58046,111,The Ministry of Digital Transformation
153013,111,GTSC VIETNAM TECHNOLOGY SERVICES AND COMMERCIAL JOINT STOCK COMPANY
201290,110,BlackGATE
24768,110,ALMOUROLTEC SERVICOS DE INFORMATICA E INTERNET
37223,110,Vodacom Mozambique
15532,110,Raiffeisen Schweiz Genossenschaft
6696,110,VERIXI
15836,110,Arax-Impex
35378,110,Sat Film Sp. z o.o.
53808,110,MoeDove Next Generation Network
262999,110,IVI TECNOLOGIA E COMUNICAO LTDA
61663,110,INFOLINE BANDA LARGA LTDA
135193,110,SRI SAI COMMUNICATION AND INTERNET PVT LTD
38819,110,CSL Limited
132061,110,Realmove Company Limited
10226,110,ETL Company limited
263402,110,INFORMATICA.COM LTDA
270724,110,ASN270724
53205,110,IBSOL TELECOM LTDA
28615,110,Televisao Cidade S/A (SIMTV)
151741,110,VORTEX NETWORKS PRIVATE LIMITED
211780,110,brolve
266046,110,INTERCONNECT TRANSMISSAO DE DADOS
44090,110,Enteghal Dadeh Mahan Co. PJSC
264387,110,OZONIO TELECOMUNICACOES LTDA
13737,110,Interconnecx LLC
202103,110,Gigatel
45012,110,media:Webline Internet Solutions
52419,110,CESOP
268310,110,IBNET TELECOM LTDA
264526,110,ALPHANETT SERVIÇOS DE TELECOMUNICAÇÕES
28383,109,Instituto Jalisciense de Tecnologias de la Informacion A.C.
9587,109,DTAC ISP
43317,109,Veesp SIA AS43317
63119,109,Angelnet Limited
50606,109,VirtuaOperator
56933,109,Datagram s.r.o.
53112,109,Sulnet
207744,109,MIK-AS
57860,109,Zencurity ApS
28370,109,3AX Telecom
264311,109,
264288,109,GNET PROVEDOR
270439,109,CUPERTINO SERVICOS DE HOSPEDAGEM
52795,109,One Telecom
3484,109,Instituto Politecnico Nacional
265949,109,INFO TELECOM INTERNET LTDA
205367,109,NetPoint LLC
38071,109,Aftab IT Limited.
28142,109,DIGITAL DESIGN SERVIÇOS DE TELECOMUNICAÇÕES
41079,109,Cyber_Folks S.A.
329225,109,Lexistar Alliance Ltd.
273182,109,Cablexpress TV C.A.
37353,109,MacroLan
269370,109,Dwnet Banda Larga Comunicacao Multimidia e Informa
54253,109,Oracle Corporation
2828,108,XO Communications
21473,108,Pfalzkom
201646,108,Flex-l Ltd
58328,108,IMAFEX s.r.o.
28637,108,Prodesp
52689,108,ESPACO DIGITAL
34351,108,MTS PJSC
24090,108,UNISAINS-AS-AP
19084,108,ColoUp
28317,108,Boomerang Wireless
264525,108,Coelho Tecnologia
263422,108,AXXESS TELECOMUNICAÇÕES
3367,108,F6 Networks
47586,108,Dmitriy V. Kozmenko
204274,108,AURA Fiber A/S
53134,108,Wixx Telecom
24699,108,PJSC Rostelecom
21013,108,eww ag / ITandTEL
263077,108,RazaoInfo Internet
59151,108,Diskominfo DIY
23777,108,NTT BUSINESS SOLUTIONS CORPORATIONS(VIPA)
265485,108,
262262,107,Metronet
328943,107,Africell Angola S.A
51653,107,PRESNET s.r.o.
22995,107,Xplore Inc.
137453,107,Orange Communication AS137453
263611,107,Zum Telecom LTDA-ME
267882,107,AGENCIA DE CIENCIA TECNOLOGIA Y SOCIEDAD SAN LUIS
269308,107,TELECOM ORBI
50542,107,JSC 'ER-Telecom Holding'
273113,107,ONERED JWG532 SRL
39001,107,MTS PJSC
62064,107,Closeness S.L.
44941,107,ZAO Astrakhan Digital Television
136372,107,Ss Fiber Net Optical Communication
210579,107,Rackhost Informatikai
12754,107,Coolnet Network Service Provider
215375,107,Luca Nowak
43733,107,Viva Armenia AS43733
139387,107,Pemerintah Kabupaten Gresik
327771,107,Milan-ORG-MC7-AFRINIC
201167,107,Caspian Telecom
138745,107,Digiking Communications
57128,107,Ufanet Kazan Branch
44149,107,Ubilink LLC
150687,107,The Daily Star
58347,107,AiK LLC
34241,107,New Communication Technologies LLC
197343,107,Toloe Rayaneh Loghman Educational and Cultural Co.
214119,107,
52964,106,FJR TELECOMUNICAÇÕES
36962,106,MTN Zambia
52056,106,Lounea Palvelut Oy
48926,106,Pe3ny Net
267708,106,SP SISTEMAS PALACIOS
132092,106,Mir Mosharrof Hossain t/a IT Base
268054,106,GIGA NET INFORMATICA
53913,106,
134749,106,SPEED TECH ONLINE
52564,106,Biazi Telecom
208592,106,AVESTONET
262234,106,ASI NETWORK
44555,106,KONEKT Ltd.
203380,106,DA International Group Ltd.
263009,106,FORTE TELECOM LTDA.
41007,106,CTCASTANA
28891,106,City Telecom
201949,106,Seed Technologies
150923,106,SISTEM INTERKONEKSI DATA
35177,106,PJSC Rostelecom
43837,106,Lukasz Pelka trading as VEGA
327898,106,CBC EMEA LTD
263650,106,Clicfacil Telecom
61109,106,Stadtgemeinde/Stadtwerke Imst
13428,106,Surf Air Wireless AS13428
34254,106,HOR.NET Polska
270020,106,T.V. SANV S A S (ALPAVISION HD)
34911,106,Eldata pražská
45706,106,Tele Globe Global PT
396998,106,Path Network Inc.
141907,106,PT Metrosolusi Teknologi Indonesia
265540,106,ALTAN REDES
51143,106,Informatika d.o.o.
26904,106,Nasulex Networks
213637,106,Siberdizayn Bilisim Teknolojileri A.S.
35900,105,Digicel Barbados
269846,105,T.V ZAMORA C.A.
149419,105,A.A Networks
8851,105,Nasstar
35444,105,Digicom Albania
210068,105,Avator-Group LLC
265096,105,PRGNET SERVIÇOS DE TELECOMUNICAÇÕES
64030,105,Politeknik Negeri Semarang
263735,105,SOCIEDAD BUENA HOSTING S.A.
202486,105,TSK LLC
263129,105,Wavemax Internet
11706,105,Terra Networks Brasil
202719,105,PRANET
63025,105,NOHAVPS LLC
264589,105,AGRESTE LINK
24232,105,NTT Global Networks Inc. AS24232
213398,105,Fibernet LLC
264100,105,RIO CABLE TELECOM
56099,105,Asian Vision Cable
59362,105,KS Network Ltd.
263435,105,MAIS NET TECNOLOGIA INTEGRADA
206341,105,Stadt Dortmund
52233,105,Columbus Communications Curacao N.V.
132974,105,Suraj Networks
64410,105,BELICOM.NET LLC
58289,105,KazNetCom
263702,105,Grupo ZGH
268447,105,A C M DA CRUZ TECNOLOGIA
271909,105,TELECOMUNICACIONES MANTENIMIENTO Y SERVICIOS P&C C.A.
208795,105,'Cloud Services Kazakhstan' LLP
139057,105,EdgeNext
266673,105,FLYTEC TELECOM SOCIEDAD ANONIMA
209181,105,Zenex 5ive
18200,104,O.P.T. New Caledonia
50512,104,JSC 'ER-Telecom Holding'
12511,104,Post CH AG
208126,104,ViNetwork Kft.
50782,104,CoSYS DATA GmbH
56550,104,STEL
50584,104,DOMINET Sp. z o.o.
37447,104,Orange RDC
9952,104,Hostway IDC
201086,104,SERVERPLUS
21365,104,MTS PJSC
139549,104,CRISPENT-AS
139967,104,Yasmin Amanah Media
214243,104,PacketsDecreaserNET
263539,104,NEW SYSTEM INTERNET
15997,104,Intelligent Technologies
13257,104,PJSC 'Vimpelcom'
271057,104,FIBERLINK TELECOM LTDA
262159,104,Digital TV CABLE DE EDMUND
263311,104,IP2 INTERNET
44615,104,PRO PLUS d.o.o.
152530,104,FELET SERVICES PRIVATE LIMITED
216030,104,GoodLeaf Hosting & Development LLC
266202,104,CROHMA SOLUCOES
48000,103,MTS PJSC
6711,103,HUNGARNET SZEGED
206021,103,Wirtschaftskammer Steiermark
54004,103,Lightpath
56791,103,Soyka Armavir
269708,103,ASN269708
23404,103,Ritter Communications
137552,103,Terabix
48323,103,PP Neiron Systems
3170,103,VeloxServ Communications
135419,103,Cableconnect
28999,103,Siportal Srl
133334,103,DCTV Cable Network Broadband Services
39650,103,Atrin Communications and Information Technology
266860,103,Conexion Digital Express Bogota
58791,103,GMO Internet West
137109,103,Grace Teleinfra
203568,103,Airband Community Internet
38661,103,abcle
64088,103,ioClinica India Private Limited
210356,103,KAUA REIS DA SILVA trading as BattleHost
273203,103,273203
197648,102,CLOUDLAYER8 LIMITED
269931,102,WIRELESS MULTI SERVICE VARGAS CABRERA
30975,102,Telewizja Kablowa Koszalin
31127,102,SATRO s.r.o.
199536,102,TechDigital
56466,102,Pars Fonoun Ofogh Information Technology and Communications Company LTD
272877,102,272877
204914,102,LABIXE
57026,102,JSC 'ER-Telecom Holding'
34577,102,SKAT TV
273309,102,ISPRO TELECOM
265010,102,ZAP NET LTDA
36968,102,ECN
50760,102,Mozhaisk Computer Networks Ltd.
20477,102,Randolph Telephone Company
50022,102,Kristelecom
272801,102,RED AMONES S.A.C.
266948,102,IBIUNET
52251,102,Alterplan Solutions SRL
401163,102,ACGNODE INC
13649,102,Flexential Internet Services
216382,102,LAYER MARKETING SERVICES L.L.C
17939,102,MCN Inc.
9351,102,ZTV
141004,102,QTIME BUSINESSES
268055,102,LOKAL ONLINE TELECOM SERVICO DE TELECOMUNICACAO
135173,102,INDIA METEOROLOGICAL DEPARTMENT
266152,102,PJM NET
149089,102,CLOUDFLY CORPORATION
55693,102,PT. Bangun Abadi Teknologi Indonesia
35911,102,Telebec
15763,102,DOKOM21
150861,102,POWERNET COMPANY LIMITED
196714,102,Thüringer Netkom
198551,102,Societe Atlantique de Telephonie et Communication SARL
58800,102,ACE IT Networks
9131,102,ChP Uspekh
136510,102,Streamline Servers Pty Ltd
13591,102,Metrored
266445,102,SEA TELECOM AS266445
140817,102,
150055,102,DIGITAL SNAP
16024,101,GELSEN-NET
56268,101,Northeast Dataa Network
43413,101,NEW TELEKOM spol. s r.o.
29177,101,Asco TLC
39878,101,Peter Rauter GmbH
25274,101,Naracom
206276,101,Citelia
265464,101,EstacaoNET TELECOM
54523,101,Warm Springs Telecom
51592,101,OOO Svift Telecom
4758,101,National Informatics Centre India
58121,101,
62419,101,I.Q Online for Internet Services and Communications LLC
267612,101,UNIAO DIGITAL TELECOMUNICAÇÕES
43826,101,CSIT LLC
57534,101,PE Ahmedov Alil Aliomarovich
61751,101,SINTNET-TELECOMUNICACOES E INFORMATICA LTDA
135405,101,TMHTTWTL-AS-AP
42083,101,Guneydogu Telekom
28652,101,Telecomunicações Nordeste Ltda.
58079,101,Skynet Ltd
263791,101,REFSA TELECOMUNICACIONES
57653,101,Central Technology Ltd
48881,101,DATA NODE SRL
54218,101,Berenet
134419,100,Beihai
31143,100,COSMOS TV
209709,100,code200
51521,100,Resident Control Telco s.r.o.
60855,100,DINSIC
201603,100,AIRNET
200950,100,Lyratris Limited
209728,100,Expert Telecom LLC
137385,100,Asian Network
49784,100,Netvisit B.V.
48781,100,AVK-computer
28769,100,Joint Stock Company TransTeleCom
58485,100,WIFIAN ID
50448,100,System Service Ltd.
60175,100,WORTMANN AG
139972,100,PLBNET
50633,100,NET-CITY
197181,100,Netico sp.j.
50469,100,HessenKom GmbH & Co KG
206433,100,SITA Switzerland Sarl
214079,100,LendNodes
209103,100,Proton
262342,100,WZNET TELECOM
267514,100,Otima Telecomunicações Ltda ME
396948,100,Kamatera Inc.
1887,99,NAUKOWA I AKADEMICKA SIEC KOMPUTEROWA - PANSTWOWY INSTYTUT BADAWCZY
36864,99,Afribone Mali
205285,99,Kapulan Kft.
61028,99,Stadtwerke Schwedt GmbH
262532,99,VAS Freitas Servicos de Internet
58056,99,siaIT d.o.o.
208226,99,OuiHeberg
271662,99,ULTRAXX SERVICOS DE CONECTIVIDADE LTDA
48547,99,Mac Tower Ltd
34858,99,Telezon-Seti LLC
265144,99,MCD INFORMATICA E TELECOMUNICACOES
23314,99,Summit Broadband
22726,99,C.A. Vencemos
205368,99,Fnet
21310,99,Satellite Ltd
52739,99,PROVEDOR INTERSOUSA
269519,99,UAU TELECOM PROVEDOR DE INTERNET
273971,99,COOPERATIVA DE SERVICIOS PUBLICOS DEL CAMPILLO LIMITADA
37030,99,PPL NET GHANA LIMITED
213369,99,Sfera Telecom LLC
24758,99,Mikroel Ltd
132923,99,VIHAAN TELECOMMUNICATION
52768,99,Alsol Provedor de Internet
45331,99,I-CITY
3449,99,Universidad Nacional de Buenos Aires
42905,99,Limanet
134860,99,Entire Cable And Broadband Opc
44895,99,MTS PJSC
25011,99,OeBB Infrastruktur
137361,99,DISKOMINFO Kab. Magelang
49848,99,Firm Svyaz Ltd
41230,99,ASK4 Ltd
141295,99,Madhya Pradesh Agency For Promotion Of Information Technology
210625,99,Wecom Mobile Ltd.
29443,99,PP Technical Company Mega
56377,99,JSC 'ER-Telecom Holding'
48294,99,Ogi
46805,99,CACHED
214403,99,Layer7 Networks GmbH
56158,99,Digital world data online company
204356,99,HI SPEED NET WORK
8522,99,FORTH
57960,98,
61087,98,DGTL TECH UK LLP
11081,98,United Telecommunication Services UTS
20686,98,Bisping & Bisping GmbH & Co. KG
24663,98,COMPLAT-TELECOM
48148,98,SVIAZATOMINFORM Ltd. Company
270961,98,SIM INTERNET PROVEDORES DE INTERNET
37287,98,Zain Zambia PLC
39544,98,VOe multimedia SA
59515,98,Inter.Com Ltd
19332,98,Marcatel COM
400799,98,Pufferfish Studios
57333,98,ASKASPIYTELEKOM
28130,98,Certto Telecomunicações
268625,98,NETFAST TELECOMUNICACOES E MULTIMIDIA LTDA
262958,98,CARRARO HAINOSZ & CIA LTDA - ME
140174,98,Mithril Telecommunications
18429,98,Extra-Lan Technologies
263998,98,SIM FIBRA
141688,98,Telangana Fiber Grid
60377,98,toob
133180,98,Starbow Ltd.
52426,98,I-SUR WISP S.R.L.
264847,98,ENRED S.DE.R.L
197350,98,AL Zaytona
135738,98,Adn Broadband AS135738
266333,98,EBER ADRIEL CREPALDI PERNAS - ME
263903,98,INFORBARRA TELECOM
28658,98,Gigalink de Nova Friburgo Soluções em Rede Multimedia
264489,98,P V VILARINHO CAMPELO PROVEDOR
37688,98,BACKBONE CONNECTIVITY NETWORK (NIGERIA) LIMITED
138043,98,T Network
135909,98,Information Technology Park - Vietnam National University Ho Chi Minh City
51791,98,VENTURES-DC-VERI-MERKEZI-HIZMETLERI
17766,98,Nexon
199173,97,TechnoLux Ltd.
34985,97,Net Innovation LLC
8590,97,Bayerische Motoren Werke Aktiengesellschaft
205294,97,Thermo Electron Ltd
28026,97,Airsat
263686,97,INET Communication
53856,97,NJ IX
53118,97,Netline Telecom
52560,97,Atualtek Telecom
13055,97,MTS PJSC
132080,97,M.A.T Co. Ltd.
262535,97,Flash Net Brasil Telecom
34080,97,MIRAMO-AS
43885,97,INSTAL MATEL
267537,97,NETFLESH TELECOM E COM DE PROD DE INFORMAT LTDA-ME
273884,97,SISTECOM S.A.
135987,97,Reload Company Limited
11961,97,Mid-Rivers Telephone Cooperative
262509,97,CONEXAO - TELECOM. E INTERNET LTDA
267214,97,CLICKPLAY PROVEDOR DE ACESSO
28153,97,Micropic
267101,97,ACB INFO TECNOLOGIA
12406,97,Business Network Ltd
56684,97,Oscar Downstream SRL
149662,97,IDNIC-HOSTNETGLOBAL-AS-ID
202616,97,Wien Energie Superschnell
13189,97,Lidero Network
262343,97,Net Aki Internet
132462,97,BerlinGermany
133929,97,TWOWIN NETWORK
273076,97,RADANET SRL
34337,96,ELPOS
201664,96,NetWarm LTD
215920,96,Vincotech Hungaria Kft.
35540,96,OVH Telecom
42014,96,Chumachenko Dmytro Stepanovych
52420,96,ITC Comunicaciones IP SA
215623,96,OOO 'LUGALINK'
44032,96,PP 'TRC'City TV center'
52737,96,Floriani Serviços de Telecomunicação Ltda ME
35745,96,Provector
48683,96,Bilink
139506,96,Uniqe Telecare Pvt Ltd
50009,96,QUARTZ TELECOM
47790,96,Netfala
264442,96,Tamar Comercio e Equipamentos para Informática
262403,96,NetWay Telecom
18313,96,PCN
47849,96,Global Communication Net Plc
21782,96,Plateau Telecommunications
150104,96,
28169,96,Bitcom Provedor de Servicos de Internet Ltda
269557,96,CIA NET INFOR SOLUCOES EM INFORMATICA LTDA
61400,96,NETRACK
56701,96,AVANTA TELECOM
262485,96,S.C. RIO TELECOMUNICACOES E INFORMATICA LTDA
50538,96,Petrosvyaz
59796,96,StormWall
29691,96,Nine Internet Solutions AG
202662,96,Hytron Network Services Limited
13292,96,Willibald Hambammer trading as BK-DAT Electronics e.U.
61826,96,Nexthop Informatica
33965,96,Litecom AG
61154,96,IntegraDesign
6407,96,Primus Telecommunications Canada Inc
200200,96,Iraq Al-wataniyah
64114,96,TecnoWeb
265748,96,GLNet SRL
39737,95,Prime Telecom
59584,95,INDIKOM LLC
34150,95,JSC 'ER-Telecom Holding'
34373,95,XXLnet B.V.
266953,95,Argo Provedor
10036,95,DLIVE
29050,95,Terrecablate
50231,95,Syrion
5009,95,REV
35765,95,Gemeindewerke Telfs GmbH
14237,95,Beamspeed
215184,95,MoeChuang Network-215184
270391,95,Raiznet Telecom Ltda
208087,95,Novosibirsk Telecommunication Company (Ulan Ude)
28536,95,Mexico Red de Telecomunicaciones S. de R.L. de C.V.
58656,95,bdHUB Limited
39375,95,Telekomunikacja Podlasie
137622,95,Royal Connect Solutions
263922,95,SPEED TURBO TELECOM
55805,95,MobiCom Corporation
199724,95,TeknoDC Bilisim Teknolojileri A.S.
34814,95,Osnova-Internet LLC
204510,95,Luzerner Kantonsspital
149680,95,CV Restu Media
53135,95,Brasil TecPar (Intnet)
208570,95,Spark Technical Services for Communication
48409,95,NTK Ltd.
196755,95,Sewan Belgium
20886,95,bn:t Blatzheim Networks Telecom
264927,95,Abenet Provedora de Acesso a Internet
200359,95,Grupo Proveedor tecnologico Universal SL
59395,95,Southern Communications
34743,95,NASHNET
36955,95,Matrix Telecoms
39007,94,Balticum TV
271929,94,INTERCOMMERCE
138608,94,Cloud Host Asia
197398,94,TES Media s.r.o.
21182,94,Opole University
24589,94,Telenet SIA
270058,94,CABLE CENTRO SOCIEDAD ANONIMA
57112,94,F2X Operator B.V.
268002,94,INFORME SERVIÇOS DE PROCESSAMENTO DE DADOS LTDA
61482,94,CONVERGIA
28048,94,Internet Para Todos
53850,94,GorillaServers
50648,94,PE UAinet
41668,94,JSC 'ER-Telecom Holding'
263677,94,Netglória Serviços de Internet Ltda
135876,94,AT Broadband
135887,94,Belong  (Telstra Corporation Ltd)
198282,94,CAH Building s.r.o.
264966,94,UNDERCORP TELECOM LTDA.
48676,94,LLC 'Svyazenergo'
8304,94,Ecritel
38277,94,CommuniLink Internet Limited.
52866,94,Brasil TecPar (iVeloz)
209196,94,Elektronet Zrt.
51819,94,ER-Telecom Holding
37616,94,Airtel Gabon
207821,94,Internetbolaget-de
146907,94,
25697,94,UpCloud USA
49601,94,UNITEL-MEDIA Sp. z o.o.
151506,94,WPTECH
51540,94,Fikri DAL
39257,94,carrierwerke
214657,94,
150941,94,PT Duta Trans Nusantara Network
44291,93,Infomir
141265,93,Nextgen Broadband
201299,93,BWI GmbH
262755,93,AONET TELECOM
8823,93,rockenstein AG
44631,93,Condornet
16205,93,DSI NET
3399,93,Obenet
49136,93,OJSC Telecommunication networks
57568,93,ARVANCLOUD GLOBAL TECHNOLOGIES L.L.C
3205,93,Electron-Service Ltd.
34559,93,SvyazResurs-Region LLC
212286,93,LonConnect Ltd
57808,93,SATDV AMK
52232,93,Telefonía Pública y Privada
62150,93,BARS Group JSC
327738,93,STE AFRICELL RDC
152769,93,Gopal Networks
37219,93,ICT Authority Kenya
37356,93,OTEL Telecoms
28100,93,Cooperativa Villa del Rosario (Coovilros)
43022,93,Seech-Infocom
271484,93,NORT TELECOM
206281,93,Vimexx
140975,93,Comsat Cable Supplies and Services
57197,93,Shaporenko Yuri Nikolaevich
141031,93,Connect Communications pvt ltd
9008,93,Visual Online S.A.
16906,93,El Salvador Network S. A.
35372,93,GeniusMind S.A.
57077,93,AB-NET s.r.o.
25,93,UCB
56530,93,PROTEL SAL OFFSHORE
52173,92,Sia Nano IT
44592,92,SkyLink Data Center
199250,92,Centrum Komputerowe PARTNET Mirosław Wolszlegier
13054,92,badenIT
1741,92,CSC/Funet
214202,92,Hassleholms kommun
41421,92,Starnet Telecom Sp. z o.o.
51399,92,Fiberway
29396,92,Eurofiber AS29396
49558,92,IT-Yaroslavl Ltd.
134922,92,R G TECHNOSOLUTIONS
271074,92,Brasil Fibra Internet
154031,92,Sierra Communications
17,92,PURDUE
58291,92,ColoCenter
272991,92,NEWTEK S. DE R.L C.V
62300,92,Address Limited
21788,92,BurstNET Technologies Inc.
263170,92,Netsys
201819,92,Uslugi Internetowe 'MAJESTIC' MICHALINA SIWEK-MIEKUS Sklep Odziezowy 'Anna' SIWEK - TRADE
267429,92,GRAFNET TELECOM
48101,92,Trooli
57141,92,TELWAN
25375,92,Leunet
327987,92,Tech5
50466,92,Noutek Ltd
17849,92,SK Broadband Co Ltd
273093,92,WISP TECNOGER
131711,92,PT Global Teknologi Teraindo
137510,92,JENEXUS
37593,92,Infrasat
133652,92,Zapbytes Technologies
42893,92,Nord-West Link
33647,92,Yadkin Valley Telephone
265369,92,C-ComTelecom Servicos
140457,92,Ikhlas Cipta Teknologi
263821,92,Soluciones Favorables
57993,92,FOP Khalik Andrey Volodumurovuch
59573,92,Sari System Bandarabas Company LLC
215618,92,Oksitweb Bilisim Teknolojileri Sanayi Ticaret Limited Sirketi
44313,92,Set Service
43370,92,OBIT-KZ-AS
47394,92,Albanian Satellite Communications
210015,92,Interface Services LLC
215531,92,Komuta Savunma Yuksek Teknoloji Limited Sirketi
56864,92,WellServer
39948,92,Wi-Fiber Inc.
20255,91,Tecnowind
8937,91,VSE NET GmbH
11796,91,WIN Technology
396338,91,Altima TRT
197886,91,Flashnet Kft
50920,91,Kabel Braunau GmbH
199811,91,Wifx
207156,91,Laito Sp. z o. o.
8290,91,Slovanet a.s.
34820,91,DELTA ONLINE
394177,91,Shift Hosting
17529,91,STARCAT CABLE NETWORK Co .LTD.
329095,91,AFRIMETRO
271416,91,Cuiabá Telecom
135700,91,N R DATA SERVICE PVT LTD
49350,91,MTS PJSC
56293,91,Kewiko
208988,91,Buchholz Digital
263508,91,SIMNET TELECOM
147003,91,ALLIANCE INTELLIGENT TECHNOLOGIES PTE. LTD.
20283,91,CONSOLIDATED TELEPHONE AS 20283
2585,91,Optic Telecom LLC
12436,91,Bergon Internet Ltd.
23114,91,Critical Hub Networks Inc.
50274,91,Alfanet LLC
198307,91,TPV AUTOMOTIVE d.o.o.
37035,91,HONORA Tanzania PLC
153283,91,Softcrop It
52307,91,CORPICO LTDA
204297,91,LLC ' Belgorod Networking Telecommunication Company'
60980,91,45KA
38224,91,Rediff.com India Limited
1729,91,Telia Company AB
5482,91,AllPoints Fibre Networks
58327,91,FIBERGREEN TECNOLOGICAS S.L.
263011,91,6P Telecom Ltda
37608,91,iRENALA
267507,91,SRX
60098,91,Insit-Invest
8278,91,Technical University of Crete
153236,91,V3CONECT-AS-IN
196645,91,HOSTPRO LAB LLC
33335,91,Heaviside Hosting LLC
214618,91,Hack The Box
262887,90,RAPIX - LUIZ GUSTAVO GOES DE CASTRO ME
142616,90,Misaka.io @ Japan
37453,90,Vodacom Congo
35007,90,Miconet
16371,90,Acens Technologies
40306,90,ViaSatInc.
49605,90,IVO by D.t.s. S.r.l.
197854,90,Eisenia AB
50577,90,INTELSC Ltd
22581,90,Broadband VI LLC
132343,90,SUNGROUP-IN
35018,90,Sibirskie Seti Ltd.
270690,90,EDIVAM FRANCI ALVES
45382,90,EhostICT
142370,90,Master Star Network
271618,90,Virtual Revolution Fibra Telecomunicações
263256,90,PROVEDOR DE INTERNET EXTREMA
211559,90,Vodafone Qatar P.Q.S.C
17429,90,bgctv
28773,90,Global Technology Ukraine
60647,90,MERT TURKOGLU trading as DATAHOST INTERNET VE BILISIM TEKNOLOJILERI
270987,90,N. J. DOS SANTOS SANTANA - ME
266207,90,Onitel
138368,90,INSTACOM Pvt. LTD
208142,90,LLC Rocket Telecom
201364,90,Teknoboss
136093,90,Mitra Lintas Multimedia
8847,90,Telecomm Technology
132817,90,DZCRD Networks Ltd
200838,90,
44209,90,PowerNET AS44209
136556,90,M/S BD ONLINE SYSTEMS
18390,90,Spin Internet Services
264552,90,Brasil TecPar (Justweb)
133643,90,BASIS Technologies
271971,90,CABLE SATELITE
40401,90,Backblaze Inc
267679,89,BUSAJM MARIANA (RACK DIGITAL)
265816,89,DELCO IMAGEN
202914,89,Adeo DC
132585,89,SkyExchange Internet Access
17608,89,ABN
49864,89,ECS Rockenschaub GmbH
199155,89,Direcao Geral de Estatisticas da Educacao e Ciencia
202050,89,STIMO.NET Sp. z o.o.
35434,89,PirxNet Grzegorz Bialas
50625,89,Krosnienckie Centrum Informatyczne 'Krosoft'
266483,89,CIANET TELECOM
262992,89,CONEXAO SERVICOS DE COMUNICACAO MULTIMIDIA LTDA-ME
34047,89,HISP D-Group
58640,89,NEXTRA COMMUNICATIONS PVT. LTD.
51013,89,Websupport
197015,89,Individual Entrepreneur Antipov Andrey Vyacheslavovich
16863,89,Home Telecom
139959,89,Universitas Pembangunan Nasional 'Veteran' Jakarta
28249,89,EMPRESA EDITORA A TARDE S.A.
140469,89,Wahyu Adidaya Network
203591,89,Tecno General srl
133660,89,E-Infrastructure and Entertainment India Pvt.
49743,89,FineMEDIA
266433,89,Super On Telecom
134329,89,Shree rajrajeshwar communication pvt. ltd.
197635,89,ETI Elektroelement d.d.
61102,89,Interhost Networks
204932,89,George Sgouridis trading as Friktoria.com - Data Center Services.
262545,89,Mandic
44664,89,M-TEL
133815,89,Primacom Interbuana
263612,89,Ip Carrier Telecom
271402,89,Live Conect Telecomunicações Ltda.
200521,89,Ministerio De Economia Comercio Y Empresa
44318,89,Lanet Network AS44318
328184,89,UNIVERSITY OF HEALTH AND ALLIED SCIENCES
5504,89,LOGOSNET
133878,89,UNICOM NEW ZEALAND LIMITED
50564,89,CARTAGO TELECOM S. L.
137678,89,Protoact Digital Network
56383,89,NordSky LLC
34918,89,Pishgaman Toseeh Ertebatat Company (Private Joint Stock)
43581,88,ZTV CORP LLC
12767,88,T-Systems CZ
34989,88,ServeTheWorld AS
213693,88,IDPerformance idhosting
25668,88,AEBC Internet Corp.
57846,88,Satortech S.R.L.
42038,88,Vladivostokskaya Set Ltd
146904,88,MICRONET GIGAFIBER PVT LTD
35457,88,Etisalcom
18318,88,SPEEDON
147314,88,IP Communications Limited
269553,88,REDE ONLINE INTERNET
47132,88,Innonet ICT-Services GmbH
59793,88,Corporate Internet Service Provider LLC
32133,88,Ting Fiber (Backbone)
395111,88,KVCHOSTING.COM LLC
7795,88,LUMOS Networks Inc.
38562,88,Innovative Online
30982,88,CAFE Informatique et telecommunications
57888,88,TELESAT-AS
262494,88,VIRTEX TELECOM
197882,88,TarinNet
33993,88,UFO Hosting LLC
133246,88,softnet network
47120,88,Diamond Informatics GmbH
273744,88,MOG LTDA
63567,88,Suqian Pugongying Network Service Co.Ltd
60494,88,AIRE NETWORKS DEL MEDITERRANEO SL UNIPERSONAL
265192,88,MNET LTDA
6282,87,Fiber Optical Network LLC
36920,87,KKON Technologies
215704,87,NGN CZ s.r.o.
197550,87,Internet4you.cz spol. s r.o.
197013,87,Sprintel s.r.o.
48284,87,SWU TeleNet GmbH
30729,87,TRANSFER Ltd.
57456,87,Rosintek
39944,87,3U Telecom Inc
49635,87,CLOUDING
268255,87,FIBRANET BRASIL
271008,87,RSCONNECTION TELECOM COMERCIO E SERVIÇO
328631,87,TWC Hosting
3258,87,xTom Tokyo
12688,87,Joint Stock Company TransTeleCom
268131,87,MIX NET TELECOMUNICAÇÕES
265406,87,Web River Telecom
213881,87,OUR Technology LLC
58381,87,Wowrack Indonesia
38805,87,STX Citinet
264520,87,Radioscan Telecom Com. De Compon. Eletr. Ltda-EPP
327975,87,ILNET TELECOM GROUP SARL
58762,87,Candor infosolution
329535,87,ONSITE AFRICA LTD
37305,87,Frontier Optical Networks
216058,87,Proitlab LLC
57608,87,DGNET
13041,87,CSUC
12150,87,COTELCAM
41727,87,JSC 'ER-Telecom Holding'
135755,87,Fiberlink Communication
8870,87,Overseas Technologies
36180,87,Cisco IoT
37605,86,I-WORLD NETWORKS
269070,86,Hostzone Tecnologia LTDA
12759,86,SOCO Network Solutions GmbH
208235,86,Link2Air GmbH
48789,86,RFC Internet
203778,86,SPEED-NET Arkadiusz Broniecki
12941,86,intersaar
31472,86,VoiceHost
29492,86,EIDSIVA DIGITAL AS
43848,86,Gamsjaeger
141767,86,C G Communications Pvt. Ltd
206438,86,MX-NET Telekomunikace s.r.o.
48207,86,GLB Bulut Teknolojisi Limited Sirketi
62370,86,Snel.com B.V.
28349,86,TVC Tupa
151650,86,SWITCH FIBER
266223,86,WALTER ELIAS VILLA
30041,86,Race Telecommunications LLC
262875,86,IP AMERICA TELECOM
43991,86,Voronezh Telecom LLC
137690,86,ZaozhuangShandong Province P.R.China.
37703,86,ATLAX
21559,86,OSNET
60447,86,I NET BULGARIA
266504,86,GTXNET SOLUCOES INFORMATIZADAS
37184,86,Powertel Communications
147231,86,Saptranet India Pvt Ltd
6846,86,UKRPACK
267091,86,Veloce Telecom
45754,86,Clear Path Networks
47114,86,ZlinNet
263495,86,INFOSERVIC INFORMATICA TELECOMUNICAÇÃO
44352,86,I.T.T. Tehnologiya LLC
267601,86,Brasil TecPar (Primatec SD)
39578,86,Ltd 'Maxima'
151373,86,JAPAN 3D PRINTER
272854,86,TELECOMUNICACIONES SILVERDATA C.A.
266044,86,NICNET S.A.
197453,86,Biz Telecom LLC
264688,86,RperezNet
139481,86,Airmimo Networks Private Limited
269396,86,UNIR TELECOM
268120,86,Garden Telecom
150980,86,PT Menara Digital Salama
204818,86,HOSTEUR
199526,86,Mohammed Hamoud Alshaya Co. W.L.L
264025,86,Arroba Banda Larga
396527,85,Massachusetts Institute of Technology
44222,85,CLOUDITY Network
24971,85,MasterDC
45177,85,Devoli
28136,85,ASN28136
138943,85,Connectnet Services Limited
61424,85,eServer s.r.o.
20412,85,Bluepeak
11525,85,NineStar Connect
205928,85,Evex Hospitals JSC
63383,85,Airwave Networks
2711,85,Spirit Communications
265605,85,VELOCOM SA DE CV
29031,85,Lugansk Telephone Company
149107,85,TRUMVPS COMPANY LIMITED
267531,85,MBN-INFORMATICA
8948,85,099 PRIMO COMMUNICATIONS LTD
138109,85,Rasi Bintang Perkasa
49588,85,CDC.UA
8365,85,MANDA
43242,85,Aydogan Communication LTD.
13693,85,NTS Communications
209309,85,
199496,85,E-PORTS AMPLE DE BANDA I INTERNET
273090,85,Holanet
262469,85,WISP ICONECTA SERVICOS DE REDE LTDA
37629,85,eStream Networks
59790,85,Marco Bungalski
198906,85,InterArena
28876,85,suec//dacor GmbH
18004,85,SMARTFREN TELECOM Tbk
196883,85,MT-NET
60029,85,'TV Mytischi' MAU
47562,85,Fast Link
51964,85,Orange Business Services - DSL2VPN
57606,85,Proxis spol. s r.o.
28218,85,TCVNET
393559,85,WEBBING-USA
267620,85,FIBRANET INFORMATICA
214530,85,GLIGA COMIMPEX SRL
11377,85,SendGrid
197307,85,Core4Net
64315,85,MITRA VISIONER PRATAMA
5692,85,Universidad Nacional de La Plata (UNLP)
35758,84,HQserv Networks
132447,84,Hutchison Telecommunications Lanka
49282,84,Glesys AS49282
44073,84,Zdravstveni Dom Ljubljana
42927,84,S-NET Sp. z o.o.
6863,84,OJSC Rosnet
139510,84,Thrishul Broadband Private Ltd
150197,84,Curug Lintas Indonesia
43786,84,PP NVF Sistema i Tehnika
17035,84,NBCUniversal
4850,84,Digicom LLC
49461,84,PP 'Podilsky Intelectualni sistemy'
201079,84,GarantiServer Datacenter
36218,84,hosting.com CAN1
267638,84,Wind Telecomunicação do Brasil Ltda - ME
265245,84,GRUPO LG
49278,84,IKT-KAPASITETER
328223,84,VOIPTECH
56373,84,Wave
21191,84,Joint Stock Company TransTeleCom
272851,84,GIGA FIBRA
139565,84,Kord Broadband Services
135845,84,Krishiinet Infocom
266353,84,REDE BJNET TELECOMUNICAÇÕES LTDA-ME
135715,84,INet Services Pvt Ltd
61775,84,AW Fbra
55492,84,Dhaka Fiber Net Ltd.
262316,84,Ateky Internet
264566,84,INTERNET O SUL COMÉRCIO E SERVIÇOS
52674,84,Brasil TecPar (NeoGrid)
28073,84,Cooperativa de Electricidad de Trenque Lauquen
133662,84,SHREENET
28878,84,Signet B.V.
21228,84,VINASTERISK PP
42013,84,Together Communication
25591,84,BCLan LLC
63014,84,MPEA-MCCORMICK-PLACE
209206,84,VORONEZH TELECOM LLC
52125,84,FOP Samosenok Alexandr Sergeevich
140974,84,Mengly J. Quach Education PLC
46320,84,BLU
60439,84,SERVERNET INTERNET LIMITED
18526,84,DDPS Networks (Global)
48944,84,Khalij Fars Ettela Resan LTD
153377,84,Extent Technologies Limited
135310,83,Inspire Broadband Bangladesh
149971,83,Jujur Amanah Barokah
39962,83,PRETECS NETWORKS INC.
29086,83,GiTy
206957,83,KARIO-SAT
25460,83,The Networking People (TNP)
39555,83,Stadtwerke Schwaz GmbH
61678,83,NETWAY INFORMATICA
17098,83,Brownrice Internet Inc.
51172,83,Kauno Technologijos Universitetas AS51172
135386,83,LinkChina Telecom Global Limited.
43574,83,PJSC Rostelecom
267464,83,SMARTLINK TECNOLOGIA EM INTERNET
19422,83,Telefonica Moviles del Uruguay
28664,83,Brasil TecPar (iVeloz T-Leste)
269809,83,ESTRELLA JORGE ALBERTO (GLOBALWIFI)
52327,83,Summit SA
19955,83,Pineland Telephone Cooperative Inc.
44051,83,Fornex Hosting - Germany
24881,83,Interphone Ukraine
268335,83,ORACLON TELECOM
42189,83,Druzstvo EUROSIGNAL
7063,83,LESTE FLU SERVIÇOS DE TELECOM
12739,83,Netline Russia
53181,83,K2 Telecom e Multimidia
17054,83,Expedient
2027,83,MilkyWan
60872,83,KTI ltd
61116,83,PE Starukh Vadim Vladimirovich
38107,83,CDNetworks
42912,83,Al mouakhah lil khadamat al logesteih wa al itisalat
206491,83,BANATSYNC
37662,83,WIOCC
50949,83,Agronet LLC
57154,83,Stadtwerke Konstanz
25543,83,ONATEL (Office National des Telecommunications PTT)
9365,83,its communications inc
207569,83,I-SERVERS LTD
201250,83,Zelenaya Tochka Lipetsk LLC
207097,83,Online Company
210759,83,Stadt Bremerhaven trading as Betrieb fuer Informationstechnologie Bremerhaven
50289,83,Limited Liability Company WELLCOM-L
393653,83,Wizard Tower Techno Services
141856,83,A S C S C DIGITAL
136332,83,Adri Infocom Pvt Ltd
205676,83,Data Center Experts
197922,83,Techcrea Solutions
262777,83,Neolink Telecom
27988,83,Servicios y Telecomunicaciones
152979,83,Vietservice Technology Company Limited
265573,83,NEUROTECH DE LA LAGUNA SA DE CV
7488,82,CnServer LLC
268935,82,VibeNet Telecom
25417,82,Ljusnet
152790,82,CV Arunika Investama
12046,82,Malta Internet Foundation
47273,82,Artus
35579,82,Kelag-Connect
266106,82,J.R da Silva Almeida-ME
212000,82,1337 Hosting Solutions
203481,82,AstanaMegatel Ltd.
266798,82,UNE COMUNICACIONES
151732,82,Onremote Telecom
42000,82,Kaora
200582,82,LLC O-NET
6614,82,U.S. Cellular
52705,82,FRANET TELECOM
52601,82,FAXT Telecomunicações Ltda
60388,82,Transneft Telecom
12556,82,Internet Solutions (Kenya)
28328,82,EBR Net Serviços
136639,82,Scud Communication
269037,82,L2M TELECOMUNICAÇÕES EIRELI
43428,82,Yahoo-UK Limited
152644,82,QINIU (CHINA) limited QINIU (CHINA) limited
265018,82,JS SERVIÇOS E TELECOMUNICAÇÕES
53221,82,ENGETRONICS Internet Datacenter
28447,82,28447
48695,82,Etihad Atheeb Telecom /GO Telecom
202004,82,GreenLan Fiber sp. z o.o. sp.k.
58080,82,Honar Rayaneh Pooya Andisheh PJSC
12831,82,Technical University of Gdansk Academic Computer Center TASK
58923,82,InterCloud BD
30998,82,Netcom Africa
6820,82,Communications Informatics Ltd.
211409,82,FoxiBytes LTD
142594,82,SpeedyPage Ltd
38253,82,Hanoi Telecom JSC
31362,82,NETPROTECT SRL
13886,82,Sipbound Corporation
64026,82,Pemerintah Kabupaten Cirebon
42427,82,Mimecast Services Limited
268953,81,G6 TELECOM
213852,81,Tose'e Shabakeh Azad Ltd
27653,81,Digicel Haiti
138179,81,PACIFIC MOBILE TELECOM
48252,81,Digicel AFG
50031,81,ZALASZAM
213080,81,Oberoesterreichische Gesundheitsholding GmbH
200780,81,Eurofiber France - Appliwave
44086,81,Tonetic
41960,81,Nextpertise
35199,81,ENFORMATEL
37020,81,Airtel DRC AS37020
262893,81,P4 TELECOM LTDA
399898,81,Conexon Connect
270282,81,SIMONE BARBOSA DO NASCIMENTO SOUZA COMUNICAÇÃO
38868,81,Universiti Putra Malaysia AS
53047,81,Intercol Telecomunicações
267991,81,TURBO NETWORK SERV DE COMUN E MULTIMIDIA
38067,81,Radiant telecommunications
37333,81,Comtel Communications
57844,81,SPDNet Telekomunikasyon
262490,81,Ambiente Virtual LTDA
198154,81,Pars Abr Toseeh Ertebatat Company
60016,81,Fiberstream 87 AG
9294,81,GNET INC.
269073,81,NipTelecom Telecomunicacoes LTDA
44769,81,Bosnet Aktiebolag
53005,81,CONNECT TELECOMUNICACOES LTDA
14992,81,NewtekOne Inc.
8469,81,CANCOM Managed Services GmbH
262869,81,G1Telecom Provedor de Internet
48416,81,INFOLAN-AS
57016,81,ISTV
138346,81,Sajid Trading Ltd.
52945,81,E&L Producoes de Software LTDA
264221,81,phase projetos e serviços de engenharia
263763,81,REDES HIBRIDAS S. A.
139230,81,HAMS Garments Ltd
197023,81,MTS PJSC
138004,81,MISL-AS-AP
42683,81,JSC 'ER-Telecom Holding'
59211,81,OneAsiaHost
21458,81,KfW Kreditanstalt fur Wiederaufbau
207677,81,Volkov Pavel
153135,81,PT Netindo Persada Nusantara
58048,81,Bezheckaya Internet Company ltd.
43824,81,Dataprolinks
64013,81,Yancy Limited
53233,81,V2Net - Provedor de Internet
13022,81,Streams Telecommunicationsservices GmbH
28171,81,S.O. DO BRASIL
48551,81,Sindad Network Technology PJSC
57367,81,ATMAN XaaS
215859,80,Hetzner Online Cloud 4
263645,80,Vero Internet AS263645
47917,80,RTV Slovenija
50195,80,Univerza v Mariboru
44549,80,Mega M
35046,80,OMEGA plus Chrudim s.r.o.
58906,80,Shivansh Infotech
15146,80,Cable Bahamas
266192,80,LP PROVEDORA DE INTERNET E INSTALAÇÕES DE REDES TE
27866,80,Compañía Paraguaya de Comunicaciones S.A. - 2
28949,80,Technical University of Sofia
132220,80,JPR Digital Pvt. Ltd.
271267,80,Vision Connect Telecomunicaçoes Ltda Me
56456,80,C2NET s.r.o.
273878,80,M@STV PRODUCCIONES S.A.S
48289,80,Dadeh Pardazan Sabz Alborz Co.(P.J.S.)
1113,80,Technische Universitaet Graz
269806,80,FASTNETT
267685,80,SIRIO TELECOMUNICACIONES
20205,80,Amplex Electric
47564,80,Tonus
45499,80,Cablelink & Holdings Corp. Transit AS Internet Service Provider Philippines
35566,80,Kar-Tel LLC
198935,80,CYBERNET WMW Sp. z o.o.
51191,80,Xirra
39869,80,Sitel sp. z o.o.
263980,80,G3 Telecom EIRELI
141805,80,HUBCOM-AS-IN
39662,80,Finnish Transport and Communications Agency
206575,80,DataBox
47237,80,NUR Telecom Bishkek
134651,80,Yetoya Solusi Indonesia
400810,80,BreezeHost.io
211258,80,Federal state autonomous institution of higher education 'Moscow State Institute of International Relations (University)'
137093,80,Arjun Infotech
42676,80,Joint Stock Company Smartkom
44400,80,Ertebatat Sabet Parsian Co. PJS
198178,80,365.partners INC
12564,80,Council of Ministers
197311,80,Juzhnye telefonnye seti Ltd
264459,80,ALTERNATIVA INTERNET
51095,80,EdgeUno MEA
60840,79,OJSC Telecom-Service
38442,79,Vodafone Fiji
64126,79,DOMINICAN TELECOM PRIME DTP
202357,79,Sopharma Trading Jsc
134911,79,Sigaram Networks
198397,79,KRUCZNET-AS
13119,79,Akademickie Centrum Informatyki ZUT
198433,79,CKW Fiber Services
268613,79,Vero Internet AS268613
59600,79,Atlas Telecom Ltd.
269003,79,NILCIANE ALMEIDA DA SILVA
49478,79,Provodov.net
271392,79,Expressnet Telecom
135259,79,SKYLINE INFONET
328939,79,Sprint Internet Ltd
43670,79,New Telecommunication Company Ltd.
204554,79,PRESTIGE-AB Ltd
152542,79,MEGAPRIME NETWORK PVT LTD
150315,79,Virtury Cloud Pakistan
262544,79,Sulcom Informatica LTDA
263751,79,CASAVISION
6828,79,
23756,79,Padi Internet PT
34359,79,Link Telecom Ukraine AS34359
267195,79,REDE TELENEW EIRELI - ME
16099,79,Hauptverband der oesterreichischen Sozialversicherungstraeger
137342,79,DISKOMINFO-TANGSEL
264564,79,TELECAB TELECOMUNICACOES LTDA
138074,79,WowNET
58971,79,Shine Communications
263297,79,Vero Internet AS263297
36963,79,Orange Botswana
52447,79,Cooperativa Cootelser Ltda. - Santa Clara del Mar B.A. Argentina
329387,79,Skylink Networks LTD
45365,79,JBTV
49893,79,Bitrace telecom Ltd.
52175,79,Magellan Telecom Kuzbass Ltd.
200683,79,Elektro Puehringer GmbH
263631,79,Via Link Telecomunicações
34660,79,iDAQ Ltd
50223,79,Alfa Telecom
271591,79,TOP NET SERVICOS DE PROVEDOR LTDA - ME
55309,79,Minh Tu Telecom Limited Company
12850,79,Retelit S.p.A. (formerly Enter)
25052,79,Kamatera IL 2
38638,79,Ip Core Corporation
131657,78,Fast Line
18024,78,BT ACCESS
59684,78,Hoster kg Ltd.
34439,78,OBI Smart Technologies GmbH
8508,78,SASK-EDU
3225,78,Gulfnet Communications Co (B.Online KW)
34391,78,PARITEL OPERATEUR SAS
59460,78,M3.NET
28929,78,ASDASD srl
43507,78,RETE internet
51569,78,Fiberwide
135774,78,MANGALURU BROADBAND NETWORK
328329,78,CLOUD-ARPCE
34896,78,Vostoktelecom Telephone Company Limited Liability Company
393442,78,United Electric Cooperative
216356,78,TURKIYEM NET ILETISIM VE TELEKOMUNIKASYON HIZMETLERI A.S.
267416,78,PIENSCO MANUTENCAO E PROJETOS LTDA
141834,78,Neolog Online Services
264216,78,Fenix Wireless Internet
208172,78,Proton AG
52873,78,Softdados Telecomunicações
269120,78,Internet Facil
61588,78,Digital Net MS
60530,78,INTERCONN
9957,78,KINX
265719,78,ENZO RAUL GALVAN
15128,78,comwave.net
196983,78,Elsynet S.r.l.
201041,78,Obltelecom LLC
207594,78,CONNECTIVIA
14265,78,TelePacific Communications
135422,78,SiqesNet
213544,78,OOO TRK 'Perspektiva'
41560,78,UGMK-Telecom LLC
263250,78,Barbosa & Costa
265275,78,L.C.DE CARVALHO CARNEIRO-ME
273837,78,NAVEGANTE NETWORK C.A.
207695,78,Mario Kurz trading as LUME Solutions
141610,78,IDNIC-NDMNET-AS-ID
4826,78,Vocus Communications
133000,78,ARJUN TELECOM PRIVATE LIMITED
42159,78,Zemlyaniy Dmitro Leonidovich
398343,77,Baxet Group Inc.
28994,77,Sitel Ltd
34702,77,Aktsiaselts WaveCom
62015,77,BIN BG Ltd.
34694,77,Stadtwerke Woergl GmbH
200023,77,Qonnected
213260,77,CWNET
41670,77,hkfree.org z.s.
268337,77,THIAGO DA SILVA SOUZA
262803,77,NETULTRA PROVEDOR DE INTERNET
52637,77,Station Net Provedor
264323,77,OXMAN TECNOLOGIA
43915,77,Truespeed Communications
135920,77,Ehost software company limited
264260,77,G L Serviços e com. de informatica LTDA.
24837,77,MegaLink LLC
17539,77,NetSol Connect
39246,77,Liulin Net Ltd.
31972,77,Emagine Concept
270458,77,FIBRA MAIS
50676,77,TelCom LLC
28225,77,Provedornet Telecom. e Serviços de Internet Ltda
139238,77,Infinity Broadband
135266,77,AAKASH INTERNET SERVICES
262456,77,Elo Multimidia LTDA
266636,77,REDE WORKS TELECOM
270593,77,NAVEG FIBRA
43372,77,TELNAP TELECOM
140499,77,Khan Telecommunications
50544,77,JSC 'ER-Telecom Holding'
208708,77,Eurocable Magyarorszag Kft
56656,77,Detronics s.r.o.
58955,77,Bangmod Enterprise
60966,77,Nikem Net Ltd.
20012,77,Internet Holdings LLC
2635,77,Automattic
37323,77,Netpage Company
41967,76,Sumski Telecom Systems Ltd
8932,76,UCOM AS8932
36988,76,Africell Sierra Leone Limited
30925,76,DELTA Fiber Nederland
37484,76,Lasernet
203219,76,Yahoo-UK Limited
12423,76,Nicolaus Copernicus University in Torun
2837,76,Karolinska Institutet
50247,76,ITCOMP sp. z o.o
16589,76,
57049,76,Kvant-II
9122,76,Technoelektroservis Ltd.
270804,76,R DE OLIVEIRA COMUNICACOES
26801,76,Zito Media
267147,76,Brasil TecPar (iVeloz/Trend)
50856,76,INI.NET PE
47493,76,WMS
215052,76,Din Server Group ApS
136244,76,Panay Broadband / Buenavista CATV Inc.
35526,76,Smart Technology LLC
135723,76,PRIME FIBERNET
266460,76,MM DE SOUZA
267797,76,ENATREL
47323,76,LLC 'PioneerNet'
151066,76,Imperial Network
58507,76,Wireline
149925,76,Sakti Wijaya Network
52971,76,MICKS TELECOM
28099,76,iHosting Servicios Internet
30742,76,Bremen Briteline GmbH
12329,76,Glasfaser Ruhr
197227,76,Winogrady
15516,76,Dansk Kabel TV
271193,76,Meganet Telecomumicacoes Ltda
213850,76,NEXOSYSTEMS
28360,76,WKVE Telecom
203059,76,VION
208621,76,LogicForge Limited
152832,76,MAXLINK DATA PRIMA INDONESIA
133797,76,Rekajasa Akses
45415,76,INSTANET TECHNOLOGIES
394256,76,Tech Futures Interactive Inc.
43248,76,ISPER
52932,76,Tecnowireless Telecom
327726,76,New Telco South Africa
262380,75,Rontel
133070,75,EBN HOST LIMITED
42184,75,TKRZ Stadtwerke
48661,75,AIRWAYNET a.s.
35205,75,RFTkabel Brandenburg GmbH
208905,75,Tamares Telecom
37738,75,HOSTOWEB
271020,75,Adrianópolis Solução Tecnologica
138339,75,SMARTSEL
266498,75,UNIVERSO INTERNET
39407,75,PJSC Rostelecom
17586,75,NARATV
27284,75,FOURPLEX-ASN
202668,75,Karelova Olena Viktorivna
60635,75,Voice Communication LLC
53139,75,RDF Telecom
262447,75,IMG BRASIL TELECOMUNICA??ES LTDA
266603,75,NEXT FIBRA
49320,75,Golitsyno Telecom
41209,75,COMSTAR VOLGA
209789,75,Nikolay Olegovich Tokarev
46063,75,GTNET-AS-ID
47118,75,MAN net Ltd.
151768,75,Green Smart Infracon Private Limited
267578,75,WILLIAN MENDES DE OLIVEIRA
214094,75,Association Osservatorio Nessuno ODV
140023,75,Dinas Komunikasi dan Informatika Kota Madiun
58504,75,TECHMINDS NETWORKS
28545,75,izzi telecom (AS28545)
149268,75,ROARNET
137169,75,Speedmaxx Digital Networks
153132,75,IDNIC-TAFFNET-AS-ID
31642,75,Varnamo Energi AB
140485,75,CHINATELECOM ZHEJIANG province HANGZHOU 5GC network
263018,75,Alvo Telecom
263327,75,Online
21034,75,Micso - Centro Sud
29688,75,Vostok Ltd.
57101,75,WP SYSTEM
61211,75,SETCOR
262734,75,TuxNet - Materiais e serviços de informática
48822,75,Universum bit
50297,75,Infium
152538,75,Bhomika Network Pvt Ltd
199856,75,Ping Technology Labs LTD
153551,75,Axentec PLC
51234,74,Telecompany Fialka Ltd.
272134,74,POWER LINK CORP C.A.
213893,74,IPTransit Business LTD
43957,74,WNT Telecommunication
266832,74,Contecom
26388,74,FIBERFI
61371,74,Gigabit-Net Ltd.
270888,74,V8 Telecom
44405,74,Sistemy Telekommunikatsiy i Svyazi Ltd.
395035,74,LiveOak Fiber
210022,74,Kalimat
211056,74,Amir Hosein Maaref
268683,74,rede banda larga
400427,74,IQ-FIBER
28246,74,CARAJAS NETWORK E SERVICOS EIRELI
213572,74,TSI Service JSC
262820,74,Ola Telecomunicações Ltda
270921,74,CROSS CONNECT PROVEDOR
134437,74,THESKYTRADERSPVTGM-AS-AP
267232,74,Good Net Provedor de Internet Ltda - EPP
264112,74,CAMON PROVEDOR
28584,74,DSI Internet
61039,74,AO ZMZ
44894,74,Ukrchermetavtomatika LLC
56616,74,Tarahan Shabake Sharif LTD
202395,74,Fiberaccessbolaget i Sverige
138884,74,Centronet Data Indonesia
328200,74,Al Madar Al Jadeed Joint Stock Company
59574,74,Stupino NET
135477,74,Java Digital Nusantara
152825,74,Teradata
28555,74,Cablemas Telecomunicaciones SA de CV
11580,74,Island Networks Ltd
43330,74,Individual Entrepreneur Dmitriy Fokin
27669,74,E-life Paraguay
44837,74,ELS Telecom
262282,74,MARIA LUCIANA MACHADO E CIA
265128,74,PONTALNET - FLEETNET
46450,74,Pilot Fiber Inc.
42334,74,Broadband Plus
198004,74,Interkonekt
207251,74,Caspel
205505,74,Volkswagen Financial Services
327799,73,VIETTEL BURUNDI
263349,73,Rapeedo
8820,73,TAL.DE
7765,73,Koumbit
48494,73,BUKO LTD
61174,73,Glattwerk AG
25468,73,Rzeszow University of Technology
20510,73,Nexum Hungary
51987,73,Euro Games Technology LTD
8865,73,MSK BIAMAN
39090,73,Brandl Services GmbH
135391,73,AOFEI DATA INTERNATIONAL
135752,73,Evoke Digital Solutions
46783,73,EASY LINK LLC
6453,73,TATA Communications Ltd
266517,73,M.B. SERVIÇOS EM TELECOMUNICAÇÕES LTDA
45542,73,VietNam National University Ha Noi
210147,73,ISP SUPPORT AS210147
35154,73,PJSC Rostelecom
209442,73,FASTNET ALBANIA Sh.p.k
53087,73,TELY
41012,73,The Cloud Networks
48500,73,Irpinia Net-Com SRL
216312,73,Gezim Cerri
59989,73,T.H. Global Vision
53024,73,
210705,73,Ali Monfared
266468,73,ACESSANET TELECON
213200,73,Ferdinand Zink trading as Tube-Hosting
268111,73,S-NET TELECOM
138625,73,Dreams Network & Technology Pvt Ltd
270313,73,WN Tellecom
52657,73,Norte Telecomunicações
19331,73,Twin Lakes
198545,73,FLEX NETWORK
202246,73,Valoo Oy
140631,73,Global Digital Management Solutions
267373,73,Hr Virtual
52944,73,MEGALINK TELECOMUNICACOES
136327,73,SPDBROAD-AS-IN
273172,73,INTERCARIBE TV S.A.S.
153981,73,Daffodil International University
39762,73,VAK Ltd.
44267,73,Irkutskenergosvyaz
55427,73,Broadlink Network and Communication
43812,73,Elfimov Sergey Ivanovich PE
263737,73,Grupo Fullsat
150450,73,KBCI
208847,73,Martin Fryzl
265960,73,FNETCOM TELECOMUNICACAO E INFORMATICA LTDA
38778,73,Dutakom Wibawa Putra
43533,73,Gals Telecom
27923,73,COMPAÑIA DE TELEVISION VIA SATELITE
138751,73,Anodic Telenetwork Private Limited
56709,73,WIST
7477,73,SkyMesh
44431,73,OmniAccess S.L.
263636,73,CALLNET TELECOM
48239,73,IT-TV
263292,73,L E M TELECOMUNICAÇÕES
27826,73,Omnivision Argentina
263053,73,Paulinianet Telecom
264485,73,Mariana Coelho Barra
273155,73,DATANET VZLA 2021 C.A
36454,73,hosting.com USC1
26254,73,Mail2world INC.
209474,73,EKIPHOST BILISIM TEKNOLOJILERI TICARET VE SANAYI LIMITED SIRKETI
9422,72,SOLNET INDONESIA  AS9422
209243,72,QuickHost
138546,72,Ncell Pty. Ltd.
8779,72,KhmelnitskInfocom
50973,72,Vodafone Albania
13170,72,Kaisanet Oy
9312,72,xTom Hong Kong
49290,72,Maniera Service
8971,72,ATOS IT Solutions and Services
50953,72,KONFER
6882,72,Regione Toscana
206943,72,EANCENTER TELECOM LLC
266722,72,AMITEL PERU TELECOMUNICACIONES SAC
35608,72,R-LINE 1 LLC
13855,72,Cedar Falls Utilities
269310,72,MAVNET TECNOLOGIA DE INFORMACAO EIRELI
64429,72,DDS Service LLC
9336,72,Spirit Telecom Limited Backbone
25163,72,21st Century Technologies
33977,72,Banat Telecom Satelit
131398,72,LDCV
14051,72,Consolidated Communications - CA
262409,72,CLICK82 SERVICOS DE COMUNICACAO
5547,72,Orient-Telecom
41339,72,CitoConsult Ltd.
61900,72,Mais Internet
137135,72,Pc Care Airway Infratel Network
268560,72,VIPTELECOM INTERNET BANDA LARGA
22191,72,Wilkes Communications
272030,72,SMARTNET Argentina
38500,72,Cross Network Indonesia
201150,72,Didehban Net Company PJS
151115,72,TRIPLE FAST NET PRIVATE LIMITED
150447,72,WOOFYINCORPORATED-AS-AP
269597,72,STALKER ENGENHARIA EIRELI
263097,72,VN INFRAESTRUTURA DE REDES LTDA.
203877,72,Astra Telekom
327872,72,IBITS Internet
29196,72,LLC 'INZHENERNYE SETI - TELEKOM'
398113,72,Gateway Fiber
2857,72,Johannes Gutenberg-Universitaet Mainz
137549,72,NodeOne
134734,72,Velocity Networks Limited
51035,72,JSC 'ER-Telecom Holding'
18196,72,7 Star Dot Com Pvt. Ltd
141474,72,Trust Innovation Limited
9459,72,Konkuk University
151825,72,Rangsit University
134739,72,AGB Communication AS134739
207054,72,FlyNet.it
265234,72,N-MULTIMIDIA TELECOMUNICACOES
271347,72,JHONATA DA SILVA MATOS ME
64475,72,Freifunk Frankfurt am Main
46082,72,Voltage Park
52465,71,WNinternet
50077,71,SYN AS50077
50881,71,ESET spol. s r.o.
12969,71,Reykjavik Fibre Network
50188,71,KOLNET
139971,71,Medialink Intercontinental
393397,71,Lake Region Technology & Communications
152296,71,Wind Waves Broadband (Private) Limited
270572,71,ADRIANO ROSA DOS SANTOS
132246,71,
43648,71,StiAdsl
46918,71,GLOBALHOSTINGSOLUTIONS INC
151612,71,HOSTPERL
139043,71,WellNetworks
133775,71,Xiamen
200481,71,SERVEIS INNUBO SL
133114,71,ControlVM
41148,71,Zolotaya Linia JSC.
9929,71,China Unicom Industrial  Internet Backbone
262975,71,
203675,71,VISTA SH.P.K.
132655,71,Sekretariat Jenderal Dewan Perwakilan Daerah Republik Indonesia
52040,71,LLC MediaKvant
43201,71,Telematika LLC
28512,71,Cablemas Telecomunicaciones SA de CV
136442,71,Ocean Wave Communication
212348,71,FIVEMSHIELD-AS
210421,71,LUX LITE LLC
35100,71,AS35100
54455,71,MadeIT
34971,71,Prometeus di Daniela Agro
198570,71,Stadtnetz Bamberg GmbH
141303,71,Dvr Broadband Services
57773,71,1Access Sweden
43258,71,Centr Servisnogo Oblslugovuvannya Ltd
398395,71,LevelOneServers
48951,71,Telekom Deutschland GmbH
37566,71,ICONA for IT and Telecom
37347,71,NGCOM
62259,71,Intelesi LLC
59847,71,WIRAC
214419,71,
203821,71,IT 4 Polska SP ZOO
47325,71,VPS4You Kft.
43070,71,JAW.cz s.r.o
200740,71,FIRST SERVER LIMITED
198401,71,Geckonet
150961,71,PT. Pandeglang Akses Semesta
263765,71,XINWEI INTELCOM.NIC S.A.
212047,71,Civo LTD
152001,71,PT Komunikasi Profesional Indonesia
58037,71,'Masterra.ru' LLC
215599,71,ZKILLU
213252,71,CENUTA Hosting
61335,70,PE Denis Podolskii
7015,70,Comcast - New England
208808,70,Enegan
59607,70,Telewizja Kablowa Hajnowka Kiedys Kiryluk SJ
212097,70,VIM TELECOMUNICACIONES SL
52977,70,Sul Online Telecom EIRELI
139533,70,Onquee Networks
264764,70,Innova Network
151712,70,Multireach Broadband Services Private Limited
328548,70,TOUCHNET TELECOMMUNICATIONS CC
269805,70,MEDIA COMMERCE MEDCOMM
137449,70,SKYNET CHOWMUHANI
262740,70,VELOO NET LTDA
149582,70,VRITECH-AS-IN
54936,70,Wyyerd Group
273208,70,INTERSAT LOS ANDES C.A
39028,70,JSC 'ER-Telecom Holding'
136994,70,Southern Phone Company
44078,70,Skyline Electronics Ltd.
39979,70,Polygon.io Inc
262779,70,Rede Exitus Ltda
141816,70,Velankani Information Systems
37081,70,Movicel SA
18838,70,DeKalb County School District
270158,70,WANTELCO SA DE CV
262700,70,Vero Internet AS262700
24852,70,UAB INIT Vln
5408,70,National Infrastructures for Research and Technology (GRNET)
17968,70,Daqing zhongji petroleum telecommunication construction limited cpmpany
201174,70,Tbilisi City Hall
42422,70,SecurityNet.cz s.r.o.
41691,70,National Telecom
61582,70,ATRIX ENGENHARIA
269376,70,JETFIBER SERVICOS DE COMUNICACAO MULTIMIDIA EIRELI
271812,70,CONEXT VENEZUELA
38880,70,Micron21 Datacentre and Colocation
203363,70,Kuroit (UK)
48078,69,Dagomys Telecom
52751,69,BrasRede Telecom
41585,69,ELEMENTMEDIA GmbH
137539,69,China Unicom
17470,69,Etisalat Lanka
37294,69,TELEKOM NETWORKS MALAWI
25222,69,Inmarsat Solutions B.V.
202921,69,CC INTERNET
198187,69,STUDIOWIK
206910,69,Bestconnect
679,69,Technische Universitat Wien
16006,69,RUPKKI
33796,69,Bolignet-Aarhus
271672,69,L OLIVEIRA BARROS
38733,69,CMC Telecom Infrastructure Company
268544,69,C ANDRE C SILVA
59592,69,intercolo GmbH
43148,69,MTS PJSC
36666,69,GloboTech Communications
17293,69,VTX Communications
35617,69,Air2bite
139421,69,Dharma Sarana Solusindo
42794,69,Ultracom Ltd.
138778,69,Skyrocket Network Solutions
42552,69,Niles sp. z o.o.
133685,69,SDN TELECOM
265335,69,PLANETA NET TELECOM
13113,69,ISILine SRL
38186,69,Forewin Telecom Group Limited
43633,69,Gigabit Ukraine
52916,69,Datanet Provedor
7250,69,Surry Communications
52323,69,Colsecor Cooperativa Limitada
42530,69,TOV 'Telecommunication company 'Plazma'
327885,69,Viettel Tanzania PLC
266725,69,SOLUTION LAN
50025,69,Net Television
56902,69,Energy Bridge
328029,69,Web Telecom Services (PTY) Ltd
35725,69,TELEKOM ROMANIA MOBILE COMMUNICATIONS S.A.
263328,69,Panda Network
198831,69,Holycloud
31287,69,IPACCT
48266,69,Catixs Ltd
56835,69,UTELS
263470,69,Internet Way
134835,69,Starry Network Limited
6428,69,CDM
50821,69,Stockholms Stadsnat AB
137059,69,EasyNet-BD
37154,69,ZAMTEL
200062,69,centron GmbH
8972,69,Host Europe GmbH
35140,68,JSC RACE TELECOM
206075,68,Hollander & Jacobsen UG (haftungsbeschraenkt)
37594,68,ORG-MSS2-AFRINIC
58453,68,China Mobile International
396986,68,ByteDance
49101,68,KABELOVA TELEVIZE CZ
20880,68,PŸUR - Nord
213314,68,WallCloud GmbH
17243,68,Byte Node LLC
61060,68,NXTcom Nederland
268200,68,LIVE INTERNET
63410,68,PrivateSystems Networks
398844,68,COMELEC SERVICES INC
139136,68,NNIX Route Servers
134932,68,VORTEX INFOWAY PRIVATE LIMITED
328418,68,Olena Trading cc
57764,68,Free Link
263567,68,FiberOne
152430,68,Citra Meta Data
43967,68,TEREMKY LAN ISP LLC
270436,68,SOOU TELECOM
263049,68,NIPPONTEC TELECOMUNICACOES
262585,68,Virtual Housing Telecom
202673,68,Ohz Digital SL
29399,68,Ramtek
267332,68,PROVEDOR NET MAIS
141870,68,GV REDDY BROADBAND SERVICES
264964,68,REDE PLANETA INTERNET WIRELESS LTDA ME
272539,68,ENEVE TELECOMUNICACOES LTDA
44020,68,CLN
268824,68,Connectmax Telecom
37315,68,CipherWave
328341,68,Capricom Networks
3342,68,Cibicom
268297,68,SPEED SOLUÇÕES WIRELESS E INFORMÁTICA LTDA ME
262720,68,Melo Telecomunicações
267178,68,B4M Serviços de Comunicação Multimída
270182,68,GERARDO RAUL FUENTES MAAS
42666,68,Embou Nuevas Tecnologias SL
200043,68,CesenaNet
206460,68,SIM INFORMATICA
59340,68,MSHELPLINE-BD
205168,68,Maxnetwork
216158,68,Teleport Rus LLC
11766,68,Meriplex Communications
151549,68,PT Sarana Kawan Setia
28224,68,CPNET Com. e Serv. Telecomunicações Ltda
16283,68,Lodz University of Technology
45724,68,PT Multi Media Access
11019,68,HAPROXY-TECHNOLOGIES
328464,68,The Computer Shop Plett
214929,68,LastResponse
265989,67,GARCIA TELECOMUNICACOES LTDA
56038,67,RackCorp
63508,67,DINAMIKA MEDIAKOM
37075,67,Airtel Uganda
1820,67,Wnet Telecom USA
263146,67,F A VIEIRA DE SOUZA SERVICOS
42437,67,T2 Rostov-on-Don
196925,67,Azertelecom
12179,67,Unitas Global
15454,67,ARBUZ Co.Ltd
48873,67,as-proxi-com
50776,67,SYSTEMTELECOM
28847,67,Soderhamn NARA AB
58693,67,NNI
131374,67,HQG Technology Solutions Joint Stock Company
215238,67,IRFAN TUGRA ONEM
262808,67,Brasilnet Telecom - Sudeste
267551,67,DATACOM TELECOM
55799,67,IPTELECOM ASIA
34524,67,Digital Communications Ltd.
265393,67,FIRENET SERVIÇOS DE TELECOMUNICAÇÕES LTDA
23473,67,Pavlov Media
265641,67,CIX BROADBAND
36001,67,Bertram Communications
59139,67,PT. Wifiku Indonesia
200435,67,Titan Datacenters France
401314,67,GoldenVM LLC
399997,67,Arconic
200026,67,Ortswaerme St. Johann in Tirol GmbH
25481,67,SYCOR GmbH
266231,67,NETLINK INFORMÁTICA LTDA ME
266302,67,RENOVENET PROVEDOR INTERNET LTDA - ME
15713,67,LLC Global-City-Net
53175,67,Unetvale Servicos e Equipamentos LTDA
51622,67,PP IV-COM
52968,67,TECMIDIAWEB LTDA
40092,67,ONIAAS
216022,67,Valentino de Vries trading as DirectNode
51589,67,FAITH Autonomous System
8453,67,Econis
56623,67,COHERENT LLC
56911,67,WARIAN
142394,67,PT Cahaya Solusindo Internusa
62000,67,SERVERD
139981,67,Menaksopal Link Nusantara
262997,67,FAAr turboNet LTDA.
23955,66,Tashi InfoComm | Domestic
64150,66,PIT Honduras
9569,66,SEOCHO CABLE SYSTEMS CO. LTD.
204020,66,Fenice Telekom Grupa
61205,66,INFOMIL
31608,66,Gawex Media Sp. z o. o.
34955,66,Martin Vicenik
35120,66,WORKING GROUP TWO AS
44692,66,Domtel Telecom
151769,66,HEGHESCOM NETWORKS PRIVATE LIMITED
137311,66,KINEZ CREATIVE SOLUTIONS
264533,66,TEC NET
56958,66,Raiola Networks
150586,66,SHREE NETWORKS
53180,66,Infortel Comunicacoes
268201,66,IGP Fibra
269424,66,M dos santos rodrigues
328361,66,Voizacom
28049,66,ISP SOLUTIONS
18651,66,
29491,66,KIEVLINE
16625,66,Akamai Technologies Inc.
268648,66,ABQUECIA BARBOSA DA SILVA
397412,66,Tachus
52870,66,Disk Sistema Tele-Informatica
262220,66,HV TELEVISION S.A.S
24441,66,CityLink Corporation LTD
34190,66,Microcom Ltd.
21001,66,NETKA TELEKOM
262439,66,ALCANS SERVICOS EM TELECOMUNICACOES LTDA
47359,66,'Tvoi Net' Ltd.
23791,66,LCV Corporation
396260,66,Fontainebleau Miami Beach
58130,66,rsnet s.r.o.
32505,66,Conterra
50411,66,ITV MEDIA
263532,66,VIAR TELECOMUNICAÇÕES LTDA
33985,66,RUDCOM Marcin Rudkowski
56833,66,mieX GmbH
136377,66,Linkwave Technologies Pvt. Ltd.
149023,66,Ultra Quick (SMC-Private) Limited
35445,66,Jonkoping Kommun
263574,66,ETECC FIBRA OPTICA
214340,66,24racks Cloud S.L.
34358,66,Cyber_Folks SRL
213619,66,NETBELA-AS
16027,65,Allitude S.p.A.
12333,65,DFI Service SA
44593,65,Fundacion Centro de Supercomputacion de Castilla y Leon
44002,65,Sys-DataCom s.r.o.
208041,65,INTERTELL
139870,65,BlueNet Communication
25406,65,SPLIUS UAB
35591,65,Yuginterseti LLC
265215,65,FiberNet Telecom
266513,65,Vips Fibra
138163,65,Bangladesh University of Professionals (BUP)
10002,65,Igaueno Cable Television Co.Ltd.
150503,65,PT Indo Tungkal Net
132608,65,Mango Teleservices Limited-ISP
262637,65,NETPRIMUS TECNOLOGIA LTDA
262150,65,EPEC Telecomunicaciones
59169,65,KNGD INFOSYS
149781,65,Evergreen Internet
50533,65,ITENOS
27640,65,GIGAS HOSTING USA
134053,65,Ethernet Xpress India Pvt. Ltd.
265798,65,LEVEL SEVEN
133817,65,Inti Data Telematika
264441,65,DELTA TELECOM
62643,65,Evertek Inc
265594,65,Television Internacional S.A. de C.V.
57896,65,YNET MANAGEMENT
398989,65,DeepIntent
264075,65,K1 Telecom e Multimidia
5594,65,Lufthansa Systems Hungaria Ltd.
58009,65,CONSYST LLC
136634,65,Navkar Netsol Pvt Ltd.
52195,65,AP-MEDIA
216347,65,Bikupa Datacenter AB
262662,65,CONEXAO NETWORKS PROVEDOR DE INTERNET
28308,65,ORION TELECOMUNICAÇÕES COM E SERV
16696,65,iTel Networks Inc
262758,65,Unisites Serviços de Informática EIRELI
268549,65,A. G. BRAGA E CIA LTDA
57248,65,Wisper s.r.o.
135726,65,Vsj Internet Services
50245,65,Serverel Inc.
14,65,Columbia University
264704,64,Conrado Cagnoli (EntreRios.NET)
12993,64,DELSKA Latvia
50171,64,Indicate IT
48424,64,GLOBITEL
44124,64,Rybnet
10430,64,Washington State K-20 Telecommunications Network
270715,64,TELECOM SERVIÇOS DE INTERNET LTDA
38769,64,Bit Technology Nusantara
37084,64,SimbaNET Tanzania
16284,64,inq. Digital Nigeria
133798,64,SMARTFREN TELECOM
18889,64,City of Ruston
263258,64,Interlig
263675,64,JAIR APARECIDO CASAROTTE - EPP
205784,64,NV Telecom
52312,64,TV MUSIC HOUSE JUJUY
36965,64,WIA Tanzania
206992,64,Salvatore Intravaia
267013,64,INTERNET SOLUTION PROVIDER TELECOM. LTDA ME
50051,64,ZAO Danaflex
269537,64,MUNDO TELECOM E SERVICOS LTDA - EPP
132787,64,Micronova Network Solutions Pvt Ltd
264337,64,NET COM INFORMATICA LTDA - ME
263339,64,BRASILNET - 3WLINK
200136,64,Association LibraHost
197623,64,Kopings Kabel-TV AB
37209,64,Hyperia
7057,64,MNSI Telecom
271586,64,MR Digital Servicos e Comunicacoes Ltda
266130,64,Brasil TecPar (TJ)
13147,64,NetInfo AD
5404,64,conova communications
28469,64,AT&T COMUNICACIONES DIGITALES S DE RL
58075,64,X2com BV
50971,64,JHComp s.r.o.
17864,64,SK Broadband Co Ltd
327687,64,Research and Education Network for Uganda (RENU)
262444,64,Xturbo Provedor de Internet
58967,64,RSBS ONLINE SERVICES PRIVATE LIMITED
31275,64,Telecom-Service
262953,64,VCG GRAPHCS INFORMÁTICA LTDA
28145,64,RLINE Telecom
4663,64,ELIMNET INC.
267237,64,Elevalink
141181,64,BCL Online Service
273000,64,Telcom Mikrotik Peru
263806,64,263806
24529,64,INFOTAMA LINTAS GLOBAL
151938,64,CLOUDY One Member LLC
47065,64,Columbia/UFMG PEERING Research Testbed
55154,63,Madgenius.com
57251,63,LLC Intelcom
153371,63,BACK WAVES LIMITED
204151,63,Kviknet.dk
198100,63,
8256,63,Lodz University of Technology
212865,63,netconnect
198172,63,Azienda Multiservizi Bellinzona
34339,63,Centrum Przetwarzania Danych Ministerstwa Finansow
47826,63,BENTELER Business Services GmbH
142299,63,CLOUDFOREST CO.LTD.
47242,63,Host.it S.p.A.
262463,63,TELECOM CORDEIROPOLIS
33582,63,Digicel St.Lucia
132976,63,Kings Broadband
59443,63,Baynur and P Ltd.
215362,63,PROMO-PLUS
11215,63,LOGIXCOMM
265980,63,FIBRA PARA O LAR TELECOMUNICACOES
263716,63,SIDECOM Ingenieria
267121,63,Atplus Telecom
196906,63,WestNetwork AS196906
24282,63,KAGOYA JAPAN
8014,63,Bahamas Telecommunications Company LTD.
140037,63,A R ENTERPRISE
31317,63,AnschlussWerk
264512,63,GIGABYTE NETWORK COMERCIO E SERVICOS
136698,63,Devdarpan Broadband Pvt. Ltd.
50463,63,Triple C Cloud Computing
53111,63,Centro Educacional Nossa Senhora Auxiliadora
42675,63,Obehosting
28854,63,HIGHLANDNET SWEDEN
395439,63,JECNET
53019,63,infotec- serviços de provedor da internet
41911,63,Lanet Network Ltd
262805,63,Rede Minas Telecom
136946,63,Weebo networks
201825,63,Rusphone
25190,63,Kauno interneto sistemos
1640,63,Thacker-Grigsby Communications
213535,63,YOTTASRC
198371,63,NINET
56621,63,Innovation Technologies Ltd
33894,63,
268502,63,Sinal do Ceu Telecom Comercio e Servicos
28154,63,AR TELECOM PROVEDOR DE INTERNET
28187,63,Stratus Telecomunicacoes
39422,63,Sumy Computer Networks
39441,63,
270073,63,IGUANA NETWORK SERVICES C.A.
54198,63,ViaNetTV
134601,63,Microlink Technology
266438,63,GIGANETSUL
8323,63,CYFRONET-AS2
262192,63,Skycorp
133236,63,FIBERMAX SERVICES PRIVATE LIMITED
27385,63,QUALYS Inc.
198096,62,Junta de Andalucia
202175,62,'Uzbektelekom' Joint Stock Company
273165,62,IX CDE SOCIEDAD ANÓNIMA 273165
14586,62,Nuclearfallout Enterprises ASN 14586
41329,62,Sky Mobile
56800,62,LAST MILE
9657,62,MELSA
139449,62,Lintasdata Network
131769,62,Mayatama Solusindo
135901,62,Phuong Dong technology solution company limited
64439,62,RocketCloud.ru
270795,62,LD telecom
269385,62,
263596,62,GRV TELECOM
266608,62,Ola Fibra Telecomunicacoes
134497,62,Cine Cebu
262426,62,BRAVA TELECOMUNICACOES RONDONOPOLIS
262288,62,Go In Tecnologia
262685,62,ScherrerNet Informática
17771,62,Southern Online Bio Technologies Limited
270411,62,GOMES & SILVA INTERNET LTDA
262354,62,Giga+ Fibra - MS/PR
266030,62,W B DE ANDRADE TELECOMUNICAÇÕES E INFORMÁTICA
270615,62,CONECTJA LTDA
265171,62,SITELBRA
207558,62,EXPRES
24085,62,Quang Trung Software City Development Company
28292,62,Engeplus Telecom
35043,62,Allameh Tabataba'i University
268790,62,DEBORA ALINE ALMEIDA
205806,62,Stadtwerke Neustrelitz GmbH
56354,62,IT-Invest
39308,62,ANDISHE SABZ KHAZAR CO. P.J.S.
214990,62,GO LINE LLC
140164,62,ConnectSpacelink Infomedia
268229,62,VIA ONDAS TELECOMUNICACOES LTDA
53245,62,Action Communications Security Brazil.
135852,62,Galaxynet Connections
51792,62,FIRMA HANDLOWA GIGA ARKADIUSZ KOCMA #2
133933,62,NETSAT1
48278,62,UKRDATACOM
16178,62,Logosoft d.o.o.
3339,62,FIBRAWORLD TELECOM S.A.U. AS3339
32867,62,Long Lines Communications
12337,62,noris network AG
263347,62,CEDNET PROVEDOR DE INTERNET
47440,62,Business System Telecom
6774,62,BICS
23422,62,Endstream Communications LLC
262521,62,pgf telecomunicacoes
151749,62,Virtel Communications Private Limited
28599,62,Italnet Telecomunicações Ltda
132241,62,SKSA TECHNOLOGY
200223,62,Lars Jannick Volkers trading as Etheron Hosting
265663,62,BOCA ROJA
203034,62,Planmeca oy
21328,62,National Bank of Poland
34629,62,'Resurs-Svyaz' Ltd
52714,62,Firemicro Informática
48212,62,MTS PJSC
215910,62,Edmond Manja trading as MY NET-TV EDMA
212666,62,
52699,62,ITANET CONECTA
264448,62,NEOLOG TECNOLOGIA LTDA
29838,62,Atlantic Metro
5484,62,Shabakeh Gostar Shahriyar Co. (Ltd.)
48320,62,KETIS Ltd.
24611,62,Datacenter Luxembourg
150452,61,LANDUPS LIMITED
139898,61,Digitec Communications
328727,61,Kampala Siti Cable
36909,61,Habari Node
206194,61,Skynetworks-AS
24751,61,JNT
198225,61,MDDSL
205218,61,Ente Ospedaliero Cantonale
39702,61,S-IT Informationstechnologie Betreiber GmbH & Co. KG
60501,61,Sirius Technology SRL
209810,61,Netcore services s.r.o.
20677,61,imos
6429,61,CLARO CHILE AS6429
140115,61,Laya Network Private Limited
266649,61,Netcity Tecnologia em Internet Ltda-ME
215089,61,Fast Panda Limited
262839,61,Yawl Telecom
14616,61,IBASIS INC.
55695,61,Universitas Islam Negeri Sunan Kalijaga Yogyakarta
52708,61,Linenet Suprimentos para Informatica
265509,61,OPTOENLACES S.A. DE C.V.
57794,61,HCN
137084,61,Sense Connect It
267820,61,NEUTICS S.A.P.E.M.
135226,61,Jeecommunications
5618,61,DP IRAN PLC
9997,61,Suzuka Cable Co.
205085,61,NET PLUS ONE Ltd.
7672,61,The Hokuden Information System Service Company
210154,61,GIGALAN EM Ltd.
393238,61,ImOn Communications
268019,61,RODRIGUES & LEAL SERVIÇOS DE TELECOMUNICAÇÃO
6735,61,TNG Stadtnetz GmbH (ex sdt.net)
42868,61,Niobe Bilisim Teknolojileri
45250,61,Vocom AP
5539,61,SpaceNet AG
268600,61,GiroNet Provedor de Internet e Telecom
45960,61,YTL Communications Sdn Bhd
42916,61,IT Ltd.
13056,61,PJSC Rostelecom
329422,61,Safhome Fibre
141607,61,Gayatri Lintas Nusantara
329027,61,Ozone
44484,61,X-Trim
51648,61,FIRMA HANDLOWA GIGA ARKADIUSZ KOCMA
55814,61,Siliguri Internet & Cable TV Pvt. Ltd.
52617,61,DIGITAL.COM TELECOMUNICACOES LTDA
57789,61,HomeNet Technologies
16082,61,Spitfire Network Services Ltd
38592,61,Chittagong Online
34659,61,Bouygues Telecom Pro KEYYO
397630,61,Blazing SEO LLC
37230,61,ORG-SL76-AFRINIC
9313,61,OntheNet
211826,61,ISTQSERVERS
59371,61,Dimension Network
25479,61,IT Now S.A.
3330,61,eww ag / ITandTEL AS3330
9757,61,CMB DONDAEMOON BROADCASTING
265561,61,LANTOINTERNET SA DE CV
12615,61,Global Communication Net AD
37722,61,Kaldera
35667,61,XSALTO 2
30165,60,Dalton Utilities
37480,60,Cobranet Limited
21554,60,CYBERLYNK
42897,60,Telnet LLC
6769,60,Kertinis valstybes telekomunikaciju centras
35625,60,Eurofiber France
12796,60,Telecommunication Company Varna
35704,60,ITZBund
37717,60,Centre de Calcul El Khawarizmi
25496,60,ZSR - ZT Bratislava
264550,60,M H SAT SERVIÇOS EM TELECOMUNICAÇÕES
396426,60,CYBERONEDATA-ASN
48031,60,XServer !
399268,60,Coosa Valley Technologies Inc
268445,60,BARRETO E CANTOIA PROVEDOR DE INTERNET LTDA
55453,60,Skytelecom Pakistan
59502,60,Sozvezdiye Oriona Ltd.
52912,60,VIEIRA E RETECHESKI LTDA
17095,60,BuildBuddy
268785,60,Vlink Telecom
266132,60,VTX NET TELECOM LTDA
270605,60,AGATHA.NET INFORMATICA LTDA
50749,60,Yaghoot Pars Asia Cooperative Company
264191,60,Temais Telecom
50597,60,ScopeSky Communications LLC.
204393,60,Parvaz System Information Technology Company (Ltd)
202984,60,Team Host
273776,60,UZZI TELECOMUNICAÇÕES LTDA
265849,60,HONDURAS ADELANTE SA
270054,60,GLOBALRADIO
269539,60,PARA ENERGIA SOLAR LTDA - ME
34204,60,Michail Mandryk
153723,60,MOOGAMBIGAI CHAIRITABLE AND EDUCATIONAL TRUST
38753,60,Solusindo Bintang Pratama
33883,60,TRIOPTIMUM s.r.o.
41313,60,Novatel
25429,60,CBINET
211957,60,COMMUNE DE LYON
263952,60,CONNECT TELECOM
201812,60,IL Technologies Group Limited
36945,60,Mocambique Celular SARL
51101,60,Rewolucja-Net Marceli Kaczor
215597,60,Asiacell-2
12324,60,Maria Curie-Sklodowska University
52527,60,IW NET
268408,60,
43888,60,ITEKOM Pawel Ciaglo
59508,60,'Krasnoyarsk network' Ltd.
135760,60,Speednet Unique Network
135836,60,STGS-AS-IN
131516,60,Jinhua Weian InfoTech Co. Ltd
137197,60,Shoily Cyber Garden
201112,60,awhost
205568,60,NBI SIA
37410,59,Lonestar Communications
22951,59,Hebergement Phaonix Inc.
35332,59,DataWeb B.V.
50629,59,LWLcom
263026,59,IBLNET Internet Banda Larga
49129,59,LTD CGC Co
56814,59,M2 CONNECT LLC
267413,59,MGN FIBRA SERVICOS E COMUNICACAO LTDA
28229,59,HardOnline Internet
271773,59,WOM Colombia
8262,59,EVOLINK EAD
43709,59,SilesNet
135566,59,Thailand Government Data Center and Cloud service (TGDCC)
34368,59,Zonata - Natskovi & Sie
28334,59,PROCESS TELECOM
134809,59,ViewQwest Digital Sdn. Bhd.
328762,59,Mansoura University
269275,59,União Internet
327933,59,GTL-RDC
269980,59,K.G.B. TELECOMUNICACIONES S.A.S
141664,59,OptiCore+
47329,59,WDM
45055,59,Dontechsvyaz LLC
262865,59,Ired Internet
263155,59,O L I Telecomunicações
329028,59,Rapid Networks
56587,59,Citadel Crimea Ltd.
270075,59,270075 Super Redes S.A.S
200467,59,Oleksii Sharienkov
265061,59,GC Net Provedor
47876,59,Polskie Sieci Elektroenergetyczne Spolka Akcyjna
142345,59,PT Digital Gemilang Solusi
50599,59,DATASPACE-PL
270672,59,EVO TECNOLOGIA
197889,59,Microsystem-Kecskemet
141127,59,Anugerah Cimanuk Raya
137620,59,Pink Broadband Service
9186,59,OniTelecom
264228,59,Brasil TecPar (Blink/AS264228)
203424,59,TUSSA IKT AS
30436,59,Elite Broadband LLC
21087,59,Electronniy gorod Ltd.
196622,59,Hrvatska posta d.d.
8285,59,Versija SIA
63741,59,DCNET TELECOM
264784,59,OBERCOM S.R.L SP
151845,59,Scalewithus India
41926,59,EBV ELEKTRONIK GMBH & Co.KG
269788,59,DISTRIBUIDORA OFIC TECH DE VENEZUELA C.A.
56668,58,Simnet
7354,58,
262620,58,Pox Network Telecomunicacoes
207994,58,ServCity
269237,58,CarandaiNet Serviços de Internet Ltda.
47617,58,Wagner AG
34974,58,PJSC Rostelecom. Kamchatka branch
59595,58,Teneta Telekom Ltd.
134009,58,JET NETCOM BROARDBAND
150593,58,Data Express Pvt Ltd
263979,58,CYBERNETRS
152709,58,RK Link
213220,58,Delta Ltd
133210,58,EN Technologies
19689,58,Nuvision Solutions LLC
205533,58,AMEE TECH LTD
399673,58,Tri-CoGo
207645,58,F & W Networks Ltd
47845,58,Tiger-Telecom
23036,58,Northwest Minnesota Special Access LLC
10778,58,MCL Internet
267582,58,Simple Services Tecnologia Ltda - ME
27660,58,Curacao Telecom
18840,58,EQUIPOS Y SISTEMAS
135782,58,Nyak Technologies And Teleservices
37129,58,Rasmilink Communication
268952,58,MZ NET INTERNET FIBRA
56595,58,Fluency
42082,58,Geocell
37515,58,iConnectSA
199490,58,INTERCONNECT s.r.o.
262454,58,IPWAVE INTERNET
48176,58,OOO SET
52777,58,BR27 Serviços de Tecnologia Ltda
35271,58,AVIEL
398710,58,
395354,58,Starry
265141,58,RBT Internet
38142,58,Universitas Airlangga
31685,58,TOV Teleradiocompany 'TIM'
31500,58,GNM
197765,58,Autonomous public institution High technology park IT-park
39280,57,UltelNET-AS
328700,57,TISPA - Tanzania Internet Service Providers Association
273149,57,PIT - Guatemala - IP Services
140031,57,PT Mandala Lintas Nusa
200970,57,Riepert Informationstechnologie GmbH
30813,57,Ostrog.NET
1780,57,Valmet Oyj
42947,57,SkynetLink Informatica y Redes
50925,57,Gemernet s.r.o.
138245,57,Xpress Net Solution
27887,57,WIND Telecom S.A.
268249,57,DESTAK NET
14434,57,VIPNAS1
208701,57,'TRK' 'AMOS' LLC
265220,57,polixnet telecomunicacoes ltda
136618,57,Bangladesh University of Engineering and Technology
215222,57,Cable and mobile best service MCHJ
133008,57,Blenda Internet Services India Private Limited
268257,57,SIDI SERVICOS
263919,57,POWERTECH INFORMATICA
51667,57,Renaissance Construction JSC
61068,57,NECSTEL
52935,57,INFOBARRA SOLUCOES DE INFORMATICA LTDA
38669,57,CNBTV
210574,57,Poyraz Hosting
268235,57,VLA TELECOMUNICACOES - AS268235
47883,57,KIBRIS MOBILE TELEKOMUNIKASYON LTD.
268402,57,CALIFORNIA TELECOM LTDA
59322,57,Blackfiber
18033,57,CMB TAEGU BROADCASTING
141711,57,Fiber Beam
274674,57,CVS Telecomunicações LTDA
61468,57,cedia
268158,57,S.P. TELECOM LTDA
60202,57,Kivi TV Ltd.
264367,57,Brasil TecPar (CyberNet)
37642,57,Comnet Pty Ltd
152479,57,DSACL-AS-AP
50685,57,United Networks Ltd.
399660,57,WWLTH Inc
12824,57,home.pl S.A.
201183,57,VoipTel Italia
267490,57,V7Provider
31083,57,Telepoint
48181,57,Prolan Ltd.
42526,57,COMPUTER COMMUNICATION SYSTEMS LLC
10003,57,Ogaki Cable Television
43925,57,MOLDCELL S.A.
131379,57,Modern Bank of Vietnam Limited
24068,57,Broadband Service Provider
64124,57,EdgeUno International
63730,57,VNSO TECHNOLOGY COMPANY
33616,57,Co-Mo Connect
138232,57,SIVAINFO
267271,57,PRIMMUS PROVEDOR
210602,57,Marbell AG
203765,57,PRONETEUS Sp. z o.o.
147221,57,INSPITELE SOLUTIONS PRIVATE LIMITED
56893,57,108 TELECOM LLC
266208,57,Allfiber Telecom Serviços de Telecomunicações
211389,57,Briant Broadband Limited
58629,56,Global Fair Communications
12923,56,Wizard Computersysteme
64294,56,Panasonic Avionics Corporation
35575,56,Vaioni
58321,56,Oxylion
203541,56,Kabelfernsehen Pillersee GmbH
8632,56,Luxembourg Online SA
41833,56,Moscanet
5379,56,Univerzitet 'Sv. Kiril i Metodij'
43391,56,Netdirekt A.S.
13576,56,South Dakota Network dba SDN Communications
38496,56,Cyber Network Indonesia
395662,56,OzarksGo LLC
19799,56,Highland Communication Services
31029,56,M-REAL NET
271070,56,Ailson Tavares
135915,56,TLSOFT
263925,56,ACEM TELECOM
49455,56,Telia Norge AS49455
57871,56,TeleCentr Ltd.
2854,56,Orange Business Services Russia & CIS
28577,56,AZEVEDO E FLORIANI TELECOMUNICAÇÕES
398876,56,Round Valley Indian Tribes
30983,56,MARWAN - Moroccan Academic Network
28233,56,I-Conecta Networks
31420,56,Terasyst Ltd
7557,56,Korea Trade Network
48129,56,IRBIS-TELECOMMUNICATIONS-AS
52373,56,ECOM CHACO
202596,56,G.Network Communications
264223,56,MULTIPLIC COMUNICACAO E TECNOLOGIA LTDA -ME
264384,56,Linejet servios de telecomunicaes
198356,56,ISP NETWORK
272882,56,272882
197520,56,UnionCOM
267085,56,Vero Internet AS267085
266769,56,ISPCOM
264906,56,PLANET INTERNET
47283,56,ZeusNet
38923,56,OSIEDLOWA
199205,56,Huemer Data Center GmbH
37358,56,BitCo
60522,56,KomMITT
138235,56,Airnetz Broadband Services Private Limited
53085,56,Vero Internet AS53085
262202,56,Telefonica de Costa Rica TC
197798,56,Net-Connect s.r.o.
138804,56,SpeedNetwork
202208,56,teutel GmbH
329044,56,Surf Net Solutions
264886,56,Gd Net Solution
47117,56,Sibline Ltd.
141509,56,Uteleservices
212742,56,
34920,56,Simply Romford
200409,56,Tecnodata Trentina
328282,56,TEOLIS SAU
57153,56,TeleSystem LLC.
138890,56,Acehlink Media
140244,56,Invision IT
139587,55,China Telecom Henan Zhengzhou Shujugang IDC network
264444,55,LINKCE TELECOM
63311,55,20C
49151,55,Tomasz Gruca
397361,55,Poka Lambro Telephone Cooperative Inc.
57354,55,Systema
17709,55,FarEasTone Telecom
38040,55,NT(TOT) IIG
8680,55,Sure Guernsey Ltd
299,55,UCI
41167,55,REWE digital GmbH
141145,55,Giga Digital Nusantara
35695,55,FALCON Bartosz Kaliński
49163,55,Kabel-TV Amstetten GMBH
20712,55,Andrews & Arnold Ltd
199562,55,EDIFICOM
211689,55,HMZ RADIOKOMUNIKACIE spol. s r.o.
18712,55,EVERFAST-KC
265606,55,DIGY NETWORKS
150242,55,Kampung Dua Net
266999,55,BRENO NOGUEIRA DOS REIS EIRELLI ME
269087,55,netcabo serviços de comunicacao
197393,55,ISP Alliance a.s.
47531,55,OskolTelecom
6718,55,NAV Communications
49863,55,Lite-Telecom Limited
265365,55,GANDI MANOEL DO AMARAL
38851,55,TNET Communication
43865,55,INTEK-M
197549,55,GHOSTnet GmbH
16527,55,Guadalupe Valley Telephone Cooperative
329452,55,Alwen Networks Co. Limited
204161,55,Alexey Geiner
28330,55,IFTNET-TELECOM
268900,55,Reabra | Open Access Network
61773,55,G+ NETWORK TELECOM EIRELI - ME
13672,55,Consolidated Communications Inc.
264984,55,CLICKIP PROVEDORES DE ACESSO LTDA
263927,55,Marcio Morguenroth EPP
39785,55,Axioma
264997,55,Direct Telecom
6580,55,Golden West Telecommunications
47253,55,BCI Telecommunication & Advanced Technology Company
141398,55,Search IT
198579,55,komputersat
43720,55,MTS OJSC
59108,55,KATCH NETWORK INC.
43700,55,Consilium Optimum
51290,55,HosTeam
16280,55,BorsodChem Zrt
328073,55,IONTel
46687,55,BCI Mississippi Broadband
135345,55,NewMountainView Satellite
53217,55,INFRANET INTERNET
263290,55,Imunidade Digital
265643,55,CH Sistemas Videla
266534,55,Azecom Telecomunicacoes
271567,55,JONATAN S COSTA COMUNICACAO MULTIMIDIA ME
60567,55,SIA RixHost
31297,55,Axian Kft.
197099,55,Multinet24
139820,55,HG TELECOMMUNICATION PRIVATE LIMITED
207028,55,Senza Fili Senza Confini
327922,55,iSPOT
54665,55,North Georgia Network
135722,55,Teleglobal Communications
3790,55,RADIOGRAFICA COSTARRICENSE
50338,55,GamerHost s.r.o.
135423,55,Total Information Management
203417,55,LHPL
12357,55,COMUNITEL
209836,55,Toesegaran Shabakeh Arseh Novin Ltd
7511,55,SYNAPSE
152436,55,IDNIC-ERATELINDO-AS-ID
28139,55,ItaSis Informática
263135,54,NOVA PORTONET TELECOMUNICAES LTDA ME
142285,54,KEITH.NET
13004,54,Serbian Open eXchange
17993,54,Vodafone Samoa Limited
64116,54,PIT - Peru - IP Services
43268,54,SNS-IX Route Servers
39396,54,NBI Systems
141130,54,Dinar Wahana Gemilang
39024,54,Nastech OOD
42209,54,
135076,54,INFOCOM
146961,54,NEXET
133796,54,Subbid Sistem Jaringan dan Infrastruktur
264825,54,TELEALFACOM
268559,54,O.I ADEYEYE COMERCIO
39825,54,NEEN S.p.a.
264888,54,Minas Online Provedor de Internet
149183,54,LEMONGRASS NETWORKS
15759,54,PJSC Rostelecom
135851,54,Excogitate Technologies
264461,54,ADM INTERNET
141671,54,ZEUSS
266427,54,CINTIA AUXILIADORA DE ALCANTARA BARBOSA - ME
207909,54,Nikolai Anatolievich Andreenkov
139056,54,FAST ONE
269358,54,Net Turbo Telecom
58479,54,Trisakti University
58256,54,Rayaneh Gostar Farzanegan Ahwaz Company LTD.
267546,54,Goiás Conect
3833,54,Wyoming.com
202872,54,KME
61761,54,AGATANGELO TELECOM
262476,54,BRCENTRAL TELECOM
138127,54,PEMERINTAH KABUPATEN MADIUN
134153,54,Xplore Net
270891,54,Fernandes e Silva Provedor de Internet Ltda-Me
53132,54,Mega Grupo de Telecomunicações Ltda
137425,54,Incomit Solution
35614,54,Therecom
136357,54,Siddiqui Global Services
270052,54,STARTELECOM S.A.
204548,54,Kamatera INC Germany ASN
268018,54,Giga+ Fibra - Sergipe
49632,54,Datatelekom Bilgisayar Internet Bilisim Yazilim ve Telekomunikasyon Hizmetleri San ve Dis Tic Ltd Sti
138551,54,Skyinfo Online
2152,54,CENIC / CalREN AS2152
152775,54,PT TASKA SARANA NUSANTARA
44524,54,ADK d.o.o.
57705,54,MAXNET-2016 EOOD
34557,54,Tacom
266742,54,SOLUCIONES DCN NETWORK C.A
152516,54,WINDNET PVT LTD
37203,54,Liberia Telecommunications Corporation (libtelco)
43905,54,SPACE NORWAY SATCOM AS
264049,54,TELECOMUNICACOES ALARCAO E FERNANDES LTDA - ME
52015,54,DANCER
272836,54,CALA SERVICIOS INTEGRALES S.A.C
40749,54,CLARKSVILLE DEPARTMENT OF ELECTRICITY
265300,54,Regional Telecom
13237,54,euNetworks Group
142605,54,YetFix Limited
197795,54,ColdHosting
270664,54,A K C PROV DE ACESSO AS REDES DE TEL. E INF
29420,54,PJSC Promtelecom
52991,54,TPNET
212652,54,Boramax ltd
150228,54,PT Argiz Mitra Technology
9249,53,Telecom Vanuatu
209151,53,FERCAM SPA
4638,53,Telecom Fiji AS4638
56391,53,VTELECOM
49044,53,DIGI SLOVAKIA
34953,53,RelAix Networks
37183,53,Utande Internet Services
39507,53,Biznes Swiatlowodem
41969,53,Rundfunk Berlin-Brandenburg RBB
202709,53,Netoip.com
35847,53,Ezee Fiber
33922,53,Nacionalinis Telekomunikaciju Tinklas
42763,53,Czajen
56030,53,Voyager Internet
198876,53,STATE OIL COMPANY OF THE REPUBLIC OF AZERBAIJAN
267425,53,TSCM NET BRASIL TELECOMUNICAÇÕES
137669,53,Asg Telecom
262591,53,FB comunicação Multimedia
267668,53,Gigaweb Tecnologia
43120,53,Lanet Network Ltd
37463,53,MTN Congo
204094,53,I4W - Web Solutions Lda
56779,53,OOO UJK ' Druzhba'
42962,53,CoreLink Global
266553,53,MEGA NETWORK TELECOM
271218,53,AL TELECOM - TELECOMUNICAÇÕES LTDA
50966,53,INTERCOM TECHNOLOGY
214902,53,Philip Fjaera trading as PFWeb Solutions
216033,53,Ergashova Lemara Alimovna
205553,53,Magistral_Telecom
267602,53,M2 ONLINE
202282,53,Fibrus
269079,53,SUPERNETMAIS TELECOMUNICAÇOES
269211,53,MUND NET TELECOMUNICAÇÕES LTDA ME
267823,53,Atenea Telecomunicaciones
45942,53,Sikka Broadband Pvt. Ltd.
36445,53,Coextro
48043,53,Ozyorsk Telecom CJSC.
37473,53,Telesom
37524,53,ORG-AG1-AFRINIC
214574,53,Biterika Group LLC
138489,53,Mawlana Bhashani Science and Technology University
201011,53,Core-Backbone GmbH
141137,53,Media Cepat Indonesia
264255,53,Interfibras Telecomunicacoes
208350,53,Gamsjaeger Kabel-TV & ISP Betriebs GmbH
264524,53,Cunha e Zanato telecom
268185,53,J. C. COMERCIO E SERVICOS DE PROVEDOR DE INTERNET
196767,53,INMART.UA LLC
265931,53,ISP Conecta Telecom
134907,53,Bharat VoIP Communications Pvt Ltd
266571,53,PROFIBER TELECOM LTDA
81,53,MCNC
61914,53,ROBERTO KELLER - ME
60715,53,Lombard s.r.o.
263994,53,HELIO B. MARTINS JUNIOR - ME
270596,53,Rafael Olegario Silva De Lima Servico De Comunicac
139921,53,JASHORE COLO
18882,53,Flextronics International USA Inc.
135688,53,Best IT Centre
151390,53,RUTILEA Inc.
209737,53,Meric Internet Teknolojileri
6762,53,Telecom Italia Sparkle
139018,53,Henan Luoyang IDC
58295,53,Integral Menkul Degerler Anonim Sirketi
208407,52,BYCOM SYSTEMS
34428,52,8ROUTE
27903,52,DIGICEL S.A. DE C.V.
58688,52,Radiant Communications Bangladesh
135182,52,MORADABAD INTERNET SERVICES PRIVATE LIMITED
200018,52,Jonkopings lans landsting
12445,52,A2A Smart City S.P.A
59959,52,SferiaNET.cz
30766,52,GGEW net
42892,52,LOIS-NET
28327,52,PS5 Internet
139372,52,Institut Agama Islam Negeri Pekalongan
136865,52,FISNET
273205,52,AS273205
31531,52,TOV Point
139460,52,Maxindo Mitra Solusi Surabaya
37057,52,Vodacom Lesotho
264259,52,INTERATIVA TELECOM LTDA
262223,52,NECUSOFT CIA. LTDA. (NETTPLUS)
136266,52,Mohammad Abu Nayem T/A Automation System
48327,52,Ray-Svyaz Ltd
9756,52,SK Broadband Co Ltd
38505,52,PT Graha Multimedia Nusantara
25299,52,Kompeatelecom Ltd.
15344,52,Columbus Communications St. Lucia Ltd
269737,52,QUALITY NET JM S.A.S. ZOMAC
204487,52,Fabio Tomas
14103,52,ACD.net
270294,52,LIKELINK SERVICOS LTDA
273133,52,CONEX TV
200702,52,Kazakov Viktor Aleksandrovich
141077,52,Smart Teknologi Utama
52525,52,INPASUPRI
134861,52,Broadstar Net India
262702,52,Granadanet Servicos de Informatica S/C. Ltda.
206385,52,OOO 'SPETSTELECOM-YUG'
135795,52,Zeroshell Networks Private Limited
53173,52,SOBRALNET
136210,52,ITSPECTRUM
270868,52,IP TELECOM E SISTEMAS
204350,52,Ipboom Telecom LLC
56361,52,Orgtechservice Ltd
138623,52,Winer Communication
35251,52,NetLab Global
56262,52,Dagupan Urban Satellite Vision Inc.
273843,52,INVERSIONES ABDO 77
266568,52,MBG Tecnologia
6106,52,University of California Riverside
213890,52,NOVOROS-TELECOM LLC
14463,52,TDKOM INFORMATICA
52541,52,New Speed Telecom
197558,52,Muth Citynetz Halle GmbH
8218,52,Zayo Europe
42922,52,KaspNet Ltd.
29414,52,Politechnika Bialostocka
200713,52,Zettaplan AG
263035,52,PORTAL QUEOPS TELECOMUNICAÇÕES E SERVIÇOS
201179,52,Teraline Telecom
272535,52,VIXNET TELECOM SERVICOS DE COMUNICACAO
203808,52,OOO ExCloud
135866,52,
200218,52,Tvoy Novy Telecom LLP
198890,52,Albanian Fiber Telecommunications
150001,52,Sixty Four Networks
53013,52,W I X NET DO BRASIL
398826,52,OLink Cloud
41368,52,Spotting Brands Technologies S.L.
36958,52,Cable & Wireless Seychelles
205715,52,Fitel Network
214285,52,ABOVEBAR
51995,52,Toroptsev Igor
206182,52,Global Com Basilicata
262514,52,Brasil TecPar (Blink/AS262514)
39790,52,WEB4U
147180,52,LRINTERNATIONAL-AS-AP
213174,52,Globit ISP
19024,52,Unitas Global
202958,52,Hoster.KZ - Almaty
48811,52,Atilim Universitesi
42474,52,SmartApe OU
202302,52,NETH LLC
274062,51,SOLUCION TV 555 C.A
52008,51,NesterTelecom LLC
214893,51,Etisall Company for Internet Services Communication Services Information Technology and Commercial Agencies Ltd.
12713,51,OTEGlobe
57712,51,SOFTVIDEO
17857,51,SK Broadband Co Ltd
17444,51,Hong Kong Enterprise Solutions Ltd
15798,51,University of Warmia and Mazury in Olsztyn Poland
52058,51,za200.cz s.r.o.
29485,51,AMIS Telekom d.o.o.
15806,51,Irish Government Network
47234,51,Olofstroms Kabel-TV AB
31152,51,Engel Austria GmbH
197615,51,NaszaSiec.NET Krakow Damian Murzynowski
141744,51,CPA
136759,51,Cosmopolitan Communications
32953,51,Mid-Hudson Cablevision Inc.
267900,51,ESTABLECIMIENTO CASCADA BLANCA
268288,51,JUPITTER TELECOM PROVEDOR
20764,51,RASCOM
138130,51,PHATRIA INTI PERSADA
267912,51,VIDEO DIGITAL
64297,51,Medialink Global Mandiri
60641,51,HEXATEL SAS
267933,51,IBI TELECOM  AS267933
197254,51,Startnet LTD
27927,51,Coop. Popular de Elec. Obras y Servicios Pub. de Santa Rosa LTDA
134090,51,Leaptel
213261,51,SADENET TELEKOMUNIKASYON
13378,51,QINGYE-CLOUD
328586,51,HORIZON IT SOLUTIONS LTD
268417,51,P.A THOMAZ MARCELINO & CIA
42611,51,Zzoomm
141934,51,PT Sanders Bersaudara Media
264273,51,A & G TELECOMUNICAÇÕES
215039,51,Nodesty
52752,51,Hi7 Telecom
152107,51,Fiberbro Internet Communication Services Corp.
266176,51,Lidercom Provedor de Internet Eireli
264959,51,Torres Telecom
135149,51,Myanmar Technology Gateway Co. Ltd
201884,51,ISP SUPPORT LLC
44923,51,Saint-Petersburg Computer Networks
264344,51,AMAZONET SERVICOS DE INFORMATICA
264731,51,Corporacion Digitel AS264731
19515,51,Oricom Internet
44416,51,Satellite Net Service
198498,51,Dolnet Group
44851,51,BG Retel AS
965,51,Webhosting Holdings LLC
204190,51,Gmina Miasto Szczecin
28352,51,Netspeed Brazil
208668,51,NetSpace s.r.o.
43309,51,GiperNet
48422,51,IT-STARCOM
265329,51,B.B. NET UP
34040,51,TTNET s.r.o.
2735,51,Eastern Irrigation District
32860,51,Cats-Net
37014,51,Mascom Wireless
62106,51,Cable Internet Systems
59652,51,GOLFSTREAM.NET LLC
10278,51,Cable & Wireless (Barbados) Limited
199837,51,Connetical Srl
44668,51,ZNET
41782,51,BGLAN LTD
262834,51,Rede Conesul Telecomunicações LTDA
14291,51,Antietam Broadband
47869,51,Colohouse Network
267684,51,VISIONMAGICA SOCIEDAD ANONIMA
212598,51,SFCTEK Bilisim Yazilim ve Telekomunikasyon Hiz. San. ve Tic. LTD. STI.
56812,51,CHP Zarko Alexandr Ivanovich
328583,51,Crazyweb Tech
269299,51,New HB Servicos de Telecomunicacoes
271160,51,CONNECT FIBRA SERVICOS DE TELECOMUNICACAO
133227,51,AATTIZEN TELECOM
6391,51,Urban Networks Inc
29100,51,BROADCOMDK
1761,51,General Services Commission
51042,50,Klimovsk network Ltd
267613,50,ELETRONET
263779,50,Academia Nacional de Ciencias
34891,50,Urzad Miasta Stolecznego Warszawa
2588,50,Bite Latvija
47453,50,ITservice 2009 LTD
207691,50,EGT Digital
200148,50,FIDOKA SRL
200311,50,PRE WIFI SRL
13795,50,Smart Way Communications
56385,50,Private Enterprise 'Broadcasting Company 'NTK'
58230,50,INTELCOM LTD
33749,50,ATMC
266961,50,Arias Telecomunicações
41997,50,Connect CJSC
52292,50,Fiber2home
327697,50,Free Reunion
199713,50,MLL Telecom
133551,50,OriginNet
204499,50,Ertebatdehi Ilam Technical & Services Company PJS
269615,50,FIBRAXX TELECOM
263390,50,FNT TELECOMUNICACOES E ACESSO A REDES DE INTERNET LTDA
266434,50,MASTER DATA TELECOMUNICACOES
262207,50,Corporacion de Internet Sociedad Anonima.
262821,50,PHS Internet e Suprimentos
59702,50,Junet AB
134714,50,ETPCL-AS-AP
197131,50,Ketnet Telecom Ltd
267523,50,ARANTES & ARANTES TELECOM
37144,50,Unified Payment Services Limited
57990,50,PE Zaiidova Kurbandi
328271,50,Syokinet Solutions Limited
263513,50,Signal Provedor de Acesso a Internet
216363,50,istra-dot-net-as
329279,50,N W Internet Service
134318,50,
329126,50,fibertime™
327972,50,Mawingu Networks
141994,50,OWCPC-AS-AP
263038,50,SkyNet Prestação S.C.M. LTDA. ME.
32809,50,Dickey Rural Networks
28038,50,SAN LUIS CTV S.A.
28326,50,Total Telecom
328286,50,Libyana Mobile Phone Company
13807,50,Great Plains Communications LLC AS13807
39494,50,JSC 'RU-CENTER'
43173,50,AIUT Sp. z o.o.
138096,50,INTEK-AS-ID
48892,50,Physical person-businessman Bolotny Volodymyr Oleksiyovich
269188,50,HUBTEL TECNOLOGIA DE COMUNICAÇÃO EIRELI
31515,50,INMARSAT GLOBAL
61071,50,NETBOX BG
48279,50,Delta-Net LLC
265890,50,GR SOLUCOES TELECOM
206495,50,Gostaresh Ertebat Azin Kia Company PJSC
263154,50,Avancar
25129,50,Scientific-Production Center 'Monitoring' Ltd
48956,50,HyperNET
34781,50,SIL Citycable
50242,50,LEVONET
45996,50,DAOU TECHNOLOGY
12835,50,Trentino Digitale SPA
263627,50,Wnetsistem Comercio e Servicos de Informatica Ltda
266080,50,CMA MULTIMIDIA TELECOMUNICACAOES
45276,50,Nreach Net
265796,50,Guillermo Rama
57901,50,Pautina Ltd.
207147,50,Nexera SAS
20665,50,VARNANET-AS
328816,50,ATS All Technology Solutions (Pty) Ltd
37497,50,Network Platforms
265861,50,SISTEMAS SATELITALES DE COLOMBIA SA ESP
52848,50,IAGENTE
46049,49,Universitas Diponegoro
44702,49,JORDAN TV CABLE & INTERNET SERVICES
211612,49,Cache77
60280,49,Республиканское унитарное предприятие «Национальный центр обмена трафиком»
10101,49,SIMPUR-BN
43364,49,Medi@net
60296,49,Spoje s.r.o.
8542,49,Eviny AS8542
52092,49,Alf servis
11550,49,Smithville Digital
48362,49,Stadtwerke Feldkirch
266169,49,BIXNET SERVICOS DE REDES DE COMUNICACAO VIRTUAL
45015,49,Geny Communications
200420,49,'MEGA-NET' LLC
134196,49,ANYUN INTERNET TECHNOLOGY (HK) CO.LIMITED
9002,49,RETN
39397,49,Az.StarNet
270796,49,CAPITAL FIBRA
268902,49,DANIEL CARVALHO DE OLIVEIRA SILVA ­ ME
134040,49,Vayutel Technology Services Private Limited
132955,49,Pmg Networks Pvt Ltd
35810,49,BIG TELECOM
270843,49,FCPI PROVEDORES DE INTERNET EIRELI
399049,49,Joe Wheeler EMC
267289,49,SCON FIBRAS
22408,49,West Ky Networks
141064,49,Network Lintas Fiberindo
35132,49,Enivest
262502,49,FLYLINK TELECOM
269138,49,ASN269138
152532,49,KRISHNAGIRI FIBER INTERNET PVT LTD
51469,49,Petiak
30029,49,Dobson Technologies
37302,49,Dube TradePort
52850,49,Oxente.net
63984,49,Nexdecade Technology Pvt. LTD
53508,49,Cablelynx
45061,49,Shanghai Information Network Co.Ltd.
138711,49,Digital Info Systems
36549,49,WestTel Ltd.
207187,49,TKR Jasek
262517,49,NIQTURBO PIMENTEL E MOREIRA
35197,49,Virtual ISP
271278,49,A B OLIVEIRA TELECOMUNICACAO E INFORMARTICA
397005,49,Central Virginia Services
25514,49,Modus-Global LLC
49830,49,Goldlink
28572,49,Apoiocom Digital Ltda - EPP
266020,49,Iclick telecom
269417,49,PontoCOM - AS269417
264528,49,KASATECH PROVEDOR DE INTERNET
198227,49,New Telecom Ukraine
48411,49,RENOME
134858,49,iForce Networks
133866,49,U-Turn Technology
62363,49,Ertl & Groß OG
29974,49,Wightman Telecom
202838,49,OOO 'Intercom'
36599,49,SoftEther Telecommunication Research Institute LLC
57633,49,Ariane.Network
204679,49,OSE
134371,49,CIRCLE NETWORK BANGLADESH
131584,49,Taiwan Intelligent Fiber Optic Network  Co.Ltd.
15937,49,ADIF
15743,49,net.DE AG
9825,49,Sustainable Development Networking Foundation (SDNF)
269605,49,Augusto Mateus dos Santos brasil me
131459,49,Blu Ultraband Internet Services
327795,49,Tanzania e-Government Agency (eGA)
43420,49,Eltronik Sp. z o.o.
48917,49,Optinet Ltd
209934,49,WIERER GmbH & Co KG
266380,49,InfoAssisNet
203647,49,WORLDBUS !
272907,49,CDMNET
198735,49,Optimal Solutions Technology
271270,49,T5 Telecom
9103,49,Uniwersytet Zielonogorski
136368,49,Rathnaa Spectra Private Limited
43103,49,ONE TELECOM ltd
15925,49,nexiu GmbH
61939,49,MICRORCIM PRO NET DO BRASIL INFORMÁTICA
198717,49,Techstorage sp. z o.o.
42244,49,eServer.ru
205654,49,Labtech Systems Ltd
41881,49,Fanava Group
61960,49,INTERNOD
45566,49,Google Singapore Pte. Ltd.
264180,49,Fernando Net e Telecomunicações
48328,49,retarus GmbH
45629,48,Jastel Network Co.LTD (Thailand)
271038,48,Mega Turbo Internet Banda Larga Telecom LTDA
33943,48,Eri Internet s.r.o.
203732,48,DV Bern AG
49289,48,MEDIA VENETO
50815,48,TELPROM Informacijske tehnologije d.o.o.
35184,48,IC Telecom
47927,48,Wifiweb srl
51337,48,DEBACOM
328333,48,Fixed Mobile Telecommunications
264436,48,INTLINK PROVEDORES LTDA
399282,48,Connext LLC
27818,48,Cotesma
36829,48,Winstri
61714,48,supercore tecnologia e informatica eirelli
199058,48,SERVA ONE LTD
266647,48,i360
52662,48,Telecall AS52662
57446,48,Telemont Service S.R.L.
18622,48,IBASIS INC.
11191,48,Cal.net
41123,48,Gorodskie Telekommunikatsionnye Sistemy LLC
272775,48,costa & rodrigues serviço de telecomunicações ltda
206774,48,inetbolaget
27720,48,Citta Telecom
47111,48,AKADO SPB
205471,48,Telephone Network of Ashgabat City CJSC
28287,48,Vero Internet AS28287
137594,48,Flashcom Network
401401,48,UNREDACTED-NOISENET
262296,48,Windx Networks
28309,48,WGO TELECOM
269935,48,TAPIA FLORES OSCAR ALDO (FIBRANET ZAMORA)
201952,48,LTD AtelRybinsk
273069,48,MINET C.A
267938,48,UNIC SERVICOS DE TELECOMUNICACOES
271253,48,LINK BRASIL TELECOMUNICACOES
40237,48,United Telephone Company
46408,48,COLUMBUS-COMMUNICATION-SVG
49120,48,Gorset
329062,48,Baremetal Computer Traders
262906,48,URSOFT Soluções em Internet
56899,48,Granatnet
270791,48,DNBA INTERNET FIBRA & SERVICOS LIMITADA
60720,48,Telenet Solution
212616,48,K.M.A ADVANCED TECHNOLOGIES
58655,48,SkyTel Communications Limited
36374,48,Stellar Association
24556,48,Bijoy Online
212853,48,MB Redfox Cloud
329435,48,ORG-AALL1-AFRINIC
28234,48,Wireless Telecom
52864,48,Antonio Robison Gonçalves
270487,48,JC NET TELECOMUNICACOES
12574,48,http.net Internet GmbH
9557,48,Paknet Limited Merged into PTCL
132497,48,DNA Infotel Private Limited
142319,48,Telemedia Komunikasi Pratama
38209,48,Camintel
328278,48,WiberSolutions
38949,48,Trestel SK
7191,48,CenturyLink Communications LLC
43801,48,Comrise AS
34578,48,Bedag Informatik
264414,48,R. PIETSCH
327746,48,DATACONNECT COTE D'IVOIR
20436,48,Prairie Grove Telephone Co.
328722,48,Ciudad
25189,48,AO Countrycom
263096,48,Inorpel Telecom
59478,48,LLC IP SERVICE
44587,48,MEGACOM-IT LLC
204064,48,CEZNET s.r.o.
25441,48,Imagine Communications Group Ltd
48573,48,NFS Telecom
50099,48,Volkskreditbank AG
265472,48,ITA TELECOM
10704,48,Microlink Telecom
268999,48,Fronteira Internet
395570,48,FibreStream
61763,48,Poxley Provedor
268624,48,Gamers Club
152359,48,PT Rajawali Prisma Teknologi
202382,48,HYTEL
13223,48,Council Of Europe
267366,48,: F L SALVIANO PROVEDORES
52772,48,Sjnet Telecom
273221,48,FIBRAZO S.A.S.
399275,48,Solid Systems LLC
135411,48,Red Grapes Pte Ltd
134008,48,T10 Networks
26141,48,CUBEPATH
137252,48,Mohammad Shahajahan
57889,48,MAXSERWIS Sp.zo.o.
214159,48,Cherry Servers SE
27589,48,MojoHost
37279,48,Egyptian Banks Company
43559,47,'Soesta' ZAO
263958,47,GPS NET SERVICOS EM INTERNET
135214,47,SPIDER BROADBAND PRIVATE LIMITED
50226,47,NETcompany
12426,47,Slovanet a.s.
41307,47,Telepark Passau GmbH
196927,47,Regionalna Telewizja Kablowa Spolka Jawna L.Iwanski i Wspolnicy
34169,47,Media-Com Sp. z o.o.
199715,47,MSI Telekom Sp. z o.o. Sp. k.
12464,47,Politechnika Warszawska
61792,47,IPNET TELECOM
21419,47,PISHTAZE E JADID INFORMATION COMPANY (Ltd.)
56566,47,SATT a.s.
51390,47,MTM-INFO S.J.
31124,47,Societe Electrique des Forces de l'Aubonne
30822,47,Dubrovskaya Nataliya Vladislavovna
56330,47,JSC 'ER-Telecom Holding'
1421,47,WANSEC
41563,47,OSTKOM SIA
269854,47,LILA SUSANA FERREYRA(LA CUMBRE TV)
215828,47,TMW Global Networks
137587,47,Vmo Broadband
271052,47,NUV BRASIL - AS271052
39087,47,PAKT
141114,47,Super Media Indonesia
28435,47,JAVIER TAMAYO GARCIA
52180,47,Elite-Line
264169,47,WNP PROGRESSO E SERV DE TELECOMUNICACAO
269663,47,CONNECTLINK TECH
138805,47,Dinas Komunikasi dan Informatika Kota Malang
267979,47,UP CABLE SERVIÇOS DE INTERNET LTDA
37564,47,Wirulink Pty Ltd
43444,47,Fast Servers (Pty) Ltd
212449,47,Erate AS
272549,47,Connect LP
273024,47,SISPROT GLOBAL FIBER C.A.
8100,47,QuadraNet
61031,47,Escomtel Backbone Network
153869,47,Newisland Media Vision Inc.
61854,47,CLICKNET TELECOM PROVEDOR DE INTERNET
216154,47,CLODO CLOUD SERVICE CO. L.L.C
5626,47,ONITELECOM - INFOCOMUNICACOES S.A.
134054,47,raagav communications
271988,47,ISRAEL DE LOS SANTOS WIFI SRL
17878,47,DREAMMARK1
27781,47,SMITCOMS
62887,47,Whitesky Communications AS62887
262374,47,FAZZY INTERNET
205718,47,Alcort
152499,47,INFINITYLINK COMMUNICATIONS PRIVATE LIMITED
209835,47,Avanza Fibra
53143,47,R&R PROVEDOR DE INTERNET LTDA
136531,47,NetExpress Online
138134,47,Tunas Link Indonesia
58334,47,DAWIS IT Sp. z o.o.
141215,47,Dotcom International Pvt. Limited
48019,47,Terra-Telecom LLC
48133,47,SWAN a.s.
58350,47,PHU Classcom Sp. z o.o.
135191,47,HARKYAL TELE SERVICES PRIVATE LIMITED
138761,47,Inycb Network Private Limited
27357,47,Rackspace Hosting
142393,47,Media Solusi Sukses
262624,47,INETSAFE COMERCIO DE EQUIPAMENTOS ELETRONICOS LTDA
48065,47,Syriatel Mobile Telecom
199475,47,Mazowieckie Sieci Swiatlowodowe sp. z o.o.
58284,47,OOO RTS Telecom
198056,47,TeleOka Kom Ltd.
271325,47,LACKNET SERVIÇOS DE TELECOMUNICAÇÕES
210514,47,PE IAC RO-NET
197156,47,Petit Telecom
201369,47,STATE ENTERPRISE 'INFOTECH'
47943,47,EDGOO NETWORKS UNIPESSOAL LDA
263684,47,Internet Services SA - 263684
209393,47,OOO Dontel
269838,47,TecMesh
152764,47,PT CEMERLANG INTERNET INDONESIA
12208,47,TruVista Communications
266358,47,H L SERVICOS DE COMUNICACAO E TECNOLOGIA
197988,47,Solar Communications GmbH
3548,47,Centro de Investigación y de Estudios Avanzados del Instituto Politécnico Nacional
210876,47,Serpa IT S.L
51628,47,Aleksey Ershov
266643,46,NETFY TELECOMUNICACOES
30929,46,GOLEM TECH
197502,46,WMC SYSTEMY INFORMATYCZNE
12859,46,BIT BV
150516,46,Badan Nasional Penanggulangan Terorisme
266319,46,Smart Telecom Networks Serv.de Telecom. LTDA M.E
262453,46,GOLD INTERNET LTDA
271239,46,Altatech Soluções em Tecnologia EIRELI
270776,46,Hiperlink Telecom Brazil
268599,46,JOSE MAURO MANOEL DE SOUSA - ME
198825,46,Mathys Dumonte
215117,46,HosterDaddy Private Limited
262903,46,Tubaron Telecom
133656,46,Krp Communications
132779,46,RackBank
55025,46,BLUEZONE INTERNET INC
29068,46,University of Tehran
268611,46,WJ NET
64419,46,Ecotel
13536,46,FirstLight Fiber
37090,46,ISOCEL SA
329263,46,ORG-LSFI1-AFRINIC
41802,46,Kvidex-Telecom
267184,46,E J DO N BEZERRA & CIA LTDA - ME
53061,46,G2NET SUL PROVEDOR
7524,46,iTEC Hankyu Hanshin Co.Ltd
265973,46,R7 TELECOMUNICAÇÕES EIRELI ME
50998,46,UGR-AS
39612,46,Tevia Ltd.
27955,46,Cooperativa de Provisión de Servicios Publicos de Tortuguitas
197628,46,Sudak-Net LLC
196968,46,Ilm-Provider
263230,46,CalaCoop - Main
268671,46,RLNET PROVEDOR
28534,46,Mexico Red de Telecomunicaciones S. de R.L. de C.V.
215659,46,Kyun
45815,46,ESDS Software Solution
17976,46,CamGSM
263252,46,GIGASAT SERVIÇOS DE PROCESSAMENTOS DE DADOS
199128,46,PET NET DOO Gevgelija
41720,46,REVOLUTION PROVIDER
54527,46,Astute Hosting
52532,46,Speednet Telecomunicações
34622,46,Bredband i Kristianstad AB
21433,46,Accenture
262792,46,VESCNET PROVEDORES DO BRASIL
15461,46,Science Production Enterprise Solver
57375,46,VillaNet LLC
48687,46,Aleksandr Bobrichenko
44788,46,Criteo Europe
48481,46,KINGISEPP ONLINE
201602,46,Newtec
133854,46,X-Press Technologies Limited
133971,46,Rmax Broadband
140072,46,Fiberworld Communication AS140072
15102,46,WiBand Communications
57084,46,Bjare Kraft ekonomisk forening
19437,46,SECURED SERVERS LLC
197184,46,Orbital Ltd
270448,46,ASN270448
266471,46,Silva Oliveira Serviços de Informatica
132599,46,Ministry of Posts and Telecommunication
133706,46,Gigantic Internet Services Pvt.
149359,46,Persada Data Multimedia
135036,46,UCPL - NextG Network Services
150387,46,BADAR ENTERPRISES CABLE NETWORK (PRIVATE) LIMITED
270606,46,R3 TELECOM
48574,46,T-Mobile Czech Republic a.s.
7575,46,AARNet
33067,46,CLASSICSOUTHCOMM
399471,46,AS-SERVERION
150605,46,SHRAVI COMMUNICATION PVT LTD
262543,45,New Life Net
51315,45,PE teleradiokompaniya Lebedin
43542,45,OptoNet Communication spol. s.r.o.
50343,45,New Work SE
327820,45,SWECOM
265351,45,INFOARTES TELECOM LTDA
9389,45,BEIJING SHENZHOU GREATWALL COMMUNICATION
208857,45,LUWY TV-IT GmbH & Co KG
56667,45,Intercom LLC
398025,45,Cumberland Connect
141529,45,Vmps Internet
140481,45,Tonggak Teknologi Netikom
209219,45,LLC Daginfonet
153651,45,QPPF Company Limited
329472,45,SPARK Internet Service Provider
133619,45,DESIVPS
56386,45,LLC 'GREEN-NET'
212613,45,Gemeindewerke Nuembrecht GmbH
216129,45,SEBEK sp. z o.o
151648,45,ALPINES INTERNET
271016,45,G NETWEB TELECOM
268429,45,SISTELBRAS TELECOM
22653,45,Cyber Wurx
264497,45,Mais Net Telecomunicaçoes Eirelli
29889,45,Fast Serv Networks LLC
43627,45,KLI
25341,45,LLC 'Nauchno proizvodstvennaya Firma 'Raspredelennaya Obrabotka Informacii'
138093,45,PT. Lintasmaya Multimedia
41216,45,Advania Sverige AB
135258,45,Sdh Network
135254,45,Maitree Telecom Private Limited
29596,45,GENERACJA.pl
57233,45,Kompanon
214526,45,
270632,45,ACESSE WI-FI SERVICOS INSTALACAO E MANUTENCAO
47588,45,TEL COMMUNICATIONS L.L.C.
270186,45,MT FIBRA
264170,45,Winet Brasil
329192,45,Optinode Group LLP
196739,45,Success
203161,45,Tomelloso Best Service S. L.
20771,45,Caucasus Online
262898,45,jm telecomunicação e man.
63490,45,Artha Media Lintas Nusa
138600,45,Achiever Broadband Internet
262769,45,AVANZA TELECOM LTDA
59637,45,RSI-NET
263693,45,WICORP
41019,45,Burgasnet LTD
197400,45,P.P.U.H 'OLKO'
8643,45,NATIONAL AND KAPODISTRIAN UNIVERSITY OF ATHENS
9074,45,KOC SISTEM BILGI VE ILETISIM HIZMETLERI ANONIM SIRKETI
8829,45,ElmoNet Oy
149009,45,Dubai Sky Internet
49158,45,Wifinity
267261,45,PROXER TELECOMUNICAÇÕES LTDA ME
140148,45,Pegasuswave
60886,45,Amit Net Telecom LTD
49777,45,ATEXS PLUS Ltd.
17846,45,SK Broadband Co Ltd
141480,45,Haash Media
263981,45,DAVID DE SALLES BRASIL JUNIOR - ME
136141,45,SK Traders
12097,45,Massillon Cable Communications
211774,45,ign.cz internet s.r.o.
51235,45,ARAAX DADEH GOSTAR information and communication Development Co (Private Joint Stock)
263087,45,BR SUPER
51310,45,MATRONIX
269924,45,CREA SERVICIOS TECNOLÓGICOS SAPEM
16417,45,HPS // Cisco Cloud Email Security (CES) / IronPort
52821,45,Torres e Anselmi
51267,45,Interlink Comunicatii SRL
264750,45,TELEOPERADORA DEL NORDESTE
133360,45,Awinet Global Mandiri
263421,45,NR Conexões que Fortalecem
152698,45,Zorn Technologies
21713,45,BULLOCH
8443,45,PJSC Rostelecom
267600,45,INFORTEK PROVEDOR
13026,45,Manuel Kahr
149616,45,Saileelas Internet Service Private Limited
210129,45,Atomo Networks
51428,45,IRONNET Ltd.
34788,45,Neue Medien Muennich
133076,45,Unique Atlantic Telecommunication
21069,45,METANET AG
17981,45,Cambotech
207279,45,MARKAHOST
60172,44,YARNET LLC
132590,44,AKCTV Pte. Ltd.
267964,44,BRANDAO SERVICOS DE COMUNICACAO LTDA
55329,44,Telcotech Cambodia
201021,44,Ahmet Onur Guney trading as Onur Bilisim Ve Yazilim Hizmetleri
8326,44,MAN Bydgoszcz EDU
207714,44,Fundacion Tecnalia Research and Innovation
58044,44,free-zona s.r.o.
15433,44,Telecom Italia San Marino
51436,44,IDEALAN Sp. z o.o.
135034,44,Planet Communications Asia Public Company Limited
200805,44,Melita Limited
9130,44,LLC Managing Company Hydraulic Machines and Systems
211101,44,Nasteka Maksim Viktorovich
263527,44,SERRA GERAL SOLUCOES PARA INTERNET
11402,44,Charlotte Colocation Center
16190,44,WEB LLC
28432,44,Telecable del Mineral
209240,44,Isa.Net
213373,44,IPCONNECT
49849,44,MG2002-AS
199096,44,JSC 'Digital network 'Logos''
36728,44,Emery Telcom
268041,44,LINKVALE INTERNET EIRELI
44144,44,HostRoyale Technologies Pvt Ltd
132198,44,ICORE-MY
199469,44,AIRNETGeorgia
35348,44,Computer Wired
48230,44,LLC MONOLITH.NET
262587,44,Cerentini Soluções em Tecnologia
273204,44,Colombia Mas Sabana
268696,44,TUDDO INTERNET
135661,44,Superior Connections
36817,44,MCSnet
50886,44,SC NETFIL
200962,44,LLC Citicom Systems
209398,44,Tytarenko Maryna
204383,44,SPCom
266475,44,SEM FRONTEIRAS TELECOMUNICAÇÕES
37164,44,Orange (SL) Limited
262888,44,Lprint Telecomunicação e Engenharia
265097,44,Upnet Telecom
270548,44,AGI TELECOM
263152,44,Migo Telecom
53130,44,MILBR.NET Internet Provider
273078,44,SERVINET COMUNICACIONES S.A.S.
26091,44,Indiana Data Center LLC
209007,44,AlanyaNet
266640,44,
327921,44,Bait Ashames for Data Communication
3855,44,LOGIC-3855
53196,44,NetSTAR SOLUÇÕES
269595,44,VGRNET
266062,44,R2 DADOS LTDA - ME
272018,44,KM TECHNOLOGY
137349,44,GEMILANG SARANA MANDIRI
273427,44,GLOBAL FIBER BRASIL LTDA
265261,44,Tely Banda Larga
204165,44,Cznet s.r.o.
61662,44,G2 XAXIM TELECOMUNICACOES
42086,44,RO&NI EOOD
134146,44,SAM ONLINE
8692,44,Bundesrechenzentrum GmbH
136055,44,Queen Network Nusantara
137561,44,WayLink
136335,44,Mtel Networks Private Limited
24792,44,Stadtwerke Kitzbuehel e.U.
52593,44,Monte Alto Net Ltda
19969,44,Patmos Network
267201,44,Fiber One Telecomunicações
267002,44,JV NETWEB
262146,44,Datos
136318,44,Inter Net LY
268359,44,SPEED FIBER CONNECTION LTDA ME
14346,44,Agencia Estado Ltda
3245,44,Digital Systems
398787,44,GoDaddy.com LLC
52510,44,Mi Internet SpA
394161,44,Tesla
42926,44,Radore Veri Merkezi Hizmetleri
28624,44,Oops Telecom
35319,44,ALTAIR MEGA LLC
61768,44,Net Infinito Telecom
266186,44,Eleandro Luiz Sampaio
269616,44,MALUGAINFOR COMERCIO DE PRODUTOS DE INFORMATICA
197954,44,Ambrogio s.r.l.
61697,44,AIRCONECT_COMUNICACOES LTDA-ME
52947,44,PARAOPEBANET
41822,44,MTS PJSC
13122,44,Manx Telecom
49785,44,AWIST
202228,44,Krzysztof Klaptocz NetService
201367,44,Energente S.r.l.
63877,44,PT Universal Internet Service
136105,44,Anindisa Komputindo Pratama
33951,44,'FORWEB' S.C. Monika Bodetko Tomasz Pawlowski
51054,44,OOO 'TransKom'
265023,44,TMK-NET-LTDA
34458,44,Smart Networks
204279,44,Eltrona Interdiffusion S.A.
213468,44,HD-decor Oy
215381,44,ROCKHOSTER PRIVATE LIMITED
264880,44,RF Connect
266040,44,PROVEDOR UNIVERSAL
263589,44,MGP TELECOM
203536,44,FNOH DSL Suedheide
20582,44,Beeone Communications SA
328749,44,Triqa Wifi
396949,44,Kamatera Inc.
149433,44,FM Networks
198399,43,Fastcon
44444,43,Forcepoint Cloud
198228,43,Silistra TV
328993,43,Click Fiber Communications
140577,43,Ahrefs PTE Ltd
203936,43,Iberwix Telecom
3242,43,ITNET Italia
37684,43,Angani
54142,43,White Cloud Communications US LLC
264071,43,HOPNET TELECOM
265937,43,ALIANCANET TELECOM
46664,43,VolumeDrive
216024,43,ALEKSEI FEDOROV PR KRUSEVAC
37682,43,Tizeti Network
53086,43,OAI
203600,43,VIVAFIBRA TELECOMUNICACIONES S.L.
55383,43,YYY Group Inc.
60645,43,AS Consulting Sp. z o. o.
38750,43,TELEMEDIA DINAMIKA SARANA [AS38750]
35346,43,ITNS.NET
13415,43,FirstDigital AS13415
272137,43,SurConexion
262259,43,Starnetworks
30456,43,Cosmic Global
50309,43,ARCADIZ TELECOM
11902,43,World-Link Communications Inc.
271231,43,J. S. dos Santos Junior Comunicações ME
272814,43,TOVARSAT C.A.
19016,43,Westman Communications Group
50473,43,Altagen
329390,43,DANSTED TECH SUPPLIERS
263320,43,Sansara Telecom
35876,43,VoltNet inc
196879,43,VolkhovOnline
141324,43,Hightec Network Solutions
61648,43,PLAYIP
61308,43,PVONET-AS
264765,43,VANET TELECOMUNICACIONES SRL
271104,43,SN TELECON LTDA
138881,43,INDONESIA TRANS NETWORK
202619,43,DOVECOM
268605,43,SRG TELECOM
263263,43,STAR SERVICOS DE INTERNET LTDA
34263,43,MPY Telecom Oy
6325,43,Illinois Century Network
61951,43,Brasil-IP
8711,43,JSC Avantel
60707,43,Kapteyan A.S.
44385,43,NA-NET Communications GmbH
198743,43,Narodowe Centrum Badan Jadrowych
45410,43,ALLO City Broadband Service
200076,43,Klapka Gyorgy Lakasfenntarto Szovetkezet
262600,43,ASE TELECOMUNICAÇÕES LTDA ME
198731,43,Prisco Electronica
268873,43,Luiza Maria de Souza Sindelar
269404,43,Departamento de Trânsito do Estado - DETRAN/RJ
22381,43,Megatelecom Telecomunicacoes
4613,43,Mercantile Office Systems
61406,43,Zavod RTA Ltd.
61820,43,Ipunet Telecomunicações
200064,43,Red digital de telecomunicaciones de las islas baleares
151813,43,NETCOM
18070,43,Global Network Core Co. Ltd.
19853,43,OrangeHost
15765,43,Tafjord Marked AS
52172,43,Zagrebacki holding d.o.o.
57388,43,I.B.C-TELECOM
263877,43,REDE BANDA LARGA
138734,43,B FIBERNET
270678,43,W.B.G INFORMATICA E TELECOMUNICACOES EIRELI
45302,43,DES Teknologi Informasi
211309,43,OBOS Nett
60191,43,Nowatel
199452,43,MS3 Network
6315,43,XMission
56376,43,Alida
28250,43,Telbrax
58136,43,OOO RGTS 'Parus'
216188,43,Bieber IT GmbH
264283,43,Net Triangulo Telecom Ltda - ME
58325,43,Hydra Communications Ltd (ASIA)
265886,43,Universo Digital Telecomunicações
262604,43,Click.com telecomunicações
51889,43,Gostaresh Pardazesh Dana Negar Co.(PJSC)
269311,43,DNET BRASIL
268269,43,ASN268269
214438,42,NexGen Cloud Ltd
269797,42,LOCH TEL SRL (GOLOCHTEL)
51027,42,JSC Tatmedia
52531,42,DL INFORMATICA
34245,42,Magnet Networks
12577,42,mmc gmbh
39217,42,Elmec Informatica
44768,42,Kontron Hungary Kft
31313,42,STS
35187,42,PCC IT S.A.
57566,42,Wircom s.r.o.
42487,42,Vialis Moselle
20705,42,HSBC Bank plc
136798,42,
138315,42,Countrylink Communiction Pvt Ltd
153277,42,FEATHERS TELECOM SERVICES PRIVATE LIMITED
48359,42,Hesabgar-AS
268988,42,MULTINET TELECOM
11844,42,EMPRESA CATARINENSE DE TECNOLOGIA EM TEL
56707,42,OOO NETCOM
51247,42,serveriotechnologijos-AS
271011,42,SpedyNet Telecom
64022,42,Kamatera Inc.
267770,42,COTEGUA LTDA (Coop. de Telecomunicaciones Guayaramerin Ltda.)
267378,42,CWMC TELECOM
48480,42,AltNet
61693,42,RODRIGO MATTARAGIA
35026,42,Gelicon-Apple Limited liability company
21020,42,State autonomous institution of the Republic of Dagestan Center for Information Technologies
56450,42,Alberon Letohrad s.r.o
153119,42,PT Intan Pariwara
23771,42,SXBCTV
58424,42,Xinwei Telecom Cambodia
34771,42,Megaseti Ltd.
264599,42,SYNCONTEL TELECOMUNICAÇÕES LTDA
134658,42,JULIA MULTIMEDIA NUSANTARA
57181,42,OOO RTK
147213,42,KOSHI BROADBAND COMMUNICATIONS
264235,42,FUTURAMA INFORMATICA LTDA - ME
215160,42,wellownet
203484,42,ROAD INFRASTRUCTURE AGENCY
199820,42,PE Dyatlov Sergey Vladimirovich
41114,42,Orne THD
63394,42,Eastern Iowa IP
269782,42,Network Speed Wireless
138797,42,COASTAL BROADBAND
140401,42,PROXINET
136929,42,Meridian Cable TV Inc.
15870,42,Bst Ltd.
202293,42,D-Cloud
28111,42,Grupo Solunet SRL
264051,42,PLAYMAIS FIBRA
268231,42,X-CELENTE TELECOM
33604,42,Burlington Telecom
205640,42,NOVA GROUP LLC
39761,42,ABAK Co.Ltd.
8890,42,University of Warsaw
29148,42,SURANY.NET s.r.o.
211595,42,OTP Bank Nyrt. Hungary
196956,42,Net-spring s.r.l.
44133,42,IPAX Internet Services
42919,42,LTD Darya
21360,42,Empirion Telekommunikations Services GmbH
200059,42,
9794,42,Core Mediatech (D-NET)
136214,42,CREATIVAIT-AS-AP
51341,42,Gigacom Systems
207592,42,GWDG
57478,42,Dar.Net
56642,42,TVNET2 Ltd
271879,42,BALOCCO JUAN BAUTISTA (ESQUINA IMAGEN)
266013,42,Moratec Equipamentos
204203,42,Atrin Information & Communications Technology Company PJS
270832,42,DANTAS & ARAGAO
137905,42,Mangkone Technology Co. Ltd.
198721,42,Progetto8
53189,42,Toque Telecom
203628,42,Televoice Polska
9080,42,Ipex
60893,42,Art Of Automation B.V.
266519,42,Proveradio Telecom (Grupo EVO)
51269,42,Hexatom
212939,42,Pishtazan Dade Pardazi AriaSepehr - HR
132637,42,BITSNETID
61591,42,WESTLINK TECNOLOGIA E COMUNICACAO AS61591
135788,42,Vedant Broadband
136121,42,Digital Media Telematika
196900,42,Axalnet s.r.o.
199578,42,Rheinland-Pfaelzische Technische Universitaet Kaiserslautern-Landau
201106,42,Spartan Host
58826,42,ICOMBANGLADESHLTD-BD
273895,42,INFINITE SPEED TELECOMUNICACIONES SAC
18360,42,Santo Tomas E-Service Providers
25960,42,PropelCLOUD
20766,41,Association Gitoyen
329481,41,Lightstruck Connect T/A Yutiliti
56055,41,Micro Logic Systems
6921,41,Arachnitec Inc.
13009,41,Redcentric
51615,41,Zavod Kabelska televizija Nova gorica
24723,41,ATMAN Basic
9099,41,Finanz Informatik GmbH & Co. KG
51896,41,Hringdu ehf
48626,41,Mediasat s.c.
3238,41,Alcom
17310,41,BVU Authority
396279,41,WASHINGTON ELECTRIC COOPERATIVE
262899,41,RT NICOLAU TELECOMUNICAÇÃO - ME
136314,41,SHAILDHAR TELECOM SERVICES PVT LTD
132641,41,Netciti Persada
56803,41,Datasource AG
273409,41,NETCENTER FIBRA TELECOMUNICACOES LTDA
264952,41,GSG TELECOM SERVICOS
263270,41,CONECTA FIBRA TELECOM
31514,41,
28173,41,Dinâmica Telecom
267965,41,PORTAL NET TELECOM SERVICOS DE COMUNICACOES LTDA
273134,41,273134
197663,41,POLANS telekomunikacijske storitve d.o.o.
138678,41,Grandbo Technology Development Corporation
262365,41,IBITelecom
207973,41,ISNET W. MISTAK M. MISTAK SPOLKA JAWNA
266356,41,Pronto Fibra
273154,41,273154
24514,41,Malaysian Research & Education Network (MYREN)
33130,41,Internet Access Solutions Ltd.
271694,41,Manalink Solucoes em Internet
133684,41,Sun Broadband And Data Services
61233,41,TERRA TELEKOM SP. Z O.O.
268214,41,schossler e silva
48391,41,Pars Data Processing Company (LTD)
215413,41,
136362,41,Yes India Communications
151006,41,PT Nesta Indo Media
134055,41,
198002,41,CEZNET s.r.o.
51904,41,Utex-Telecom LLC
265160,41,FULL TECH TELECOM
52020,41,RSK - Rudzkie Sieci Komputerowe Sp. z o.o.
136480,41,Myanmar Unilink
271133,41,M&A Tecnologia
136184,41,Y LINX (PVT.) LIMITED
10075,41,Fiber@Home Global Limited
142065,41,Wifi Nepal Private Limited
8681,41,JT
39431,41,ArgoCom Ltd.
269174,41,FIXANET TELECOM PROVEDOR DE INTERNET
197991,41,HISPASAT
208314,41,Access Telecom Ltd.
142595,41,AG Communication
270665,41,SHIRLEY SANTOS MENEZES
51215,41,Stuttgarter Strassenbahnen AG
212372,41,COOLNET LLC
2847,41,LITNET
62211,41,VODAFONE MOBILE OPERATIONS LTD.
267779,41,TV Horizonte S.R.L.
31349,41,a-net Liberec
212325,41,
205318,41,Limited Liability Company AVATOR ISP
45361,41,Ulsan Jung-Ang Broadcasting Network
25914,41,Quadro Communcations
270561,41,net rapida telecomunicações do brasil
51010,41,National Agency of Public Registry
44559,41,IT HOSTLINE LTD
202766,41,
215900,41,
138221,41,Ynet Telecom Solutions
136688,41,Datamax Technologiespvt Ltd
48602,41,Connect plus
61000,41,Etruriacom Srl
264119,41,UBA CONECT TELECOM
58067,41,JSC Chitatehenergo
264161,41,FGTECH INFORMATICA
196640,41,Aspider Solutions International
8737,41,KPN B.V.
263648,41,PontoCom Net
49502,41,ART INVEST LTD
37317,41,AccessGlobal Communication
203210,41,SZYBKINET
196994,41,Telekomunikacja Wschod
202657,41,Pavel Jochim
269853,41,CBVISION
29044,41,Ivano-Frankivsk INFOCOM LLC
136654,41,Krishna Broadband
213644,41,Iranian Server Processing Limited Liability Company
133719,41,IDIGITALCAMP WEB SERVICES
18218,41,HK Science & Technology Parks
204582,41,'The Technical center of Internet' Limited Liability Company
38172,41,IPSTAR Australia
267212,41,WEB 8 DATA CENTER LTDA
213570,41,Hostluyoruz
49302,41,ACTIV NET SRL
197649,41,
201983,41,Ansluten Hosting i Sverige
214174,41,
264212,41,IMPACTO TELECOM
207033,41,DTnet
17476,41,CloudRadium(HK)
15497,41,Colocall Ltd.
216063,41,24fire GmbH
265172,41,NavelinkNet
53045,41,UAUBR PROVEDOR DE ACESSO A INTERNET
48433,41,Omiplat LLC
42844,41,Kbrod.net Ltd.
139925,41,SharkNet Telecom Pvt. Ltd.
32595,41,Liberally Network (International)
213596,41,
49760,40,Hayat for Internet & communication LLC
135763,40,GAYATRI COMMUNICATIONS
266436,40,NETCENTER TELECOM Porto Seguro
41289,40,Deutscher Wetterdienst
62099,40,JM-Net
51960,40,PROMARKET COMPUTERS
15100,40,Bevcomm
53127,40,VB Telecom Com. e Serv. de Info
268101,40,MIO TELECOM LTDA
31721,40,Azercell Telecom
28409,40,ENI NETWORKS SAPI de CV
3141,40,Benemerita Universidad Autonoma de Puebla
153107,40,PT Rnet Mitra Sentosa
42322,40,MTS PJSC
263333,40,VIPTURBO COMÉRCIO & SERVIÇOS DE INFORMÁTICA LTDA
152992,40,DATAONLINE-VN
206610,40,Mixvoip AS206610
265440,40,Telnet Sistemas e Comunicações
266660,40,Allytech S.A.
270625,40,M. S. TELECOMUNICACOES LTDA
270703,40,ALLTEC
10076,40,Erdemnet MNREN
32590,40,Valve Corporation
22697,40,ROBLOX
48206,40,netpro
273103,40,TV&MAS S.A.S
142476,40,GIGANET DIGITAL NET SERVICES
267463,40,ALL CONECTA INTERNET
132746,40,Infolink System
268401,40,LM SISTEMAS LTDA
263471,40,Intervel Informatica Ltda
27288,40,Digital Path
41344,40,Vist on-line
131965,40,XSERVER
25250,40,Gamtel Co.
266814,40,266814
31593,40,TV Company 'Black Sea' Ltd
52908,40,JP PROVIDERS
328734,40,Tandaa Networks
266520,40,VOOB TELECOM
18859,40,GVEC
197159,40,Trinet Ltd.
59831,40,MegaTelekom. Ltd
265525,40,TV CABLE DEL GUADIANA S.A DE C.V.
52924,40,NEXCESS Soluções de Redes Ltda.
138958,40,Tandag Electric & Telephone Company
51814,40,Yeninet Fiber internet
6639,40,CWCAYMAN
266668,40,OBERCOM S.R.L
12033,40,Adams TelSystems Inc.
62006,40,Unecha Television Network Ltd.
329211,40,Novia East Africa
137047,40,TELECOMMUNICATION AND TECHNOLOGY MASTERS
212313,40,Commune De Bauge-en-Anjou
131158,40,Nara Institute of Science and Technology National University Corporation
42493,40,Lorca TV Sol S.L.
197423,40,Jotel d.o.o.
211291,40,Tulun-TeleCom Ltd
29184,40,Igra-Service LLC
25532,40,Masterhost
53102,40,S.I. Teleinformatica (Sitel)
139029,40,AKNETWORKS
28277,40,VMAX
43284,40,IWB
49715,40,PTU WLAN-TECH PLUS JACEK SOLTYS
214155,40,Saily-AS
269930,40,CAMPOS FARIAS GUILHERME
201449,40,Digital Absolut Business - Servidor Virtualizacao Cluster Datacenters e Telecomunicacoes Lda
24634,40,Transmog Inc S.A.L
3695,40,SPM TELECOM
54548,40,ProfitBricks USA
262784,40,SATURNO COMUNICAÇÕES
213095,40,Exaion SAS
197697,40,Derkom Spolka
31319,40,Estracom S.p.A.
272066,40,FIBRAZUL INTERNET S.R.L.
270623,40,DATTAS INTERNET EIRELI-ME
29340,40,Africa Online Ghana
57634,40,SKAT POPOVO Ltd.
44429,40,MXTel Ltd.
149584,40,SCNSKY DIGITAL
61942,40,TurboNet Telecom
204478,40,EW Hoefe AG
5690,40,Vianet Internet Solutions
200645,40,Gilass Rayaneh Sirjan Co (PJS)
49826,40,Lounea Palvelut Oy
12346,40,Maria Curie-Sklodowska University
48298,40,MINISTERSTVO VNITRA CR
47902,40,InAsset
42541,40,Fiberby
61323,40,ANS (UKFast)
262320,40,BANDA TURBO PROVEDORES DE INTERNET LTDA
266492,40,FLASH SERVICOS EM FIBRA OPTICA LTDA - ME
131463,40,STN COMMUNICATION & ADVERTISING PVT LTD
28996,40,Impuls
56475,40,DATA-COM Piotr Data
53178,40,SCNET TELECOMUNICAÇÕES LTDA
268062,40,REDE SMART SOLUCAO EM INTERNET EIRELI
205041,40,Vitosa.net
216193,40,Hyperion Cloud SAS
210017,40,Connect4Hasselt
265725,39,COOP. DE ELECT. OBRAS CRÉDITO VIVIENDA Y SERVICIOS PÚBLICOS DE LAS FLORES LTDA
266704,39,TELEVISION ORIENTADA S.A.
16229,39,Primetel PLC
29505,39,Stadtwerke Lübeck
49106,39,Opticom Group
201205,39,Fluvius System
60426,39,WightFibre
147287,39,DATAPARADISE
197217,39,Shentel
329007,39,ELENDE
264263,39,STARTEC PROVEDOR DE INTERNET LTDA
138829,39,CAPOENG
266731,39,TELECOMUNICACIONES MAURICIO ANDRES KASENDRA LARENAS
149526,39,GITELENET
270968,39,GRUPO TELECOM
53488,39,Optimum Online
46293,39,Midwest Energy & Communications
264642,39,TELESISTEMA
212263,39,
265770,39,GRUPO LANA S.A.
50004,39,FO-P Gromov Evgeniy Viktorovich
28051,39,Villa Flandria
9922,39,New Kaohsiung Broadband
262491,39,Saulo J. de Moura Borba
268493,39,SpeedNet Telecom
266887,39,SOCIEDAD GAMACON LIMITADA
268678,39,CSI SOLUCOES TECNOLOGICAS
270877,39,INTERNETUP TELECOMUNICAÇÕES LTDA
205638,39,T-Mob
134940,39,Faridabad Netcom
266634,39,KLINK TELECOMUNICAÇÕES LTDA
61901,39,RMR Fibra
134867,39,FUEL NETWORKS
141254,39,Netfox Networks
198357,39,Padidar Technology PJSC
39709,39,Maryno Network
61367,39,TOO B-TEL
269473,39,i4 Telecom Eireli
204522,39,Zbigniew Sojka trading as PPHU Matrix
139377,39,Universitas Sultan Ageng Tirtayasa
265483,39,JAPNET
204817,39,Netcan Technologies S.L.
262385,39,VSAT TELECOMUNICAÇÕES
50367,39,OOO BENET
394991,39,SWC TELESOLUTIONS
151576,39,IDNIC-DNS-NET-AS-ID
138527,39,ADC Group Network
134562,39,Discovery Internet Narsingdi
262530,39,Quality Net
150576,39,ZYETEK TELECOM
17378,39,TierPoint LLC
268697,39,I A TORRES PROVEDORES ME
61568,39,FSF Tecnologia
149645,39,Spectrum Cable Network and BroadbandInc.
329159,39,TechTribe
197602,39,TV9-AS
44546,39,ALFA TELECOM s.r.o.
41129,39,Pivnich Line Ltd.
10835,39,Visionary Communications Inc.
137346,39,PT. Cyber Network Indonesia - Bali
134968,39,MAYACYBERWORLD-AS-AP
59193,39,IIT Hyderabad
29545,39,iPlace Internet & Network Services GmbH
60822,39,Wispone
135859,39,Realwire Express Network Private Limited
136014,39,SS Online
37088,39,VDT COMMUNICATIONS
209551,39,Amisol GmbH
267385,39,MEGA NET RIO
270013,39,INFOFRACTAL
393889,39,EightJoy Network LLC
262373,39,CONECT TELECOM
35000,39,JSC SEVEREN-TELECOM
201123,39,Zelenaya Tochka Ufa LLC
263587,39,J. UTZIG & CIA LTDA - EPP
59665,39,Ultra-Telecom LLC
269499,39,FIBRALINK INTERNET E TELECOMUNICACOES
200573,39,NEXET Sp. z o.o.
8607,39,Digital Space Group Ltd
201466,39,Xarxes de Telecomunicacions Alternatives SL
266572,39,WORLDNET TELECOMUNICAÇÕES
15969,39,Systemia.pl
25353,39,BAR Informatik Net
268242,39,CONECTJET - CONEXOES RAPIDAS LTDA EPP
288,39,ESA Network Information Centre (ESANIC)
197058,39,Pimonenko Sergey
54489,39,CoreSpace Inc.
56983,39,SWIDMAN
12766,39,MAGNA STEYR Fahrzeugtechnik AG und Co KG
267452,39,CABONNET - R W TELECOMUNICACOES
262394,39,Internet 5.8 Telecom
36881,39,Multitel Servicos de Telecomunicacoes
64300,39,JSN Jaringanku
268271,39,MINAS NET TELECOM LTDA
263467,39,INSPIRE TELECOM - EIRELI
48464,39,Futuro Exito
263522,39,LGNET
271813,39,COMUNICACIONES MIGTEL C.A.
212974,39,TomaNet
53231,39,Grupo Host LTDA
52698,39,OPENTEL Comércio e Serviços Ltda
271604,39,SIMPSON INTERNET VIA RADIO WI-FI - EIRELI
136393,39,Symphony Communication (Thailand) PCL.
267155,39,VOE INTERNET 267155
205960,39,HDTIDC LIMITED
19905,39,UltraDDoS Protect
61275,39,NEAS AS
27380,39,NYSS
58627,39,Oneasia Network Limited
142453,39,Jetway
206387,38,Region Blekinge
35224,38,PLINQ
60609,38,APFUTURA TELECOM
211189,38,Thermo Electron Ltd
199348,38,FIBRAWEB
35671,38,MURATOR S.A.
198380,38,Nova Quadri
210423,38,ATUAXANELA S.L.
199527,38,UAB 'Bite Lietuva'
265676,38,INTERSAT
48747,38,Lukovitnet Ltd.
39477,38,
204631,38,VIVANET
270782,38,L2K Informatica
45785,38,TECHAVENUE Malaysia
263159,38,BRASTURBO TELECOMUNICAÇÕES
57842,38,UralKonnektServis LLC
10279,38,West Carolina Communications
135480,38,Arjuna Global Teknologi Indonesia
205899,38,
202513,38,Gestioniza Infraestructuras
41403,38,JSC 'ER-Telecom Holding'
215391,38,CAFER ESER
209759,38,Moy Telecom LLC
266139,38,ZENAIDE ALVES DE SOUZA OLIVEIRA E CIA LTDA - ME
60764,38,Telecom Samara
269151,38,SWAP TELECOM
263482,38,Megalink Servicos Ltda
64123,38,Dodolink Internacional SRL
136085,38,Pemerintah Kabupaten Bojonegoro
329006,38,DFA Zimbabwe
28094,38,Southern Cable Network
18420,38,National Central University
212975,38,TeamCity s.r.o.
26609,38,Universal Telecom Ltda.
57440,38,CleverEnable B.V.
39904,38,MERIT GROUP a.s.
25964,38,Henry County Board of Education
48950,38,Global Custom Data Limited
151757,38,WEONE BROADAND
53088,38,ForNet Telecom
137153,38,Optisky Fibernet
273189,38,CA NETWORK S.A. DE C.V.
61614,38,67 Telecom
53152,38,THS Provider
262809,38,Talklink Telecom
135031,38,RI Networks
209273,38,HRiNS
270340,38,NETCOM TELECOM
149241,38,Mana Internet Services
2639,38,Zoho
205277,38,Interlink LLC
44500,38,Vlasimnet s.r.o.
8903,38,LYNTIA NETWORKS (Main AS)
134937,38,Speed Communication
14703,38,MARQUETTE-ADAMS TELEPHONE COOPERATIVE INC.
203257,38,Layth Zuhair Zahid
8245,38,Video-Broadcast GmbH
11123,38,Ultimate Internet Access
268144,38,Grandella Telecomunicações e Construções Ltda
149994,38,Rego Communications
264759,38,PERGAMINO CELP INFRACOM S.A.
61242,38,Multinet Krzysztof Kupiec
203462,38,NOVACONN
205485,38,NetSolution
22313,38,Supercable
197833,38,ZAPNET
49556,38,webdade
262520,38,Prefeitura Municipal de Alfenas
267783,38,QUALCOM TELESISTEMAS C.A.
136901,38,BTRC
31960,38,Eduardo Mondlane University
17787,38,Pakistan Software Export Board
138699,38,ByteDance AS138699
58275,38,COMP-SHOP s.r.o.
137144,38,Passit Media And Communication
142445,38,WAVENET INFRATEL PRIVATE LIMITED
135464,38,WINETMEDIA
264214,38,Guaptel-Net Telecom
270777,38,RGSul Internet
209001,38,DELTAKON KFT.
198525,38,ClimaxNET
12701,38,Barclays Bank plc
131686,38,CCN
27751,38,Neunet
44134,38,BOLIG∙NET A/S
264209,38,LINKFORT TELECOM LTDA ME
211873,38,Stadtwerke Merseburg GmbH
140456,38,PT Era Awan Digital
34300,38,Internet-Cosmos
266453,38,Acesso Net Servios
265166,38,SuperNetwork Telecom
269714,38,Vipfiber Telecom Ltda
134280,38,Alwar Online
132925,38,Ideastack solutions private limited
201661,38,PRZEDSIEBIORSTWO AJC 2 S.C. OZGA ADAM KUBALA JAROSLAW OZGA KONRAD
206265,38,Xarxes Esteses de Comunicacions SL
265126,38,FLEETNET TELECOMUNICACOES
270371,38,CONECTE MARECHAL
38932,38,Rimex
271874,38,Cablefuturo
328858,38,Express Data Networks
266551,38,CONEXAOBA PROVEDOR DE INTERNET
63139,38,BEDGE CO LIMITED
207143,38,hosttech GmbH
53939,38,Digital Realty Seattle
263762,38,COOPERATIVA DE ELECTRIFICACIÓN RURAL DE GUANACASTE
49825,38,Lantek LLC
269728,38,DECERET CIA. LTDA.
328373,38,Village Operator
11194,38,
34518,37,Radiokom Ltd.
399065,37,Dixie EPA
264346,37,SOFTWAY INFORMATICA
200069,37,MAILJET SAS
56369,37,Orange Belgium SA
3169,37,Jacek Pasek BRK Network Devices
42981,37,RES.PL
199478,37,Radiokable
6782,37,BDNET
215891,37,Kantonspolizei St.Gallen
198440,37,ALLPOINTS FIBRE NETWORKS LIMITED
142331,37,Boombas Carlo Medianet
265268,37,Smart Solucoes Tecnologicas
153227,37,VIGNAN's FOUDATION FOR SCIENCE TECHNOLOGY AND RESEARCH
49392,37,LLC Baxet
262567,37,TELECOM FOZ
211750,37,MC-Node
53171,37,Vero Internet AS53171
328098,37,ORG-JS2-AFRINIC
262309,37,BMBB SERVIÇOS DE COMUNICAÇÃO LTDA
207590,37,LocLix
263338,37,VEXNET TELECOM INFORMÁTICA LTDA
57974,37,Teracast Networks LLC
20299,37,Newcom Limited
265207,37,PLUS PROVEDOR DE INTERNET
152057,37,PT Dinoki Wayae Yoshe
272447,37,World Fibra
265432,37,Opty Internet
48293,37,Uniontel
266299,37,MARCOS SINDOR RIBEIRAO BRANCO
60627,37,Rayankadeh Apadana Company Ltd
139278,37,Data Edge Limited
268213,37,Full Telecom
264193,37,
267074,37,NEXT PROVEDORES ACESSO LTDA ME
264619,37,Wireless Provider
17551,37,Swoop Residential
395535,37,Weiss Internet
263450,37,NBN TELECOM
271203,37,ZUX
270939,37,2MM2 SERVIÇOS DE TELECOMUNICAÇOES
262988,37,Pombonet Telecomunicações
30881,37,MTS PJSC
266924,37,RiachoNet
264850,37,TODAS LAS REDES SA
203190,37,
58293,37,ALFA ILETISIM HIZMETLERI PAZARLAMA TICARET
43908,37,JSC Pursvyaz
265019,37,NEX TELECOM
270237,37,MULT3 TELECOM
49984,37,Telcom
263634,37,TACNET TELECOM
269918,37,SISTEMAS TELCORP C.A.
396238,37,FairlawnGig.net
25081,37,Heidelberg iT Management GmbH & Co KG
15886,37,Ltd. Konnektika
204281,37,NetX - NG
328411,37,Gulfsat Madagascar
16367,37,SALAMON INTERNET s.r.o.
25880,37,Public joint-stock company 'RUTELEKOM'
6720,37,Magistrat der Stadt Wien Magistratsabteilung 01
11815,37,Cooperativa Telefónica de Villa Gobernador Gálvez
133736,37,TasmaNet AS133736
268915,37,PROVEDOR CLICNET
43661,37,OOO Kip Konnect
268241,37,DIGITUS INFORMATICA LTDA - ME
48720,37,VIP-TELECOM-SERVICE Ltd.
269006,37,CRISTIAN MARY HILGEMBERG BUENO - ME
57396,37,Aliev Magomed Kadievich
273143,37,SIGNAL PERU
50864,37,IT TeleNet
21571,37,MLS Wireless S/A
24685,37,Load.me sp. z o. o.
38984,37,M9COM-AS
48659,37,Wide-Net
30967,37,Truphone
328853,37,OXAHOST
207242,37,NOEL s.r.o.
211248,37,Artemis NET s.r.o.
267845,37,Exito Vision Cable
210830,37,MyFatDigital Ltd
271094,37,Soluti Fibra Telecomunicações Ltda
53185,37,Zago & Zago Telecom
265015,37,R&R Virtual Informatica
44566,37,KDS-Kabel Net DOO
270334,37,NET 100A
19192,37,Universidad Central de Venezuela
151396,37,Sajilo Net Pvt Ltd
37545,37,Burundi Backbone System
16262,37,Datacheap LLC
147259,37,HASTEN NETWORK PVT LTD
139996,37,DINAS KOMUNIKASI DAN INFORMATIKA KABUPATEN TABANAN
34489,37,Pannon Pipics Ltd.
12727,37,Vialis Colmar
47889,37,SUNNET LLC
61078,37,Trade Partner Sp.zo.o.
9955,37,Baekseok University
137568,37,SKY SYSTEMS LTD
197144,37,PP SVS Stream
135216,37,Airway Communication Services India Pvt Ltd
264440,37,POINT TELECOM
44019,37,Spetsnet Ltd.
56423,37,FOP Lisovskiy Dmitro Sergiyovich
208838,37,DomSet OOO
267963,37,HAYAN TELECOM
271664,37,INFINITY FIBRA TELECOMUNICACOES LTDA
197113,37,LCS Systemy Teleinformatyczne
47193,37,LAN-Optic Ltd
203937,37,CYFROTEL SPOLKA JAWNA MARIUSZ ULIDOWSKI MAREK BZDZIUCH
211399,37,KPD group OOO
205570,37,SIBANET
268186,37,InterOuro Telecom
265125,37,V. GRAZIOLI & CIA. LTDA. - ME
264088,37,Matrix Internet
35624,37,Fast Servers (Pty) Ltd
42095,37,PP IP Communications
23805,37,Watarase Television
263558,37,Jet Telecom
56823,37,FOP Mulyavka Vyacheslav Aleksandrovich
262424,37,InterSoft Internet Software EIRELI
132848,37,CNT Corp
201701,37,Freifunk Rheinland e.V.
398108,37,
213291,37,NebiusCloud
150249,37,Atharva
264744,37,FibraTeleCoM
136780,37,MYANMAR INFORMATION HIGHWAY
207731,37,NXSR UNIPESSOAL LDA
44462,37,Stadtwerke Mürzzuschlag
50349,37,Radoslaw Walentowski
206251,37,Xbest.net.pl Sp.z o.o.
216064,37,NOWA GAMES TEKNOLOJI ANONIM SIRKETI
139016,37,ExonHost
264473,36,POLOTEL TELECOM LOCAÇÃO E DES. DE. SITES
206094,36,TELBESKID Sp. z o.o.
204716,36,PLAYMAX s.r.o.
5631,36,Elevate UK
50563,36,Onlycable Comunicaciones S.L.
43579,36,Ordensklinikum Linz GmbH
203724,36,Skyhigh Security AS203724
211410,36,Brandstetter Kabelmedien GmbH
53043,36,Net Vale LTDA
41624,36,Elektronika NS Ltd.
62212,36,SmartApe OU
135046,36,TAIZTEL (PRIVATE) LIMITED
135806,36,Kalpavruksha Internet Services
52624,36,WEB TELECOMUNICAÇÕES LTDA
150011,36,MAULEE BROADBAND
265830,36,FULL CONECTION
52612,36,Alt Informatica
138113,36,PT Amron Citinet
133285,36,CNSINFOTEL-AS
51197,36,FOP Nayman Olha Vladimirovna
40020,36,Farmers Telecommunications Cooperative Inc.
266124,36,Marcio Eiji Yasue
264493,36,Latin American and Caribbean IP address Regional Registry
267535,36,Ajust Consulting
24209,36,Inter Media Lintas Nusa
138272,36,Hi5 Multimedia Services
42431,36,BiConsult Eood
9678,36,HostingInside LTD
23729,36,ALO-AS-AP
7670,36,EnecomInc.
27932,36,Reytel
41636,36,Ministry of Finance of the Russian Federation
263698,36,TRANSDATELECOM
268690,36,SOS WIFI PROVEDORES LTDA ME
268087,36,RADIONET TELECOM LTDA
267372,36,ASN267372
44050,36,PIN
263443,36,WORLDNETM
269864,36,COMUNICACIONES METROPOLITANAS INC
153154,36,Universitas Katholik Soegijapranata
49561,36,VECHIR TELECOM
271744,36,Alfacom telecomunições e multimidia LTDA
263928,36,JBMNET TELECOM
29680,36,Gamma Comunicaciones Integrales
197831,36,Telekom Ltd
268424,36,Giga+ Fibra - Santos- SP
262496,36,Clonix Telecom
35306,36,P.P.H. RENE
50712,36,Kavkaz Internet Service Ltd.
267059,36,NET VIP MT
267466,36,MVF NETWORK
271385,36,FIBRA CHEGOU COMUNICACOES EIRELI
42668,36,Nevalink
263242,36,DIGITAL WORK
43605,36,Severo-Eniseysk-Telecom LLC
142386,36,PT JARINGAN LINTAS ARTHA
270253,36,SICONECT TELECOMUNICACOES
52409,36,COSEIDI
262462,36,Aranet
211483,36,Continental AG
263015,36,G7NET AS263015
13307,36,SKIF ISP
270455,36,KONECTAMAIS SCM LTDA
44061,36,SAT-MONT-SERVICE Sp. J.
199296,36,Virtual Space
43427,36,Medis Intago d.o.o.
60032,36,Coriolis
15164,36,Unite
21032,36,TELTA Citynetz GmbH
50705,36,Telgam
15953,36,KBC GLOBAL SERVICES NV
212131,36,PSMEDIA LTD&CoKG
42374,36,INSTALNET SZABAT RYDZEWSKI SPOLKA JAWNA
47223,36,Lukman Multimedia
269921,36,Telecable Central Puerto Plata
142342,36,AKSESNet
45355,36,Digicel Fiji
137681,36,Alien Dns Pvt Ltd
400521,36,Omni Fiber AS400521
49387,36,Springs-Net EOOD
211588,36,Innovation Harbor B.V.
19194,36,Sentris Network LLC
267961,36,FRAGA COMUNICACAO E MANUTENCAO DE EQUIPAMENTOS
264308,36,RM INFORMATICA
139415,36,PT Trinity Teknologi Nusantara
262605,36,Brasil TecPar (LVT)
266430,36,Victor.net e Link Evolution Telecom
201337,36,AVATEL TELECOM SA
199846,36,ComNet Multimedia Sp. z o.o.
140948,36,Neo Link Pvt. Ltd.
264790,36,COOPERATIVA DE PROVISION DE SERVICIO ELECTRICO Y OTROS SERV DE PIGUE
52829,36,NEWLINE TELECOM
141083,36,PT Filltech Antar Nusa
15372,36,IBH IT-Service GmbH
329167,36,SPRINKVILLE NETWORKS LIMITED
60982,36,X-ZONE IT SRL
267511,36,JK NET SERVICOS MULTIMIDIA EIRELI - EPP
61745,36,NBS TELECOM
208544,36,Pautina05
151718,36,DHUNI NETSOL PRIVATE LIMITED
60895,36,LEKOS s.r.o.
52235,36,IPV6 SRL
153096,36,High Speed Connection Network
137354,36,PT. Data Sinergitama Jaya
138039,36,Broadband Business Ideas
37440,36,Airtel Malawi
196,36,The Boeing Company
27005,36,PNPT-ASN
39399,36,Fenix VT
264705,36,Secretaria Nacional de Tecnologias de la Información y Comunicaciones
51681,36,DATIUM
266624,36,CONEXAO VIP TELECOM
264867,36,Click Telecomunicação Ltda ME
267282,36,roberto da silva pessoa
135837,36,Arihant Communications
272672,36,ALMEIDA SERVICOS DE MULTIMIDIA E COMUNICACOES LTDA
39201,36,wavecomhu
55470,36,Cyfuture
24111,36,nzwireless LTD
57999,36,DataNet ISP
49301,36,Joint Stock Company TransTeleCom
204213,36,Netmihan Communication Company Ltd
204403,36,HOTCITY
33028,36,VEXXHOST Inc.
150445,35,Getechbrothers
16633,35,I-3
53338,35,ITCI
27928,35,Liberty Tech
59970,35,AmigoNet
202856,35,BENE GmbH
44832,35,AlphaPhone Telekommunikations GmbH
24848,35,Kielce University of Technology
202237,35,Wic-Net s.r.o.
12566,35,SFR Business Team
33986,35,Redder Telco
8362,35,NordNet SA
266039,35,GROUPOK SERVICOS DE COMUNICACAO LTDA
211955,35,
269089,35,Hilan Telecom
24872,35,MAGNUS NG LLC
397068,35,CarolinaConnect Cooperative
264570,35,RIOTEL
136714,35,Stampede Communications
270857,35,G.F. SERVICOS DE COMUNICACAO LTDA
140006,35,RSUP DR KARIADI
5429,35,ТЦ ЮМОС
264246,35,Globaltech Telecomunicações e Informatica Ltda ME
53073,35,GD SERVIÇOS INTERNET LTDA
54903,35,GLOBALROUTE
38133,35,CMB
5523,35,CREDO-TELECOM
264872,35,Nethope Telecom
17573,35,SK Broadband Co Ltd
268407,35,TOP MASTER TELECOM
44084,35,MultiWire S.r.l.
205889,35,Giga Nineveh for internet services
202387,35,Republican Unitary Enterprise 'Production Association 'Belorusneft'
57827,35,Svyaz Komplekt Ltd.
329451,35,Rain Communications
271120,35,Infonet Conect
266371,35,R7R
328351,35,DK Wireless
141642,35,Ring Media Nusantara
267714,35,DAF S. R. L.
52279,35,ETERNET
28131,35,NET.COM PROVEDOR DE INTERNET
329021,35,SAVENET NETWORKS-AS329021
150748,35,Gmax AS150748
265804,35,COMUNIDAD 3 PLAY
58725,35,ZYE TELECOM
29013,35,Link Telecom Ukraine AS29013
329101,35,Icon Fiber Solutions
36556,35,WAVE RURAL CONNECT Network
266121,35,A.S.DOS SANTOS - TECNOLOGIA DA INFORMACAO
328306,35,Avanti Communications South Africa
4540,35,Sogetel
262794,35,Vero Internet AS262794
262709,35,Flex Seg Network
31229,35,Beyond.pl
262332,35,AGI Informática Ltda ME
214922,35,FanAvaran Mihan Mizban PJSC
197790,35,Actus
149909,35,PT Panjalu Sarana Data Indonesia
12905,35,ACS
43623,35,ARD-Sternpunkt
136429,35,BAS Network
207050,35,FIBRAWORLD TELECOM S.A.U.
132622,35,Combined Soft BD
265661,35,265661
44682,35,TFIBER
136856,35,Tower Bersama
49765,35,Comms365 Limited
21344,35,PKO BP FINAT Sp. z o.o.
52861,35,SN Internet Navegantes
264033,35,FIBER NETWORK SERVICOS DE COMUNICACAO MULTIMIDIA LTDA
48585,35,CLEVERNET
399893,35,Richmond Telephone Company LLC
3254,35,Lucky Net Ltd
62241,35,ForestNet
268480,35,
134143,35,Kinetix Networks - Australia
35567,35,DASTO semtel d.o.o.
23699,35,IP Teknologi Komunikasi PT.
53246,35,CyberInfo Provedor de Acesso LTDA-ME
263094,35,Prefeitura Municipal de Foz do Iguaçu
9562,35,Mahasarakham University
328696,35,Tecpoint Global Solution limited
141530,35,Raje Prachaar Internet Services Pvt Ltd
27759,35,ACCESS HAITI S.A.
27987,35,NODOCOOP Federación de Cooperativas
34306,35,SOCIETE REUNIONNAISE DU RADIOTELEPHONE SCS
138014,35,
32329,35,Monkeybrains
212701,35,Hostinux Limited
201637,35,BARTNET Naruszewicz i Krawczun Spolka Jawna
196865,35,Aircomm S.r.l.
61296,35,TechCom
39372,35,Josef Edtbauer e.u.
200534,35,DOMENY.TV MSERWIS Sp. z o. o.
208405,35,SINET ISP. LLC
31357,35,Limited Company Information and Consulting Agency
132996,35,Threesa Infoway
38165,35,ADSNET (ads.net.id)
42318,35,FastBit AB
137213,35,ROMANCE-AS-AP
214628,35,WestfalenWIND IT GmbH & Co KG
200599,35,eins energie in sachsen GmbH & Co. KG
8470,35,MAcomnet
40564,35,Vocom International Telecommunication INC
134677,35,Dromatics Systems Pte Ltd
54252,35,Sprious LLC
270310,35,ELETRONIC SPORT S BRASILIA LTD ME
265303,35,Brasil TecPar (TV Alphaville)
213029,35,PRO DATA-TECH MCHJ
209711,35,MUV Bilisim ve Telekomunikasyon Hizmetleri Ltd. Sti.
59766,35,WicitY
198068,35,P.A.G.M. OU
153830,35,Upnet Technology Solutions Company Limited
61893,35,RMS Telecom
214063,35,Data Center LLC
207680,35,Pars Databan Co
266779,35,ANMAX Telecom
61603,34,Goias Telecomunicações SA. - GOIAS TELECOM
263098,34,Eyes Nwhere Sistemas Inteligentes de Imagem
211709,34,turbonet
40819,34,Liquid Web L.L.C
31435,34,MEDICOM BULGARIA Ltd.
206977,34,STATE SERVICE OF SPECIAL COMMUNICATION AND INFORMATION SECURITY OF THE REPUBLIC OF AZERBAIJAN
197860,34,Haruka Network
34863,34,Hexanet
196822,34,SELECT SYSTEM s.r.o.
24951,34,Everyware AG
14709,34,Cable Onda AS14709
12651,34,IP worldcom SA
197301,34,Parknet
43118,34,East & West Sp. z o.o.
56515,34,OXYNET
198277,34,Grzegorz Maszczyk trading as MAG FIRMA HANDLOWA
23563,34,Tbroad Suwon Broadcasting Corporation
327732,34,Dalkom Somalia
43228,34,SimpleTelecom LLC
29255,34,ZAJIL-AS
263462,34,SPEED PLANET TELECOMUNICAÇÕES LTDA - ME
267175,34,ASBYTE
265852,34,Carlos Paz Television Net
400633,34,Peoples Rural Telephone Cooperative Corporation Inc.
52605,34,PGI SERVICOS DE TELECOMUNICACOES LTDA ME
18474,34,Aeneas Internet Services
269603,34,MM Telecomunicações LTDA.
215182,34,Avelacom-Business
267245,34,NETFACIL TELECOM
37027,34,SimbaNet Comm Kenya Limited
19201,34,Eastex Telephone Cooperative
272750,34,SB CONECT LTDA
22690,34,TransAfrica Communications
6879,34,ENSTINET
267450,34,oliveira & sousa comunicações
271072,34,ULTRAFIBRA NET REPRESENTACOES TELECOM EIRELI
14671,34,Consolidated Communications - Taconic
37266,34,Amobia Communications
266955,34,TI.NET SERVICOS DE COMUNICACAO E MULTIMIDIA EIRELI
36088,34,Oath Holdings Inc.
202618,34,Rychly drat s.r.o.
60087,34,Netsons s.r.l.
47952,34,ICT BULUT BILISIM A.S.
42245,34,PJSC 'Vimpelcom'
50558,34,Rayaneh Pardazan Baran Co.
400475,34,Nuclearfallout Enterprises Inc.
135333,34,AKCTV Pte. Ltd.
36444,34,Nexcess.net LLC
138788,34,Acushnet Communication
141796,34,VAYU ONLINE PRIVATE LIMITED
266012,34,G.M.V. SERVICOS DE INFORMATICA
327996,34,Accelerit
267022,34,TG COMUNICACOES LTDA - ME
25100,34,Non state educational institution 'Educational Scientific and Experimental Center of Moscow Institute of Physics and Technology'
267221,34,Gold Telecom
19009,34,Everstream
22315,34,San Bernardino County Superintendent of Schools
39347,34,Zero Sapte Services Srl
141955,34,Timor Lintas Nusantara
400511,34,CWAVEFIBER
272895,34,
264186,34,AGTNET Comércio e Serviços LTDA
262634,34,LEMOS E MORAIS
11067,34,PTSINET
39777,34,Dynamic Distribution
262196,34,Interface
262725,34,RG SILVEIRA LTDA
263067,34,VNT FIBRAS
328855,34,NCW (Pty) Ltd
44341,34,Nikita Sergienko
11650,34,Pioneer Long Distance
52544,34,Ivatel Redes e Internet
267513,34,Seanet Telecom Carazinho
262480,34,CONNECT10 INTERNET
269742,34,AVIDTEL E.U.
61670,34,New Net Informatica e Telecomunicações
62386,34,BTG
271514,34,WEB ONLINE TELECOMUNICACOES EIRELI ME
263196,34,Infosport
265424,34,Horizontes Telecom
61836,34,CYBERLAN SERVIÇOS DE TELECOMUNICAÇÕES
52559,34,Novatec Telecom
329129,34,Libyan International Company for Technology
44417,34,JSC Neotelecom
8283,34,Netwerkvereniging ColoClue
39402,34,Ferrari-Networks SARL
269993,34,COMPAÑÍA CHILENA DE COMUNICACIONES PARALLEL S.A.
41015,34,GELKA HIRTECH KFT
134023,34,Aligarh Muslim University
48592,34,Dorna Network LTD
208642,34,WI-NET S.R.L.
136555,34,BK Online
19005,34,J2 Global Ventures LLC
328576,34,TelcoExchange (aka AS328576.net)
268192,34,WSNET Internet e Dados
201654,34,CEZNET s.r.o.
152305,34,Easy Network
270528,34,ASN270528
38571,34,Star Broadband Services (I) Pvt. Ltd.
34399,34,MOBISNET ltd.
269878,34,MACHADO ECKERT EGNI ALEXANDRA (HINET)
205375,34,Indalmovil
63932,34,BCC-BD
208803,34,ACN LLC
31197,34,FNH media KG
200750,34,Klinika Komputera Artur Wolski
52746,34,Primanet Informatica LTDA
16531,34,Protel i-Next
47521,34,IpHost P.C.
264976,34,Cyberline Comunicacoes e Serviços LTDA ME
57552,34,Onrela LLC
265823,34,NETROPOLYS S.A.
34412,34,Saba Abr Mizban LLC
27712,34,Paulo Dias de Araujo Filho
62327,34,Yuriichuk Vatalii
45079,34,GDS-NET
267815,34,SERVI CABLE
2642,34,California Department of Technology
198263,34,K2 Media
204672,34,Stadtwerke Rhede GmbH
40993,34,MTS PJSC
39570,34,Loopia AB
196863,34,HATANET
41841,34,Microchip s.c. W. Wrodarczyk A. Kossowski
52800,34,OS CONNECT INFORMATICA EIRELI - EPP
147131,34,Global Sarana Elektronika
265817,34,Rubén Oscar Mosso (INTERZONA WIFI)
271238,34,SBCNET LTDA
207203,34,TIMEWARP IT Consulting
41076,34,Post Danmark A/S
37110,34,Moztel LDA
34975,34,Azimut-R Ltd.
15566,34,Infotechna
3267,34,RUNNet
262272,34,Vero Internet AS262272
59185,34,NETRUN TECHNOLOGIES
47302,34,cyon AG
272216,34,Naíra J S Carvalho-Me
47735,34,NOWIRE s.r.l.
11994,34,Gatespeed Broadband
61712,34,YUPNET TELECOMUNICACOES
265130,34,FIBRA EMPRESAS LTDA
147127,34,PT Tujuhlangit Lintas Nusantara
17448,34,Web.com.ph Inc.
28884,34,MR Sibir
134702,34,NETSCOPE
210469,34,Nubulus Network
52941,34,SPACE NETWORK INFORMATICA
41913,34,Computerline Group
269877,34,SERVICIO DE TELECOMUNICACIONES 7NET LIMITADA
23576,34,NAVER
328266,34,Atomic Access
136267,34,Info Internet Service
264571,34,Netfar Informatica
269482,34,UP TELECOM LTDA
213896,34,Cherry Servers DE
268983,34,NAXOS TELECOM
139648,34,PacketStream LLC
152131,34,iLead Network Corporation
36002,34,GoMami NET
41176,33,Sahara Net
62423,33,Telecom Center
62163,33,IP River Limited
51155,33,Citylink Telecom
15874,33,Interkam
5524,33,Breedband
16302,33,SuomiCommunications
29515,33,Hessische Zentrale fuer Datenverarbeitung
42580,33,NOS ACORES COMUNICACOES S.A.
60316,33,rgi Datentechnik
398432,33,WANRack LLC
200773,33,FUENTEALBILLA-AS
328426,33,Zonke Wifi
266166,33,GLOBALNET SERVICOS E INFORMATICA
39832,33,Opera Software AS
33788,33,Canar Telecommunications Corporation Limited (Canartel)
42998,33,Cross-I Ltd.
212898,33,Meganet HD LLC
133707,33,La Pointe Telecom Solutions Pvt Ltd
21723,33,GoCo Technology
36813,33,Hamilton County Communications Inc
141740,33,Vision Blue Communication
270268,33,JULIANA PALANDRANE
138050,33,Dinas Komunikasi Provins Jawa Barat
132972,33,Nandbalaji Connecting Zone
269906,33,Chaco Digital SA
266303,33,PROVYNET TELECON LTDA ME
198766,33,Netsystem
14574,33,RTCCOM
209400,33,KurpfalzTEL
52431,33,Cyberwave S.A.
46592,33,Tombigbee Communications
265461,33,CCA INFORMATICA
61587,33,C. HOKI DA COSTA
37460,33,Orange Centrafrique
134308,33,Clickian Network
263888,33,FIUZA INFORMÁTICA & TELECOMUNICAÇÃO LTDA ME
49897,33,Alians Telecom Ltd.
265099,33,REDE SMARTNET
57587,33,'INTEGRATED COMMUNICATION NETWORKS' LLC
268795,33,TELEXTRA TELECOMUNICACOES
138123,33,ADEAKSA INDO JAYATAMA
60171,33,AFR-IX Telecom
266454,33,EXPAND TV
266772,33,TRIMOTION S.R.L.
149848,33,CELEBRITY CABLE NETWORK
273663,33,NT FIBRA
267832,33,VELONET SAS
134216,33,EDMONDBSORIANO-AS-AP
328884,33,BLUE ITS BUSINESS SOLUTIONS (PTY) LTD
198757,33,MediaKvant Ltd.
50635,33,Call Master
270419,33,FIBER WEB SERVICES
39326,33,Syntura Group Limited
210016,33,TARIK-ALTHURAYA-FTTH
270786,33,CITYNET COM. DE PROD. DE INFORMATICA LTDA
400220,33,PearlComm
51069,33,Dnepronet
28368,33,SOBRAL TELECOMUNICACOES LTDA
132400,33,COMMUNITY CABLE VISION CORPORATION
14677,33,City of Tacoma
268367,33,ITELFIBRA TELECOMUNICAÇÕES LTDA
44945,33,Olah es Tarsa Kereskedelmi es Szolgaltato Kft
209061,33,DIGI Tavkozlesi es Szolgaltato Kft.
9937,33,Delta Networks
264397,33,SUPRANET TELECOM
60533,33,SateliX
57099,33,Boundless Networks Limited
395748,33,NS
47638,33,Cadence Networks Ltd
12539,33,UAB Penki kontinentai
55991,33,Asia Pacific Network Information Centre
43171,33,Maxnet PL
60619,33,TelcoNet Kft.
30953,33,PROC
272193,33,SPnetFibra Provedor Networking
152525,33,Jetsys Telelink Opc Private Limited
48650,33,ETHERLINK
137151,33,Greenworld Netcast
58303,33,Rasana Pishtaz Iranian Service Cooperative
42268,33,ROSNET (ros-inet.ru)
49816,33,MTS PJSC
212384,33,Simoresta GL
43995,33,Kabeltex
201548,33,Maxicom
197485,33,Equasens SA
204659,33,Antares-NetlogiX Netzwerkberatung GmbH
52972,33,Tech Cable do Brasil Sist. de Telec
270757,33,VIP NET PROVEDOR DE SERVICOS DE INTERNET
263442,33,NovaNET Provedoria e Telecomunicações
47381,33,Servergarden
329082,33,Connect Services Liberia LLC
329487,33,ORG-FBL6-AFRINIC
24516,33,Virtutel
140638,33,China Telecom
215147,33,Schleyer-EDV UG
199546,33,Moscomnet LLC
60884,33,Netdrive.pl
25206,33,Unacs - Yuri Jordanov Ltd.
9848,33,Sejong Telecom
270780,33,SOLUCOES ULTRA
28093,33,Cooperativa de Electricidad y Servicios Publicos de Arroyito Ltda
18530,33,IsoFusion Inc.
47830,33,Skorpio Piotr Groborz
397391,33,Hop One Networks LLC
51248,33,Host-Telecom.com
153734,33,RADAN TECH NETWORKS PVT LTD
264746,33,CITYCOM
64227,33,CONSOLIDATED TELEPHONE AS 64227
52398,33,Digicel Suriname
7004,33,CTC Transmisiones Regionales S.A.
213775,33,iranian network
267281,33,GIGANET TELECOM LTDA-ME
263520,33,VOA TELECOMUNICACOES LTDA
206945,33,co-fi
263262,33,TOPPNET Telecom
272865,33,INVERSIONES SMARTBYTE C.A.
60976,33,Parsan Lin Co. PJS
48506,33,Metical SRL
268701,33,Vivalink
274166,33,GONZALEZ GAMARRA ARLIS JAVIER (SOLUCIONES MAX)
264625,33,SONYTELNET
44823,33,Engrotus d.d.
262418,33,Indagraf Ltda
207876,33,Newwave
262407,33,RAPIDANET TELECOM LTDA
212269,33,AY TELEKOM BILGI TEKNOLOJILERI LIMITED SIRKETI
268487,33,PRISMA TELECOMUNICAÇÕES LTDA. EPP
269220,33,Vamos Internet Telecom
39817,33,OvaNet a.s.
149926,33,PT Ilham Wifi Solution
200703,33,MEWA Textil-Service AG & Co. Management OHG
52685,33,ConectNet Telecomunicações LTDA
215423,33,flashfiber
269750,33,Gandalf Comunicaciones C.A.
136646,33,Shikhar Broadband
131256,33,MGRM DIGITAL CLOUD SERVICES PRIVATE LIMITED
38888,33,Milcom Co. Ltd. Internet Service Provider Bangkok
141346,33,Computer Future
151678,33,Iriga Telephone Company Inc.
60446,33,Datacasa Datacenter - Istanbul / Turkey
43550,33,JSC Avantel
28824,33,EMP Secure AS
141315,33,Sparkline Internet Services Pvt.ltd.
38090,33,PearlAbyss
44418,32,Bitdefender
60784,32,Iradeum-AS
208556,32,Urzad Miasta Katowice
197029,32,LAM plus
41738,32,Cellfie Mobile LLC
60804,32,Swiss Network SA
58138,32,Korton Internet BV
17147,32,Ministerio del Interior y de Seguridad Publica - Gobierno de Chile
62166,32,Spadhausen
10109,32,Topica
62143,32,FSUE RTRN
37714,32,BITFLUX COMMUNICATION
271357,32,fibra digital Telecom
207991,32,ACHON LLC
141916,32,Bantani Media Utama
268251,32,STARFIBER INTERNET
55406,32,HRC Technologies
49335,32,Josef Nopp GmbH
43843,32,BrianTel
397142,32,City of Fort Collins
271700,32,STEC GUAIBA
61828,32,Netwise
139759,32,FSMTC - AS139759
203712,32,XARTIC
267242,32,AMAZONIA TELECOMUNICACOES
268738,32,ASN268738
43478,32,JSC 'ER-Telecom Holding'
36911,32,DIRECT ON PC LTD
17014,32,North Atlantic Networks
49102,32,Connected sp. z o.o.
267480,32,XTREME SOLUÇOES
266011,32,FABLINUXER CONNECT TELECOMUNICAÇÕES
153528,32,ExtentIT Solution Limited
28333,32,Local Datacenter Solues em Comunicao Ltda
138345,32,StarHub Ltd
263516,32,Plis Inteligência em Tecnologia Ltda.
12447,32,Ernst Klingler Kabelfernsehen Gmbh
49466,32,KLAYER EU
210303,32,Hamburg Port Authority AoeR
269777,32,GRUPO LUMA SAS
27688,32,Novanet da Barra Ass e Inf
203728,32,BAHU LTD
138823,32,Trimitra Usaha Sejahtera
139409,32,JERNIH MULTI KOMUNIKASI
20257,32,Farmers Telephone Cooperative
42511,32,Connect LLC
264477,32,FLIX TELECOM
52651,32,DeltaAtiva Telecomunicacoes
138317,32,Gaurav Communication
51738,32,Masaltsev Denis Leonidovich
26831,32,Cameron Communications
24689,32,Rosintel
271705,32,MEGA VIRTUA SERVICOS DE INTERNET LTDA
264318,32,WM TELECOM BOCAIUVA LTDA. - ME
265634,32,JR Intercom
28531,32,Mexico Red de Telecomunicaciones S. de R.L. de C.V.
132780,32,Indian Institute of Technology Delhi
25607,32,IBW Communications
50043,32,Myren Consult
264796,32,CABLEMAS
329014,32,Vilcom Networks Limited
34462,32,DITEC a.s.
266987,32,Web - Link Telecomunicações e Engenharia
42669,32,MegaWeb
140201,32,Rtel Internet Services
50431,32,SOT Security and Observation Technologies EOOD
43435,32,INSITE Sp. z o.o.
197620,32,ezbit
59281,32,Sumber Koneksi Indonesia
63731,32,TIEN PHAT TECHNOLOGY CORPORATION
208764,32,FRANZ NET d.o.o.
9245,32,Compass Communications Ltd
137048,32,X-Link Limited
58945,32,Virgo Communication
60973,32,ZUPO D.O.O.
16290,32,TARMAN
201748,32,INFOTELECOM NETWORKS SL
206054,32,TowerStream LLC
39069,32,Comunidad Autonoma de la Region de Murcia
52110,32,IPC ROMAN ROMANOWSKI
59545,32,Vertixo B.V
266467,32,Guimaraes E Venâncio Telecomunicações Ltda-ME
51214,32,Vikscom Ltd.
136744,32,DREAM POWER TECHNOLOGY LIMITED
267593,32,B.B.S COMUNICAÇÕES
150562,32,NRH TELECOM PRIVATE LIMITED
141493,32,Tln Communication
140766,32,FPT Telecom Company
262751,32,TERRA FIBER TELECOM LTDA-ME
268621,32,KEEPNET TELECOMUNICAÇÕES LTDA ME
264129,32,Flip Networks
149949,32,Universitas Mulawarman
151707,32,Ethen Teleinfra Private Limited
61844,32,Vero Internet AS61844
271550,32,FIBRANET TELECOM EIRELI
264832,32,FIBERNEXT
1237,32,KREONET
48434,32,Tebyan-e-Noor Cultural-Artistic Institute
21096,32,The State Cyber Protection Center of the State Service of Special Communication and Information Protection of Ukraine
131921,32,GMO CLOUD
51158,32,Mobile Trend Ltd
137884,32,GNS-AS-AP
263641,32,TCF Telecom
264838,32,Inversiones MYJ
262664,32,Gigaline Internet
271413,32,CASTRO TELECOM
35586,32,VOM
137107,32,JTM Internet Pvt Ltd
203667,32,ZIPnet
47530,32,Novokuznetsk Telecom Ltd
328619,32,Abraj Libya Co
139325,32,IQ-TEL
262661,32,Linknet
49596,32,Fara Negar Pardaz Noor Khuzestan Co.JSP
52927,32,IBI TELECOM  AS52927
60931,32,LAN-Service Ltd.
51947,32,GeCom
207236,32,Widenet Internet Szolgaltato Kft.
43175,32,LUX.NET LLC
204408,32,Heneralov Yevhenii
135839,32,Optical Broadband
132547,32,Sajag Prahari Foundation
138292,32,Galaxy Digitech India Private Limited
264897,32,SKYMAX TELECOMUNICAÇÕES
27787,32,LOS AMORES
152373,32,Anugerah Media Data Nusantara PT
196786,32,IP Yashutkin Andrei Vladimirovich
262814,32,ALGAR TECNOLOGIA E CONSULTORIA SA
270315,32,TECHNET DE IPIRA LTDA ME
264844,32,INVERSIONES FRITZ 78 C.A.(WIFI SOLUTION)
28103,32,TEISA
53959,32,Public Service Data Inc.
39027,32,BATYEVKA LTD
208332,32,hosting2go
44885,32,Ello communications S.A.
52976,32,Datacast Teleinformatica Ltda
44834,32,Pozitiv Telecom Ltd.
135822,32,Ovi Hosting Pvt Ltd
8867,31,Government ICT Authority - Israel
42770,31,Kar-Tel LLC
198008,31,Regeringskansliet
205879,31,EKO-LINE Sp. z o.o.
5588,31,T-Mobile CZ AS5588
33868,31,INEA sp. z o.o.
43769,31,Eurolan Sp. zoo
203101,31,NAVARINO-POP
201577,31,Monsternett AS
42593,31,KONCAR - Sistemske integracije d.o.o.
60624,31,MyNET Sp. z o.o.
265401,31,INFOSYSTEM TELECOMUNICACOES E INFORMATICA EIRELLI
271204,31,STREET RECIFE SERVICO DE COMUNICACAO LTDA
268564,31,DEIK DE BARROS FERNANDES
147277,31,C FIBER COMMUNICATIONS
41305,31,UkrNet Fastiv
139351,31,AERO COMMUNICATIONS BROADBAND
328053,31,Sterling Bank Plc
263580,31,Everest Soluções em Telecomunicações Ltda
136065,31,SOLUSI TRIMEGAH PERSADA
48275,31,Republican Unitary Enterprise 'Abkhazsvyaz'
134022,31,Genstar Network Solutions
272162,31,Fibra Minas
270705,31,WILNET
135208,31,Megahertz Internet Network
327849,31,RocketNet
215370,31,Wasabi Hosting
150253,31,PT. FINS MEDIATECHNO NUSANTARA
36103,31,CentraCom
200114,31,JON.CZ s.r.o.
206487,31,NEXVOLMAR S.L.
48737,31,DoraTelekom
202678,31,
264866,31,Jurandir Vieira da Silva e CIA EIRELI
139863,31,VIP.com
61577,31,AMAZONTEL TELECOMUNICACOES
269266,31,FIBER LINK NETWORK TECNOLOGIA EM COMUNICACOES
262539,31,DUNET
263139,31,Dataware Telecomunicações
35588,31,Telecompany LiS LTD
265430,31,JDA Net - SKYNET Teleinformatica
134887,31,ARISTO TELENET PRIVATE LIMITED
43646,31,TDF SASU
271152,31,BRUNO SAVI GONCALVES
207228,31,Uplink Ltd.
268887,31,Davilsonnet
265043,31,GPP SOLUCOES EM INFORMATICA
262690,31,Netwave Telecomunicações Ltda.
28342,31,IMICRO PROVEDORES DE INTERNET LTDA
42478,31,'Yug-Link' Ltd.
139515,31,ZITA
135808,31,Fiberzone Communications
135257,31,DL GTPL Broadband
141522,31,Byte Technologies
58963,31,Infonet online solutions
271478,31,Interlink Soluções em Telecomunicações
37563,31,SOMTEL INTERNATIONAL
140045,31,MultiCity Broad Band
142347,31,JAGONET
48233,31,Netroniks EOOD
267552,31,Turbo Net Telecom LtdaME
262566,31,Link Sete Servicos de Internet e Redes
31234,31,KRAM Ltd
135371,31,Fortune International Ltd.
264229,31,GLOBAL FLASH TELECOM E TECNOLOGIA LTDA - ME
264069,31,Conecttiva Telecom
265862,31,BM SOLUCIONES
265315,31,BINDNET
202862,31,ADEO SERVICES
141368,31,ICT
135239,31,Sonali Internet Services
268238,31,Clicknet Telecom. Provedor de Internet LTDA
206478,31,LILIFE
200602,31,GBN.PL Sp. z o.o.
202074,31,Link Telecomunicazioni SRL
30923,31,Mlodziezowa Spoldzielnia Mieszkaniowa
25386,31,Inter-Telecom LLC
62007,31,MavianMax srl
327950,31,Izwi Technology Group
212559,31,LUMIA NETWORK
38095,31,SK Broadband Co Ltd
137404,31,Kabankalan Community Antenna Television System
268207,31,RVT SERVICOS DE TELECOMUNICAÇÕES
141844,31,DEMOTIC TECHNOLOGIES PRIVATE LIMITED
134709,31,ULTIMATE COMMUNICATION SOLUTIONS PTY. LTD.
46392,31,Grant County Powernet Inc.
141105,31,DR NETWORK
50124,31,EASIO-COM
271965,31,ORBITEK
53363,31,TANGRAM CANADA INC.
47513,31,ISP Skyline
267120,31,BR NET
269231,31,BIOS NETWORKS TELECOMUNICAÇÕES
23031,31,TELECU AS23031
263057,31,CLH SERVIÇOS DE COMUNICAÇÃO E MULTIMÍDIA  DE INTERNET  LTDA. ME.
53225,31,IPGLOBE
394625,31,WhiteLabel IT Solutions
50331,31,CITYNET Sp.z o.o.
56410,31,Host Ireland
28125,31,Elo.Net Tecnologia Ltda
53230,31,Clean Net Telecom
13692,31,Douglas Fast Net
204865,31,Shabakieh Isfahan Co PJSC
264800,31,TECHTRON ARGENTINA
270271,31,High Speed Provedor de Internet Ltda
268803,31,JRB TELECOM LTDA
201135,31,Dream Net Ltd
42925,31,Internet Rimon
43019,31,Farahnet
204342,31,vestra ICT
25853,31,Ellijay Telephone Company
268056,31,LEXCOM TELECOM
138876,31,Saranaindo
48758,31,Fibrenet Ltd
267801,31,MUNICIPALIDAD DE SAN SALVADOR DE JUJUY
132960,31,M-Net Fiber Fast
25381,31,LLC 'Svyaztranzit'
202279,31,STATE UNITARY ENTERPRISE OF THE DONETSK PEOPLE'S REPUBLIC 'REPUBLICAN TELECOMMUNICATIONS OPERATOR'
263649,31,BrPhonia Provedor IP
198878,31,Universidad de Navarra
8896,31,GlobalConnect AS8896
149214,31,OM SHIV SAI INTERNET
269464,31,NET FIBRA MAIS LTDA
269783,31,WIND NET
199583,31,Municipal Government Institution of Krasnodar city Municipal formation 'Electronic Krasnodar'
269514,31,J D ARAUJO ME
266915,31,QUALITY TELECOMUNICAÇÃO
24877,31,UAB INIT Kns
205624,31,Telecomunicaciones Publicas Andaluzas S.L. AIRENETWORK
200918,31,ORELSOFT
204581,31,MOVIMIENTO TELEVISIVO S.A.
52318,31,Agencia de Sistemas de Informacion Gobierno de la Ciudad Autónoma de Buenos Aires
271562,31,WT NET COMUNICACAO
140770,31,Digilife Vietnam Digital Services Company Limited
20904,31,Cinia Oy
141959,31,Arta Flash Sintesa
138730,31,Sns Internet Services
17716,31,National Taiwan University
61882,31,VILAVNET SOLUCOES EM INFORMATICA
269919,31,HONDUVISION SRL
38158,31,CBN Networks
44259,31,ULTAHOST-AP-AS
150766,31,CoCoDigit Ltd
136727,31,Jimat Technology Solution
41111,31,FAST GEO HOSTING S.R.L.
142588,31,SharonAI AU
149545,31,Hosting Home
49485,31,High Availability Hosting
49776,30,Gorset LLC
61998,30,SzerverPlex.hu Kft.
1724,30,Renater
41635,30,LIVEHOSTING DATACENTER SRL
8819,30,Metro Internet
56628,30,STORMmedia
35223,30,Hoi Internet
39455,30,Jiri Tlapak
204731,30,fibrenest
44628,30,UAProstir Ltd.
271254,30,ME TELECOM SERVIÇOS DE INTERNET LTDA
132137,30,Shree Omkar Infocom Pvt. Ltd.
52727,30,IMNET Telecomunicacoes Ltda
267541,30,BRASILNET
56541,30,KOMETA LLC
268940,30,ASN268940
48775,30,Nashnet Rivne LLC
267641,30,DKTelecom
28530,30,Mexico Red de Telecomunicaciones S. de R.L. de C.V.
270485,30,ICARO RAFAEL MENDES CAMPOS
265065,30,Ribernet Comunicaes Ltda
268355,30,Turbonet Minas
136671,30,Osbnet Broadband
48725,30,Agrosvyaz-M Ltd
52950,30,Fund. de Apoio a Pesq. C&T do Est. de SC - FAPESC
211407,30,PT Perwira Media Solusi
53048,30,CTE Telecom
1140,30,SIDN - Stichting Internet Domeinregistratie Nederland
57761,30,Speedway General Trading Information Technology and Internet Communications Co. Ltd.
35728,30,MTS PJSC
267162,30,LINKNET Telecom
11835,30,NOVAFIBRA
206347,30,Wessex Internet
52781,30,Pertec Servicos de Telecomunicacoes
264495,30,MUNICÍPIO DE BOA VISTA
401415,30,Alliance Communications
151183,30,Modern Communication
268307,30,GILBERTO MORALES INFORMATICA-ME
48803,30,Mediateknik i Varberg AB
263514,30,Link Web
136395,30,Mahfujul Haque t/a Expert Online
215633,30,AbrBaranIDC.NET
133495,30,Vision Telecom
41327,30,Fiber Telecom (FT)
53831,30,SQUARESPACE
328170,30,DataKeepers
265330,30,Ponto a Ponto Telecom do Brasil
208286,30,Max tv SH. P. K
52268,30,COPELCO Ltda
149649,30,Speed Touch Network and Technology
271380,30,GLOBAL CONECTA TELECOM EIRELI
6471,30,entel Chile Servicios Fijos
43761,30,SvyazService Ltd
266623,30,Pedro F Arruda Junior
131923,30,MCAT Ltd.
270143,30,Maysnet SA de CV
271206,30,Ch Informatica Ltda
264646,30,DOBLECLICK SOFTWARE E INGENERIA
267024,30,UltranetRS
44882,30,Vsevnet
47684,30,Stroytechservice LLC
208734,30,ELSA-TECH
267034,30,OPEN IT SOLUTIONS
17480,30,Can'l
199952,30,Television Costa Blanca S.L.
269425,30,RN TELECOMUNICACOES
267625,30,LD PRODUTOS DE INFORMATICA
18260,30,EHIME CATV CO.LTD.
50257,30,A-Mobile
39039,30,Stansat
206591,30,Alza.cz a.s.
32708,30,Root Networks
205922,30,Bitrek LLC
203261,30,ASCOR
23959,30,Owl Japan
1704,30,Korea Advanced Institute of Science and Technology
6233,30,xTom San Jose
49767,30,O2 Czech Republic a.s.
213094,30,Full Fibre Ltd
142421,30,SKIF Enterprises Private Limited SKIF Enterprises Private Limited
142120,30,McSOL
34288,30,Kantonsschule Zug
152615,30,Chummy Technology
60458,30,Xtudio Networks S.L.U
50005,30,
41985,30,Stargroup
266224,30,INTERNET ULTRA
9142,30,Internexus Networks Limited
206448,30,LLC 'SouthTransTelecom'
268916,30,Inffotreini Provedores e Informatica
56797,30,FOP Ruban Nataliya
39529,30,Osipenko Alexander Nikolaevich
36236,30,NetActuate
202080,30,G net Sh.p.k
139646,30,HONG KONG Megalayer Technology Co.
328614,30,Eden Technologies
52704,30,SPEEDING TELECOM
61307,30,AS STV
30784,30,Iskratelecom
52539,30,SBS-NET TELECOMUNICACOES
211250,30,TELECOM TRADE LLC
264270,30,NETCOL
203709,30,
29363,30,OOO 'RUS'
57055,30,Matrix
3190,30,3-S-IT Dienstleistungen GmbH
40029,30,Novus Entertainment Inc.
51997,30,LLP Asket
142373,30,Multi Network Indonesia
42201,30,PVDataNet AB
262470,30,Pontenet Teleinformática
329165,30,Wild Peach Trading 52 (PTY) LTD
43495,30,eDial
19978,30,Cirion - VE
43273,30,Optik Line LLC
269950,30,CABLE VISION E. GONZALEZ S.R.L.
41794,30,Sibirskie Seti Ltd.
205582,30,LKG Lausitzer Kabelbetriebsgesellschaft mbH
57111,30,Altitud Italia S.r.l.
57216,30,Oesterreichisches Rotes Kreuz Landesverband Steiermark
60168,30,Net Service BG Ltd
37614,30,STOI Internet
45786,30,Hawk Teknologi Solusi
137235,30,MOBILE SALES & DISTRIBUTION (PVT.) LIMITED
27648,30,TELECOMUNICACIONES BANTEL C.A.
134034,30,BUDANTA NETWORKS PRIVATE LIMITED
154026,30,AS SAI COMMUNICATION SERVICES PRIVATE LIMITED
265116,30,NEW WAVE NET
135189,30,I connect broadband support and services
139604,30,Arrow Net
25373,30,Slovakian National Agency for Network and Electronic Services
36100,30,MTC Broadband Inc.
134502,30,Victorians Online
271532,30,TURBONET SERVIÇOS DE COMUNICAÇAO EIRELI
262728,30,ELETRODATA
209687,30,Igra-Service LLC
135917,30,Cong ty TNHH Web Panda
52441,30,SONDA - DC Quiliicura
268635,30,FIBER UP TELECOM EIRELI
134612,30,Atria Teknologi Indonesia
28160,30,MEGALINK
202204,30,Trollfjord Bredband AS
52610,30,Adyl Telecom - AS52610
201625,30,United Networks SE
60550,30,DeepL SE
270706,30,LAN TELECOM INTERNET BANDA LARGA
264547,30,DATAZOOM TELECOM
147315,30,Zero Time Networks
35366,30,ISPpro Internet KG
207350,30,
8448,30,CETIN Hungary Plc.
147186,30,VCCL Cloud Private Limited
17055,30,University of Utah
270833,30,DMS COMUNICACAO
45113,30,Shanxi Datong Coal Group Communication Co. Ltd
270962,30,NETICO TELECOMUNICAÇÃO LTDA
135682,30,Advika Web Developments Hosting Pvt Ltd
4150,29,SupraNet Communications
17670,29,MNC Kabel Mediacom
394972,29,Valley Electric Association
54115,29,Facebook Inc
50399,29,Open Line Managed Services N.V.
8364,29,POZMAN COM
62463,29,Sundsvalls kommun
216451,29,Daten- und Telekommunikations GmbH Dessau
50903,29,TRINAPS
12778,29,MEGA M d.o.o.
29608,29,OVEA
39405,29,Eurofiber France - FullSave
15456,29,InterNetX
36375,29,UMICH-AS-5
60534,29,Laguna sp. z o.o.
47898,29,PAN-Telecom
55847,29,NKN EDGE Network
40945,29,Digicel Dominica
142504,29,SVN GIGAFIBER PRIVATE LIMITED
264983,29,Conecta Soluções
264921,29,LASER PROVEDOR DE INTERNET LTDA - ME
266951,29,REDE CONECTA TELECOM
61794,29,Brasil TecPar (TW)
134773,29,CHINANET Guangdong province Guangzhou MAN network
269944,29,CONNECTA TELECOMUNICACIONES
270905,29,Faiser Telecomunicações
140389,29,Dewa Bisnis Digital
19994,29,Rackspace Hosting
50439,29,City Telephone Network Ltd.
265903,29,DENIS ALVES GONTIJO - ME
44081,29,YUL PRO SRL
207044,29,Enet Telecommunications Networks Limited
137517,29,FLAMEHOSTING INC
41496,29,TV SAT 2002
268456,29,UNIWEB INTERNET
147185,29,INFYNIX DATA SERVICES
48089,29,Infanet Ltd.
266187,29,LUIZ ANTONIO MARTINS RAMOS JUNIOR 38443782862
214238,29,HOST TELECOM LTD
264010,29,Polli Telecom
265390,29,Topnet Telecom Serviços LTDA ME
264856,29,Support Internet
267263,29,Viva Telecom AS267263
56600,29,ASCYBERLAN
135589,29,Internet Maekhong Network
266710,29,Gimenez Pedro Santiago (Clorindaconectada)
269870,29,Giza
269030,29,TOPSAPP SOLUCOES EM TELECOMUNICACOES E REDES AVANC
267353,29,Porto Franco TI
266382,29,Mais Provedor Serviços de Internet
395846,29,Direct Communications Rockland Inc
43110,29,Joint Ukrainian-American enterprise Ewropol with legal form Ltd
42973,29,Metronet UK Ltd
52898,29,Multipla Serviços Inteligentes
4226,29,SUMOFIBER
60405,29,Radeon Service S.R.L.
327892,29,Bethnet
204634,29,TOV 'Onet-Group'
198265,29,I-NET !
268470,29,CONECTAR TELECOM BANDA LARGA LTDA
262952,29,AiRLiFE COMUNICACAO VIRTUAL
26130,29,Liptinfor Niger
37529,29,Gestor de Infraestructuras de Telecomunicaciones de Guinea Ecuatorial
264732,29,NETLATIN
152363,29,PT Delapan Broadband Intermedia
262346,29,FP Telecomunicacoes LTDA
204108,29,S.U.E. DPR Republic Operator of Networks
264054,29,FALCON COMUNICAÇÕES E INFORMATICA
267344,29,PLANOWEB NETWORK LINKNET
137370,29,Mediatara
134899,29,Cityzone Infonet Pvt. Ltd.
42425,29,PSA
137163,29,QUALITY Broadband
266102,29,Net Speed BA
207481,29,Wurth IT GmbH
52687,29,Leni gomes Oberleander
208670,29,BitComp s.r.o.
41959,29,PLJ TELECOM
206091,29,Planet Digital Lichtwellenleiternetz Errichtungs- und Betrieb GmbH & Co KG
270642,29,ASN270642
49787,29,STRONG-PC Tomasz Piekarski
134614,29,Universitas Hasanuddin
48124,29,MTS PJSC
199290,29,MOWITEL
262878,29,APN Networks
59533,29,LUKYANOVA-AS
51032,29,Nevod-Region
207114,29,Skynet Plus LLC
270375,29,CONNECT TELECOM LTDA
268390,29,ALISSON HENRIQUE DUARTE SERVICOS
198128,29,Connecting Project
31037,29,Wave Net
52925,29,Ascenty DataCenters e Telecom
265662,29,TLINK SpA
268995,29,JINETON FERREIRA DE SOUZA EIRELI-ME
268755,29,Stok Info Telecom Ltda-me
49759,29,SerDi TeleCom LTD
53238,29,Chapecó tecnologia em telecomunicação ltda
272090,29,ALDERETE RIVAS JORDAN TOMAS SEBASTIAN (COMUNICATE INTERNET)
263582,29,PONTO SAT CONECT
263145,29,GRUPO MEGA FLASH SERVICOS E COM
200635,29,pragmatel s.r.o.
401312,29,Gray Media Inc.
209860,29,My Net Michal Bronczkowski
61824,29,Top Serviços de Telecomunicações Ltda
265140,29,DUPONT & SCHWANKE
268829,29,JARAGUA TECNOLOGIA EM TELECOMUNICACOES
201249,29,IPRO Sh.p.k.
43791,29,STN SARL
266200,29,EX2NET TELECOMUNICAÇOES - LTDA
140228,29,Red Data (Pvt.) Limited
268286,29,TECH PIGNATON TELECOM
141073,29,Juragan Wifi Indonesia
207146,29,Netikom
199570,29,fluctus GmbH
56962,29,RHS
140594,29,New Pakistan Cable Network
149672,29,PT Aktech Digital Solutions
267657,29,PROVETECH SOLUCAO EM INTERNET LTDA ME
216169,29,
272864,29,CIDATA
263519,29,Minas Nova Telecom LTDA
39328,29,Sisnet
213843,29,Koara International Limited
327907,29,Session Telecoms(PTY)
52354,29,Atlantica Video Cable
44572,29,LTD ParmaTel
9689,29,SK Broadband Co Ltd
264723,29,Gow Internet
213772,29,BK Customers
201877,29,NETandWORK
53236,29,ACESSO INTERNET FIBRA- JF Solucoes Informatica
38710,29,Worldcall Broadband
264754,29,SwissNet S.R.L
263396,29,BK Telecomunicações
18624,29,Greenlight
56747,29,Nelson Services s.r.o.
266188,29,bipNET Internet Banda Larga
328817,29,CITY CHANNELS CABLE NETWORK ZAMBIA LIMITED
270876,29,INNON
211028,29,Spetsavtomatikaservice
262868,29,ITNET
264103,29,Pinheiro NET
47038,29,DMCI Broadband LLC.
42723,29,VEKTORPLUS-AS
53486,29,NRBN
41390,29,SIA SOCKS
132110,29,DMIT Inc
211567,29,Bitwise